"","coord_x","coord_y","labels"
"1",0,16,2
"2",50,102,1
"3",3,43,3
"4",59,19,7
"5",43,9,1
"6",47,13,1
"7",73,43,7
"8",61,97,1
"9",3,117,6
"10",45,115,6
"11",42,28,1
"12",52,42,1
"13",65,83,1
"14",37,19,1
"15",6,64,3
"16",2,118,6
"17",35,79,2
"18",4,108,6
"19",65,91,1
"20",1,23,3
"21",67,59,10
"22",14,118,3
"23",8,110,6
"24",66,70,1
"25",23,113,3
"26",45,67,1
"27",45,19,1
"28",71,105,1
"29",0,92,6
"30",10,48,2
"31",29,15,1
"32",62,54,1
"33",55,55,1
"34",24,62,2
"35",24,26,2
"36",10,106,3
"37",0,112,6
"38",51,27,1
"39",10,52,2
"40",37,15,1
"41",44,94,6
"42",42,96,6
"43",14,88,3
"44",31,115,3
"45",47,69,1
"46",36,106,6
"47",53,79,1
"48",0,122,6
"49",65,87,1
"50",44,56,1
"51",53,101,1
"52",21,111,3
"53",16,24,2
"54",13,69,3
"55",49,17,1
"56",33,51,2
"57",26,0,4
"58",2,54,3
"59",34,58,2
"60",32,4,1
"61",14,86,3
"62",26,94,2
"63",35,115,6
"64",55,31,5
"65",5,19,2
"66",15,119,3
"67",6,90,3
"68",47,33,1
"69",28,42,2
"70",61,37,5
"71",29,25,1
"72",51,93,1
"73",9,65,3
"74",45,21,1
"75",6,34,2
"76",59,31,5
"77",15,67,2
"78",29,31,1
"79",49,113,6
"80",75,83,1
"81",27,99,2
"82",17,113,3
"83",3,17,2
"84",64,52,5
"85",36,24,1
"86",6,92,3
"87",14,30,2
"88",15,39,2
"89",67,43,7
"90",57,113,1
"91",5,125,2
"92",40,96,6
"93",8,70,3
"94",24,70,2
"95",46,92,6
"96",12,64,3
"97",0,80,3
"98",62,82,1
"99",36,118,6
"100",54,68,1
"101",16,92,3
"102",53,73,1
"103",15,53,2
"104",24,76,2
"105",20,104,3
"106",8,22,2
"107",67,53,5
"108",23,65,2
"109",54,94,1
"110",50,92,1
"111",47,39,1
"112",48,42,1
"113",1,41,3
"114",24,40,2
"115",9,83,3
"116",36,74,2
"117",22,10,4
"118",47,113,6
"119",4,48,3
"120",55,61,1
"121",38,44,1
"122",60,92,1
"123",12,92,3
"124",4,12,2
"125",11,27,2
"126",35,93,6
"127",53,41,1
"128",9,111,6
"129",16,66,2
"130",20,66,2
"131",3,89,3
"132",7,49,3
"133",18,18,2
"134",29,27,1
"135",14,20,2
"136",31,7,1
"137",5,49,3
"138",22,124,3
"139",20,126,3
"140",13,25,2
"141",68,114,1
"142",60,54,1
"143",5,27,2
"144",1,95,6
"145",36,68,2
"146",27,27,1
"147",35,77,2
"148",39,29,1
"149",36,80,2
"150",59,109,1
"151",59,39,5
"152",26,90,2
"153",59,73,1
"154",53,69,1
"155",49,107,6
"156",19,125,3
"157",67,73,1
"158",12,126,2
"159",9,97,3
"160",57,35,1
"161",50,68,1
"162",35,73,2
"163",57,81,1
"164",3,57,3
"165",28,48,2
"166",39,109,6
"167",27,87,2
"168",42,118,6
"169",24,38,2
"170",30,46,2
"171",26,92,2
"172",60,26,10
"173",25,81,2
"174",44,92,6
"175",0,40,3
"176",19,47,2
"177",33,31,1
"178",45,101,6
"179",21,125,3
"180",39,3,4
"181",41,25,1
"182",62,48,1
"183",28,10,1
"184",44,104,6
"185",49,27,1
"186",69,37,7
"187",52,80,1
"188",57,85,1
"189",18,104,3
"190",46,34,1
"191",66,106,1
"192",5,61,3
"193",68,70,1
"194",36,30,1
"195",52,38,1
"196",5,71,3
"197",23,19,2
"198",67,37,7
"199",74,100,1
"200",52,46,1
"201",48,86,1
"202",7,111,6
"203",19,111,3
"204",57,57,1
"205",25,7,4
"206",8,42,2
"207",49,109,6
"208",27,101,2
"209",36,22,1
"210",5,23,2
"211",69,33,5
"212",54,98,1
"213",13,47,2
"214",8,26,2
"215",76,80,1
"216",39,79,2
"217",42,114,6
"218",8,60,3
"219",71,109,1
"220",67,83,1
"221",52,16,10
"222",26,110,3
"223",38,10,1
"224",32,92,2
"225",51,15,10
"226",4,94,6
"227",48,30,1
"228",44,78,2
"229",23,47,2
"230",15,21,2
"231",23,93,3
"232",25,101,3
"233",25,59,2
"234",19,97,3
"235",3,123,6
"236",30,16,1
"237",19,35,2
"238",55,27,5
"239",66,32,7
"240",75,81,1
"241",68,108,1
"242",40,50,1
"243",58,66,1
"244",10,8,2
"245",51,63,1
"246",75,89,1
"247",23,91,3
"248",3,13,2
"249",66,58,5
"250",66,76,1
"251",49,63,1
"252",45,83,1
"253",64,102,1
"254",65,119,1
"255",13,91,3
"256",11,67,3
"257",0,78,3
"258",46,4,4
"259",63,97,1
"260",50,82,1
"261",44,84,2
"262",7,103,3
"263",32,72,2
"264",22,30,2
"265",30,26,1
"266",37,1,4
"267",49,75,1
"268",29,37,1
"269",61,87,1
"270",4,106,6
"271",44,76,2
"272",42,20,1
"273",36,32,1
"274",2,62,3
"275",57,31,5
"276",8,112,6
"277",51,97,1
"278",31,9,1
"279",28,82,2
"280",24,56,2
"281",14,124,2
"282",44,90,6
"283",14,64,2
"284",8,8,2
"285",73,67,1
"286",31,117,3
"287",24,50,2
"288",19,39,2
"289",0,126,2
"290",15,5,4
"291",25,43,2
"292",41,111,6
"293",31,71,2
"294",7,71,3
"295",27,71,2
"296",58,110,1
"297",17,17,2
"298",52,48,1
"299",59,115,1
"300",52,24,5
"301",7,57,3
"302",10,58,3
"303",59,99,1
"304",10,80,3
"305",69,95,1
"306",53,87,1
"307",51,39,1
"308",38,0,4
"309",46,14,1
"310",19,119,3
"311",0,116,6
"312",21,63,2
"313",32,12,1
"314",55,57,1
"315",42,102,6
"316",42,62,1
"317",41,37,1
"318",45,81,1
"319",9,75,3
"320",4,74,3
"321",40,104,6
"322",8,14,2
"323",51,61,1
"324",73,99,1
"325",17,115,3
"326",3,67,3
"327",20,110,3
"328",65,97,1
"329",53,49,1
"330",17,49,2
"331",70,106,1
"332",56,78,1
"333",7,81,3
"334",30,54,2
"335",75,79,1
"336",41,107,6
"337",23,121,8
"338",48,76,1
"339",10,6,2
"340",38,4,4
"341",4,72,3
"342",3,55,3
"343",9,103,3
"344",48,94,1
"345",38,56,1
"346",44,12,1
"347",42,42,1
"348",13,5,4
"349",30,86,2
"350",25,25,2
"351",37,37,1
"352",60,100,1
"353",61,29,10
"354",69,35,7
"355",57,65,1
"356",38,100,6
"357",42,48,1
"358",68,118,1
"359",58,54,1
"360",12,20,2
"361",56,40,1
"362",69,99,1
"363",48,84,1
"364",21,115,3
"365",13,65,3
"366",16,126,3
"367",6,80,3
"368",9,53,3
"369",61,67,1
"370",28,66,2
"371",71,79,1
"372",60,118,1
"373",36,92,6
"374",51,79,1
"375",44,106,6
"376",46,98,6
"377",4,100,6
"378",61,39,5
"379",5,65,3
"380",50,30,1
"381",32,30,1
"382",41,113,6
"383",68,58,10
"384",55,107,1
"385",34,112,6
"386",46,18,1
"387",0,66,3
"388",32,24,1
"389",71,93,1
"390",64,34,7
"391",8,34,2
"392",9,81,3
"393",50,18,1
"394",28,104,3
"395",22,80,2
"396",33,1,4
"397",25,63,2
"398",36,102,6
"399",37,43,1
"400",10,70,3
"401",63,47,5
"402",25,109,3
"403",5,111,6
"404",56,102,1
"405",33,61,2
"406",75,71,1
"407",17,73,3
"408",72,102,1
"409",3,71,3
"410",43,71,1
"411",49,59,1
"412",41,31,1
"413",34,62,2
"414",29,5,1
"415",0,124,2
"416",28,100,2
"417",39,13,1
"418",3,81,3
"419",73,101,1
"420",15,27,2
"421",61,75,1
"422",18,108,3
"423",57,79,1
"424",52,60,1
"425",53,55,1
"426",49,77,1
"427",5,31,2
"428",47,25,1
"429",24,118,3
"430",15,9,4
"431",71,97,1
"432",10,66,3
"433",70,32,5
"434",33,67,2
"435",70,72,1
"436",41,97,6
"437",0,62,3
"438",44,6,4
"439",17,63,2
"440",2,78,3
"441",41,69,2
"442",39,39,1
"443",19,13,4
"444",8,54,3
"445",33,113,6
"446",60,44,5
"447",65,95,1
"448",14,68,3
"449",11,127,2
"450",8,98,3
"451",71,49,7
"452",25,41,2
"453",60,56,1
"454",50,104,1
"455",13,105,3
"456",38,108,6
"457",13,1,4
"458",53,113,1
"459",14,74,3
"460",59,41,5
"461",7,33,2
"462",60,86,1
"463",25,69,2
"464",9,43,2
"465",63,29,7
"466",47,17,1
"467",32,104,6
"468",21,123,3
"469",57,69,1
"470",48,70,1
"471",70,90,1
"472",18,10,4
"473",67,111,1
"474",42,126,6
"475",49,23,1
"476",36,78,2
"477",27,1,4
"478",42,78,2
"479",8,84,3
"480",69,97,1
"481",36,70,2
"482",57,93,1
"483",47,83,1
"484",4,80,3
"485",68,30,5
"486",16,70,2
"487",37,119,6
"488",10,126,2
"489",30,78,2
"490",27,39,2
"491",10,36,2
"492",33,55,2
"493",30,64,2
"494",13,31,2
"495",3,59,3
"496",11,95,3
"497",58,78,1
"498",14,32,2
"499",36,90,6
"500",0,32,3
"501",38,52,1
"502",46,90,6
"503",51,81,1
"504",61,85,1
"505",0,120,6
"506",27,75,2
"507",42,72,2
"508",4,56,3
"509",29,49,2
"510",44,10,1
"511",52,108,1
"512",32,106,6
"513",28,62,2
"514",39,11,1
"515",53,115,1
"516",27,73,2
"517",74,96,1
"518",38,88,8
"519",52,14,10
"520",42,44,1
"521",64,78,1
"522",48,28,1
"523",37,11,1
"524",75,99,1
"525",12,108,3
"526",32,98,6
"527",17,23,2
"528",22,12,4
"529",7,47,3
"530",22,28,2
"531",49,65,1
"532",26,56,2
"533",51,111,1
"534",41,17,1
"535",49,97,1
"536",53,33,1
"537",1,79,3
"538",8,102,3
"539",28,46,2
"540",63,45,5
"541",68,34,7
"542",26,88,2
"543",58,34,1
"544",40,18,1
"545",29,19,1
"546",58,112,1
"547",19,127,3
"548",16,64,2
"549",24,28,2
"550",10,16,2
"551",51,101,1
"552",7,119,6
"553",3,51,3
"554",48,106,6
"555",1,125,2
"556",6,98,3
"557",11,125,2
"558",32,44,2
"559",64,110,1
"560",16,118,3
"561",40,38,1
"562",15,35,2
"563",46,82,1
"564",64,72,1
"565",21,97,3
"566",29,75,2
"567",21,55,2
"568",14,98,3
"569",34,106,6
"570",58,24,10
"571",11,7,2
"572",36,54,1
"573",3,111,6
"574",53,13,10
"575",60,72,1
"576",41,93,6
"577",56,20,5
"578",27,65,2
"579",34,20,1
"580",53,81,1
"581",31,35,1
"582",64,68,1
"583",56,58,1
"584",74,84,1
"585",51,95,1
"586",53,19,5
"587",22,52,2
"588",67,105,1
"589",64,58,1
"590",63,89,1
"591",23,81,2
"592",71,65,7
"593",42,26,1
"594",68,54,5
"595",64,26,7
"596",61,49,1
"597",15,65,2
"598",17,103,3
"599",57,117,1
"600",37,3,4
"601",11,1,4
"602",50,22,1
"603",50,14,10
"604",21,15,4
"605",51,37,1
"606",17,59,2
"607",25,55,2
"608",64,108,1
"609",57,55,1
"610",24,92,3
"611",8,96,3
"612",62,62,1
"613",50,12,10
"614",13,37,2
"615",66,66,1
"616",0,90,6
"617",18,116,3
"618",8,24,2
"619",3,25,2
"620",6,36,2
"621",45,71,1
"622",2,92,6
"623",61,33,10
"624",64,86,1
"625",21,99,3
"626",16,74,3
"627",57,109,1
"628",52,86,1
"629",16,124,3
"630",38,76,2
"631",18,88,3
"632",39,107,6
"633",41,45,1
"634",20,84,3
"635",1,107,6
"636",1,113,6
"637",54,28,1
"638",5,47,3
"639",0,76,3
"640",68,100,1
"641",41,23,1
"642",5,13,2
"643",61,65,1
"644",43,85,2
"645",16,38,2
"646",43,45,1
"647",18,98,3
"648",13,3,4
"649",52,98,1
"650",53,65,1
"651",46,96,6
"652",71,95,1
"653",48,16,1
"654",1,39,3
"655",57,115,1
"656",26,86,2
"657",59,49,1
"658",49,99,1
"659",28,38,1
"660",9,15,2
"661",15,55,2
"662",45,25,1
"663",72,52,5
"664",62,88,1
"665",59,17,5
"666",16,112,3
"667",26,30,2
"668",50,42,1
"669",24,18,2
"670",13,89,3
"671",4,46,3
"672",36,110,6
"673",55,53,1
"674",29,113,3
"675",8,74,3
"676",44,20,1
"677",17,45,2
"678",35,65,2
"679",68,40,7
"680",15,113,3
"681",37,97,6
"682",65,33,7
"683",34,92,6
"684",29,11,1
"685",3,121,6
"686",69,45,7
"687",30,88,2
"688",33,63,2
"689",13,41,2
"690",12,76,3
"691",63,35,7
"692",35,31,1
"693",35,109,6
"694",46,20,1
"695",3,27,2
"696",26,104,3
"697",70,104,1
"698",64,56,1
"699",37,17,1
"700",43,115,6
"701",22,74,2
"702",41,67,1
"703",5,91,3
"704",71,107,1
"705",74,88,1
"706",16,60,2
"707",71,77,1
"708",29,109,3
"709",10,108,3
"710",35,11,1
"711",25,79,2
"712",6,88,3
"713",56,88,1
"714",70,62,10
"715",2,72,3
"716",4,102,6
"717",16,98,3
"718",13,51,2
"719",25,33,2
"720",64,48,5
"721",4,24,2
"722",58,26,5
"723",58,52,1
"724",67,35,7
"725",41,47,1
"726",48,90,1
"727",55,99,1
"728",6,30,2
"729",16,28,2
"730",4,20,2
"731",42,100,6
"732",17,93,3
"733",38,90,6
"734",25,39,2
"735",47,23,1
"736",40,112,6
"737",65,81,1
"738",57,91,1
"739",51,29,1
"740",29,111,3
"741",54,30,1
"742",18,20,2
"743",24,66,2
"744",67,77,1
"745",44,102,6
"746",21,121,3
"747",44,52,1
"748",66,28,7
"749",35,87,2
"750",29,103,2
"751",8,88,3
"752",67,109,1
"753",59,89,1
"754",45,49,1
"755",33,87,2
"756",52,96,1
"757",46,42,1
"758",61,91,1
"759",41,89,6
"760",73,95,1
"761",24,94,3
"762",62,86,1
"763",40,12,1
"764",47,9,10
"765",35,7,1
"766",17,95,3
"767",14,10,4
"768",21,23,2
"769",40,44,1
"770",16,80,3
"771",51,25,1
"772",24,8,4
"773",26,14,4
"774",15,89,3
"775",2,74,3
"776",20,8,11
"777",30,50,2
"778",43,65,1
"779",13,19,2
"780",10,26,2
"781",65,63,1
"782",16,18,2
"783",68,106,1
"784",12,62,3
"785",58,74,1
"786",48,102,1
"787",47,31,1
"788",3,45,3
"789",47,61,1
"790",57,107,1
"791",34,50,1
"792",5,85,3
"793",38,28,1
"794",35,81,2
"795",25,75,2
"796",10,114,6
"797",9,125,2
"798",50,72,1
"799",9,113,6
"800",27,103,3
"801",36,108,6
"802",46,52,1
"803",16,16,2
"804",47,63,1
"805",18,30,2
"806",61,77,1
"807",64,64,1
"808",56,72,1
"809",35,29,1
"810",4,60,3
"811",9,55,3
"812",1,55,3
"813",15,115,3
"814",58,64,1
"815",1,119,6
"816",1,31,3
"817",40,78,2
"818",56,22,5
"819",22,82,2
"820",33,11,1
"821",55,77,1
"822",47,93,1
"823",63,63,1
"824",59,105,1
"825",21,61,2
"826",9,25,2
"827",58,84,1
"828",30,10,1
"829",28,92,2
"830",33,45,2
"831",26,48,2
"832",27,93,2
"833",1,67,3
"834",62,98,1
"835",18,14,4
"836",16,10,4
"837",5,103,6
"838",43,33,1
"839",25,97,3
"840",21,71,2
"841",28,64,2
"842",7,67,3
"843",41,57,1
"844",38,102,6
"845",58,68,1
"846",54,74,1
"847",66,94,1
"848",62,108,1
"849",37,105,6
"850",38,110,6
"851",3,79,3
"852",58,92,1
"853",19,87,3
"854",35,61,2
"855",71,55,5
"856",74,68,1
"857",35,97,6
"858",9,119,6
"859",44,40,1
"860",51,77,1
"861",11,59,3
"862",18,32,2
"863",31,55,2
"864",47,107,6
"865",49,33,1
"866",72,58,1
"867",33,65,2
"868",20,82,3
"869",46,36,1
"870",21,67,2
"871",44,42,1
"872",57,87,1
"873",49,15,1
"874",8,94,3
"875",23,87,2
"876",62,106,1
"877",39,59,1
"878",2,84,3
"879",25,37,2
"880",43,27,1
"881",36,6,1
"882",62,72,1
"883",5,83,3
"884",7,115,6
"885",50,52,1
"886",40,46,1
"887",71,57,5
"888",44,48,1
"889",38,26,1
"890",45,47,1
"891",6,44,3
"892",43,63,1
"893",23,61,2
"894",7,17,2
"895",25,57,2
"896",45,105,6
"897",23,111,3
"898",52,76,1
"899",20,96,3
"900",34,8,1
"901",29,3,1
"902",9,13,2
"903",58,98,1
"904",10,94,3
"905",9,3,9
"906",55,67,1
"907",70,88,1
"908",67,65,10
"909",0,104,6
"910",60,108,1
"911",16,72,3
"912",48,116,6
"913",63,41,5
"914",16,12,2
"915",29,101,2
"916",67,57,10
"917",61,69,1
"918",26,76,2
"919",15,57,2
"920",64,104,1
"921",26,44,2
"922",30,108,3
"923",26,120,3
"924",22,46,2
"925",30,4,1
"926",16,58,2
"927",52,30,1
"928",63,43,5
"929",48,88,1
"930",25,35,2
"931",42,120,6
"932",16,54,2
"933",44,50,1
"934",20,6,8
"935",27,45,2
"936",25,65,2
"937",4,52,3
"938",15,105,3
"939",43,91,6
"940",31,75,2
"941",19,83,3
"942",13,109,3
"943",35,71,2
"944",48,104,6
"945",21,29,2
"946",60,76,1
"947",56,112,1
"948",2,114,6
"949",36,66,2
"950",19,79,3
"951",27,61,2
"952",33,9,1
"953",9,93,3
"954",4,88,3
"955",61,31,10
"956",45,91,6
"957",73,61,1
"958",45,85,2
"959",1,57,3
"960",6,116,6
"961",32,112,6
"962",64,112,1
"963",66,64,1
"964",68,72,1
"965",18,4,4
"966",46,22,1
"967",23,57,2
"968",47,71,1
"969",5,59,3
"970",15,29,2
"971",16,8,4
"972",34,14,1
"973",68,92,1
"974",65,47,5
"975",2,104,6
"976",43,59,1
"977",19,1,4
"978",22,66,2
"979",23,79,2
"980",14,66,2
"981",11,87,3
"982",50,108,1
"983",48,118,6
"984",19,121,3
"985",40,30,1
"986",18,44,2
"987",22,100,3
"988",25,105,3
"989",19,49,2
"990",37,71,2
"991",18,78,3
"992",33,115,6
"993",69,57,5
"994",7,61,3
"995",21,53,2
"996",4,122,6
"997",59,37,5
"998",67,97,1
"999",58,100,1
"1000",56,68,1
"1001",1,111,6
"1002",20,98,3
"1003",1,87,3
"1004",27,25,1
"1005",46,60,1
"1006",61,89,1
"1007",26,24,2
"1008",15,107,3
"1009",23,39,2
"1010",10,24,2
"1011",36,26,1
"1012",14,126,2
"1013",65,107,1
"1014",42,110,6
"1015",11,51,2
"1016",6,86,3
"1017",9,87,3
"1018",31,49,2
"1019",20,114,3
"1020",8,72,3
"1021",12,22,2
"1022",33,99,6
"1023",64,84,1
"1024",51,99,1
"1025",35,43,1
"1026",54,102,1
"1027",12,52,2
"1028",8,114,6
"1029",25,3,4
"1030",72,106,1
"1031",35,103,6
"1032",15,85,3
"1033",71,53,5
"1034",11,109,3
"1035",14,52,2
"1036",30,38,1
"1037",31,111,6
"1038",75,75,1
"1039",14,78,3
"1040",55,35,1
"1041",1,61,3
"1042",53,31,1
"1043",40,84,2
"1044",19,71,2
"1045",36,0,4
"1046",70,70,10
"1047",47,47,1
"1048",30,40,2
"1049",4,78,3
"1050",12,84,3
"1051",11,75,3
"1052",45,111,6
"1053",56,30,5
"1054",5,115,6
"1055",9,11,2
"1056",44,24,1
"1057",0,58,3
"1058",45,53,1
"1059",22,116,3
"1060",13,67,3
"1061",32,120,3
"1062",1,93,6
"1063",0,70,3
"1064",6,12,2
"1065",61,115,1
"1066",11,5,4
"1067",61,103,1
"1068",20,50,2
"1069",18,38,2
"1070",55,113,1
"1071",15,79,3
"1072",4,86,3
"1073",13,119,3
"1074",18,46,2
"1075",10,120,6
"1076",59,55,1
"1077",9,41,2
"1078",7,121,6
"1079",46,74,1
"1080",45,89,6
"1081",32,38,1
"1082",18,66,2
"1083",54,72,1
"1084",40,68,1
"1085",66,100,1
"1086",1,17,2
"1087",34,110,6
"1088",69,53,7
"1089",6,54,3
"1090",40,94,6
"1091",26,74,2
"1092",44,120,6
"1093",40,10,1
"1094",5,105,6
"1095",54,40,1
"1096",8,18,2
"1097",0,100,6
"1098",12,88,3
"1099",14,24,2
"1100",73,57,5
"1101",29,119,3
"1102",54,82,1
"1103",9,91,3
"1104",28,86,2
"1105",6,56,3
"1106",37,115,6
"1107",29,65,2
"1108",37,63,2
"1109",7,13,2
"1110",14,112,3
"1111",42,50,1
"1112",55,103,1
"1113",47,115,6
"1114",25,27,2
"1115",33,89,2
"1116",5,89,3
"1117",10,116,6
"1118",31,59,2
"1119",20,60,2
"1120",57,97,1
"1121",62,60,1
"1122",60,112,1
"1123",54,114,1
"1124",1,29,3
"1125",47,73,1
"1126",60,38,5
"1127",57,75,1
"1128",38,64,2
"1129",10,18,2
"1130",18,90,3
"1131",44,108,6
"1132",40,8,1
"1133",60,22,7
"1134",11,61,3
"1135",12,114,6
"1136",35,105,6
"1137",17,43,2
"1138",20,86,3
"1139",53,39,1
"1140",56,80,1
"1141",50,16,1
"1142",8,40,2
"1143",10,84,3
"1144",27,59,2
"1145",9,67,3
"1146",16,104,3
"1147",7,93,3
"1148",72,94,1
"1149",52,104,1
"1150",53,37,1
"1151",47,29,1
"1152",17,25,2
"1153",20,72,2
"1154",18,70,2
"1155",0,118,6
"1156",24,84,2
"1157",43,103,6
"1158",33,29,1
"1159",1,99,6
"1160",6,106,6
"1161",3,49,3
"1162",0,50,3
"1163",24,72,2
"1164",31,43,2
"1165",42,98,6
"1166",15,103,3
"1167",31,11,1
"1168",62,116,1
"1169",49,37,1
"1170",15,1,4
"1171",7,95,3
"1172",37,81,2
"1173",55,91,1
"1174",35,51,1
"1175",59,107,1
"1176",5,75,3
"1177",39,57,1
"1178",11,71,3
"1179",56,36,1
"1180",15,87,3
"1181",48,74,1
"1182",35,13,1
"1183",69,47,7
"1184",59,101,1
"1185",65,51,5
"1186",19,43,2
"1187",34,48,2
"1188",21,31,2
"1189",14,14,2
"1190",53,85,1
"1191",55,111,1
"1192",53,51,1
"1193",31,99,6
"1194",50,50,1
"1195",51,57,1
"1196",26,70,2
"1197",54,48,1
"1198",9,69,3
"1199",66,102,1
"1200",26,46,2
"1201",22,108,3
"1202",55,17,5
"1203",28,78,2
"1204",50,100,1
"1205",62,74,1
"1206",3,63,3
"1207",11,85,3
"1208",23,77,2
"1209",15,95,3
"1210",53,43,1
"1211",37,5,4
"1212",33,59,2
"1213",28,90,2
"1214",14,42,2
"1215",48,22,1
"1216",32,28,1
"1217",13,85,3
"1218",44,60,1
"1219",1,49,3
"1220",65,85,1
"1221",39,43,1
"1222",56,28,5
"1223",49,73,1
"1224",13,125,2
"1225",19,101,3
"1226",21,25,2
"1227",20,102,3
"1228",48,18,1
"1229",17,1,4
"1230",25,91,2
"1231",4,30,2
"1232",8,120,6
"1233",25,99,3
"1234",45,3,4
"1235",6,28,2
"1236",42,66,1
"1237",25,83,2
"1238",16,22,2
"1239",15,37,2
"1240",52,92,1
"1241",29,51,2
"1242",26,26,2
"1243",69,49,7
"1244",36,94,6
"1245",58,72,1
"1246",42,14,1
"1247",6,46,3
"1248",13,35,2
"1249",61,55,1
"1250",37,31,1
"1251",65,31,7
"1252",39,63,2
"1253",5,17,2
"1254",36,48,1
"1255",37,113,6
"1256",68,52,5
"1257",69,87,1
"1258",26,22,2
"1259",54,42,1
"1260",15,77,3
"1261",19,45,2
"1262",65,93,1
"1263",45,31,1
"1264",18,102,3
"1265",43,55,1
"1266",48,24,1
"1267",9,79,3
"1268",15,117,3
"1269",15,7,4
"1270",11,69,3
"1271",52,94,1
"1272",69,115,1
"1273",15,15,2
"1274",54,92,1
"1275",3,19,2
"1276",14,44,2
"1277",42,58,1
"1278",23,11,4
"1279",6,112,6
"1280",18,100,3
"1281",28,8,1
"1282",37,99,6
"1283",11,43,2
"1284",5,69,5
"1285",40,106,6
"1286",59,79,1
"1287",76,76,1
"1288",66,116,1
"1289",21,69,2
"1290",45,103,6
"1291",3,91,3
"1292",6,70,3
"1293",43,21,1
"1294",26,98,3
"1295",15,63,2
"1296",12,60,3
"1297",6,104,6
"1298",55,101,1
"1299",17,57,2
"1300",23,1,4
"1301",56,82,1
"1302",21,85,2
"1303",45,73,1
"1304",26,66,2
"1305",69,103,1
"1306",54,90,1
"1307",15,111,3
"1308",49,85,1
"1309",76,90,1
"1310",27,117,3
"1311",71,101,1
"1312",19,65,2
"1313",1,65,3
"1314",67,31,7
"1315",26,52,2
"1316",5,67,3
"1317",5,21,2
"1318",32,118,3
"1319",12,18,2
"1320",23,119,4
"1321",1,83,3
"1322",36,12,1
"1323",25,115,3
"1324",13,15,2
"1325",25,85,2
"1326",5,77,3
"1327",16,26,2
"1328",50,48,1
"1329",22,48,2
"1330",10,10,2
"1331",3,37,3
"1332",51,113,1
"1333",67,41,7
"1334",31,37,1
"1335",10,100,3
"1336",52,52,1
"1337",20,62,2
"1338",33,71,2
"1339",0,18,2
"1340",14,48,2
"1341",69,109,1
"1342",14,8,4
"1343",28,0,4
"1344",34,42,1
"1345",14,84,3
"1346",37,49,1
"1347",19,93,3
"1348",20,46,2
"1349",29,85,2
"1350",39,49,1
"1351",8,28,2
"1352",48,92,1
"1353",52,118,1
"1354",52,40,1
"1355",37,75,2
"1356",41,109,6
"1357",17,75,3
"1358",47,27,1
"1359",35,107,6
"1360",4,18,2
"1361",30,116,3
"1362",72,80,1
"1363",39,21,1
"1364",58,106,1
"1365",69,117,1
"1366",52,36,1
"1367",23,21,2
"1368",28,84,2
"1369",19,123,3
"1370",37,65,2
"1371",9,35,2
"1372",63,65,1
"1373",37,21,1
"1374",29,17,1
"1375",27,53,2
"1376",27,91,2
"1377",42,8,4
"1378",10,22,2
"1379",24,86,2
"1380",59,59,1
"1381",73,89,1
"1382",14,76,3
"1383",30,102,2
"1384",32,0,4
"1385",18,62,2
"1386",15,17,2
"1387",53,103,1
"1388",11,11,2
"1389",1,109,6
"1390",14,38,2
"1391",50,62,1
"1392",38,98,6
"1393",7,41,2
"1394",56,98,1
"1395",35,53,1
"1396",21,43,2
"1397",32,22,1
"1398",32,42,2
"1399",33,39,1
"1400",55,71,1
"1401",34,88,2
"1402",43,35,1
"1403",8,66,3
"1404",2,88,3
"1405",4,50,3
"1406",68,96,1
"1407",60,40,5
"1408",39,33,1
"1409",21,105,3
"1410",74,66,1
"1411",53,111,1
"1412",52,12,10
"1413",42,82,2
"1414",65,117,1
"1415",45,11,1
"1416",20,74,2
"1417",48,108,6
"1418",49,67,1
"1419",11,79,3
"1420",19,41,2
"1421",19,23,2
"1422",0,82,3
"1423",2,40,3
"1424",65,57,1
"1425",25,21,2
"1426",53,17,10
"1427",40,28,1
"1428",57,39,1
"1429",23,51,2
"1430",44,4,4
"1431",52,106,1
"1432",74,90,1
"1433",70,86,1
"1434",10,20,2
"1435",60,24,10
"1436",20,4,8
"1437",16,44,2
"1438",50,106,6
"1439",69,29,5
"1440",2,58,3
"1441",31,39,1
"1442",38,12,1
"1443",14,16,2
"1444",41,19,1
"1445",34,24,1
"1446",6,72,3
"1447",12,10,2
"1448",2,36,3
"1449",63,109,1
"1450",50,56,1
"1451",17,27,2
"1452",44,18,1
"1453",49,71,1
"1454",22,22,2
"1455",16,14,2
"1456",33,21,1
"1457",57,111,1
"1458",54,26,1
"1459",13,97,3
"1460",4,76,3
"1461",46,112,6
"1462",18,112,3
"1463",6,62,3
"1464",37,101,6
"1465",10,122,6
"1466",38,20,1
"1467",2,98,6
"1468",36,76,2
"1469",28,26,1
"1470",69,107,1
"1471",56,66,1
"1472",4,66,3
"1473",13,55,2
"1474",45,119,6
"1475",15,97,3
"1476",43,7,4
"1477",39,9,1
"1478",51,45,1
"1479",32,26,1
"1480",30,22,1
"1481",45,63,1
"1482",71,69,8
"1483",63,99,1
"1484",6,74,3
"1485",47,35,1
"1486",2,38,3
"1487",27,113,3
"1488",24,32,2
"1489",58,56,1
"1490",18,118,3
"1491",35,111,6
"1492",14,56,2
"1493",47,11,1
"1494",16,52,2
"1495",32,76,2
"1496",36,86,2
"1497",38,32,1
"1498",38,114,6
"1499",56,42,1
"1500",33,77,2
"1501",12,34,2
"1502",60,96,1
"1503",60,104,1
"1504",53,27,1
"1505",17,111,3
"1506",36,120,6
"1507",12,48,2
"1508",24,106,3
"1509",48,36,1
"1510",20,88,3
"1511",40,22,1
"1512",0,56,3
"1513",14,82,3
"1514",42,68,1
"1515",52,114,1
"1516",49,89,1
"1517",21,93,3
"1518",2,22,2
"1519",9,105,10
"1520",77,83,1
"1521",51,33,1
"1522",3,93,6
"1523",16,32,2
"1524",63,119,1
"1525",22,126,3
"1526",27,49,2
"1527",36,88,2
"1528",51,11,10
"1529",12,72,3
"1530",55,81,1
"1531",55,45,1
"1532",62,52,1
"1533",19,77,2
"1534",37,111,6
"1535",62,24,10
"1536",29,69,2
"1537",68,68,1
"1538",62,92,1
"1539",17,35,2
"1540",28,102,2
"1541",27,97,2
"1542",10,30,2
"1543",9,63,3
"1544",33,33,1
"1545",38,8,1
"1546",62,96,1
"1547",15,71,3
"1548",3,73,3
"1549",18,74,2
"1550",21,95,3
"1551",57,59,1
"1552",41,85,2
"1553",32,10,1
"1554",70,38,7
"1555",5,109,6
"1556",23,73,2
"1557",52,26,1
"1558",34,36,1
"1559",15,75,3
"1560",53,61,1
"1561",37,85,2
"1562",23,71,2
"1563",19,3,4
"1564",45,61,1
"1565",3,87,3
"1566",71,33,5
"1567",35,9,1
"1568",8,20,2
"1569",32,14,1
"1570",26,50,2
"1571",39,113,6
"1572",29,43,2
"1573",59,69,1
"1574",37,41,1
"1575",40,24,1
"1576",29,67,2
"1577",36,114,6
"1578",36,62,2
"1579",34,2,4
"1580",4,16,2
"1581",3,99,6
"1582",71,51,7
"1583",58,94,1
"1584",75,97,1
"1585",61,47,5
"1586",69,61,7
"1587",43,15,1
"1588",19,73,2
"1589",55,109,1
"1590",58,50,1
"1591",25,95,3
"1592",11,77,3
"1593",41,33,1
"1594",50,96,1
"1595",9,115,6
"1596",49,49,1
"1597",14,70,3
"1598",47,15,1
"1599",33,3,4
"1600",0,48,3
"1601",74,70,1
"1602",19,105,3
"1603",33,35,1
"1604",62,22,10
"1605",63,57,1
"1606",2,94,6
"1607",43,95,6
"1608",10,118,6
"1609",46,94,6
"1610",7,127,2
"1611",36,42,1
"1612",8,64,3
"1613",48,12,1
"1614",50,10,10
"1615",23,89,2
"1616",11,123,2
"1617",33,109,6
"1618",43,61,1
"1619",72,98,1
"1620",29,73,2
"1621",45,7,4
"1622",64,88,1
"1623",56,104,1
"1624",2,32,3
"1625",42,116,6
"1626",23,25,2
"1627",11,3,4
"1628",12,46,2
"1629",17,67,2
"1630",23,117,3
"1631",28,118,3
"1632",14,22,2
"1633",29,71,2
"1634",38,78,2
"1635",64,60,1
"1636",45,35,1
"1637",55,29,1
"1638",10,38,2
"1639",27,85,2
"1640",37,93,6
"1641",6,124,2
"1642",43,117,6
"1643",40,48,1
"1644",66,88,1
"1645",7,35,2
"1646",12,122,6
"1647",72,54,5
"1648",38,50,1
"1649",66,40,7
"1650",74,64,1
"1651",46,24,1
"1652",22,96,3
"1653",56,62,1
"1654",57,73,1
"1655",27,37,1
"1656",24,0,4
"1657",23,33,2
"1658",28,44,2
"1659",26,28,2
"1660",39,87,2
"1661",68,32,5
"1662",39,99,6
"1663",8,58,3
"1664",25,113,3
"1665",52,102,1
"1666",9,85,3
"1667",28,116,3
"1668",67,89,1
"1669",40,66,1
"1670",27,57,2
"1671",39,17,1
"1672",49,9,10
"1673",6,18,2
"1674",24,80,2
"1675",59,51,1
"1676",65,89,1
"1677",18,80,3
"1678",0,98,6
"1679",24,20,2
"1680",35,5,1
"1681",39,83,2
"1682",73,45,5
"1683",9,127,2
"1684",58,104,1
"1685",43,73,2
"1686",41,27,1
"1687",45,117,6
"1688",64,96,1
"1689",24,12,4
"1690",59,81,1
"1691",16,108,3
"1692",52,20,5
"1693",56,24,5
"1694",5,29,2
"1695",50,54,1
"1696",21,75,2
"1697",12,16,2
"1698",43,97,6
"1699",28,80,2
"1700",72,84,1
"1701",30,118,3
"1702",62,118,1
"1703",18,106,3
"1704",6,120,6
"1705",2,64,3
"1706",1,27,3
"1707",27,51,2
"1708",2,42,3
"1709",38,48,1
"1710",39,101,6
"1711",14,36,2
"1712",4,126,2
"1713",19,31,2
"1714",38,60,2
"1715",21,45,2
"1716",33,37,1
"1717",4,40,3
"1718",48,98,1
"1719",25,47,2
"1720",59,43,5
"1721",66,52,5
"1722",42,30,1
"1723",18,42,2
"1724",66,104,1
"1725",63,117,1
"1726",14,50,2
"1727",73,77,1
"1728",31,85,2
"1729",58,48,1
"1730",18,6,4
"1731",4,82,3
"1732",47,45,1
"1733",71,71,4
"1734",42,6,4
"1735",54,60,1
"1736",39,67,2
"1737",10,86,3
"1738",0,102,6
"1739",30,34,1
"1740",19,17,4
"1741",60,80,1
"1742",52,66,1
"1743",54,108,1
"1744",11,89,3
"1745",12,28,2
"1746",32,94,2
"1747",35,59,2
"1748",67,49,7
"1749",28,112,3
"1750",43,105,6
"1751",59,93,1
"1752",46,110,6
"1753",8,86,3
"1754",1,117,6
"1755",4,68,3
"1756",8,56,3
"1757",47,105,6
"1758",45,65,1
"1759",49,91,1
"1760",19,15,4
"1761",23,59,2
"1762",32,56,2
"1763",14,18,2
"1764",41,55,1
"1765",69,75,1
"1766",5,121,6
"1767",32,86,2
"1768",7,107,6
"1769",3,21,2
"1770",56,114,1
"1771",43,83,2
"1772",22,92,3
"1773",11,99,3
"1774",75,77,1
"1775",26,80,2
"1776",20,118,3
"1777",63,51,1
"1778",18,82,3
"1779",35,23,1
"1780",42,36,1
"1781",49,39,1
"1782",15,99,3
"1783",17,31,2
"1784",30,98,2
"1785",24,98,3
"1786",9,29,2
"1787",39,25,1
"1788",66,30,7
"1789",73,75,1
"1790",8,100,3
"1791",10,104,10
"1792",11,23,2
"1793",1,121,6
"1794",68,50,7
"1795",14,6,4
"1796",10,12,2
"1797",22,68,2
"1798",67,87,1
"1799",13,71,3
"1800",7,53,3
"1801",32,54,2
"1802",20,124,3
"1803",30,14,1
"1804",11,9,2
"1805",47,51,1
"1806",17,11,4
"1807",11,49,2
"1808",2,60,3
"1809",20,20,2
"1810",12,0,4
"1811",65,77,1
"1812",12,14,2
"1813",63,25,7
"1814",34,96,6
"1815",54,22,5
"1816",56,76,1
"1817",5,127,2
"1818",16,62,2
"1819",41,125,6
"1820",40,56,1
"1821",15,83,3
"1822",63,55,1
"1823",72,90,1
"1824",40,74,2
"1825",39,31,1
"1826",1,59,3
"1827",43,77,2
"1828",9,19,2
"1829",62,28,7
"1830",47,101,6
"1831",66,42,7
"1832",65,111,1
"1833",28,40,2
"1834",60,34,5
"1835",32,116,3
"1836",49,111,6
"1837",59,87,1
"1838",14,90,3
"1839",70,46,7
"1840",65,61,1
"1841",48,20,1
"1842",19,109,10
"1843",57,77,1
"1844",44,74,2
"1845",11,101,3
"1846",65,45,7
"1847",21,13,4
"1848",26,108,3
"1849",64,66,1
"1850",34,40,1
"1851",13,59,2
"1852",21,117,3
"1853",18,92,3
"1854",35,49,1
"1855",55,41,1
"1856",4,42,3
"1857",36,36,1
"1858",44,62,1
"1859",4,22,2
"1860",61,35,7
"1861",26,84,2
"1862",37,35,1
"1863",30,94,2
"1864",58,102,1
"1865",50,36,1
"1866",44,72,1
"1867",6,102,10
"1868",11,121,6
"1869",28,34,1
"1870",27,105,3
"1871",21,27,2
"1872",58,40,1
"1873",4,38,3
"1874",57,101,1
"1875",31,91,2
"1876",5,73,3
"1877",38,24,1
"1878",35,57,2
"1879",12,80,3
"1880",6,24,2
"1881",53,25,1
"1882",29,93,2
"1883",60,42,5
"1884",31,25,1
"1885",27,63,2
"1886",8,108,6
"1887",10,96,3
"1888",7,25,2
"1889",33,103,6
"1890",42,74,2
"1891",2,28,3
"1892",34,66,2
"1893",59,117,1
"1894",23,101,3
"1895",0,114,6
"1896",51,91,1
"1897",4,32,2
"1898",71,43,7
"1899",36,104,6
"1900",58,70,1
"1901",63,81,1
"1902",14,80,3
"1903",37,69,2
"1904",34,38,1
"1905",53,67,1
"1906",26,68,2
"1907",26,100,3
"1908",62,38,5
"1909",69,31,5
"1910",74,78,1
"1911",53,93,1
"1912",58,118,1
"1913",35,69,2
"1914",63,59,1
"1915",54,104,1
"1916",30,66,2
"1917",11,55,2
"1918",45,17,1
"1919",52,62,1
"1920",13,101,3
"1921",70,64,10
"1922",36,82,2
"1923",64,40,5
"1924",63,85,1
"1925",14,102,3
"1926",18,122,3
"1927",62,68,1
"1928",32,2,4
"1929",8,118,6
"1930",63,75,1
"1931",40,26,1
"1932",73,59,5
"1933",43,5,4
"1934",2,112,6
"1935",16,30,2
"1936",24,96,3
"1937",13,63,3
"1938",50,26,1
"1939",27,3,4
"1940",60,78,1
"1941",22,62,2
"1942",51,115,1
"1943",51,23,1
"1944",1,123,6
"1945",43,39,1
"1946",19,59,2
"1947",15,19,2
"1948",12,30,2
"1949",62,50,1
"1950",55,117,1
"1951",23,109,3
"1952",6,100,6
"1953",11,13,2
"1954",29,59,2
"1955",23,99,3
"1956",24,68,2
"1957",60,64,1
"1958",72,96,1
"1959",0,68,3
"1960",61,27,7
"1961",41,81,2
"1962",18,50,2
"1963",56,26,5
"1964",70,82,1
"1965",70,40,7
"1966",22,104,3
"1967",24,110,3
"1968",43,17,1
"1969",72,66,1
"1970",66,90,1
"1971",48,68,1
"1972",32,70,2
"1973",4,62,3
"1974",24,6,4
"1975",57,21,5
"1976",12,50,2
"1977",32,62,2
"1978",75,91,1
"1979",2,48,3
"1980",14,72,3
"1981",46,100,6
"1982",62,40,5
"1983",54,58,1
"1984",5,119,6
"1985",19,69,2
"1986",47,53,1
"1987",22,106,3
"1988",31,101,2
"1989",49,117,6
"1990",15,25,2
"1991",32,16,1
"1992",0,64,3
"1993",61,111,1
"1994",50,76,1
"1995",29,117,3
"1996",15,49,2
"1997",54,70,1
"1998",61,101,1
"1999",21,77,2
"2000",40,62,2
"2001",32,6,1
"2002",8,80,3
"2003",33,121,6
"2004",64,28,7
"2005",63,93,1
"2006",71,73,5
"2007",72,60,1
"2008",31,23,1
"2009",10,92,3
"2010",16,90,3
"2011",75,65,1
"2012",49,35,1
"2013",53,75,1
"2014",20,112,3
"2015",29,53,2
"2016",50,88,1
"2017",51,13,10
"2018",49,55,1
"2019",48,26,1
"2020",17,81,3
"2021",37,89,6
"2022",20,22,2
"2023",7,27,2
"2024",44,96,6
"2025",5,25,2
"2026",54,56,1
"2027",38,84,2
"2028",37,117,6
"2029",1,63,3
"2030",1,97,6
"2031",44,30,1
"2032",1,73,3
"2033",6,108,6
"2034",43,79,2
"2035",71,99,1
"2036",60,114,1
"2037",42,88,6
"2038",29,97,2
"2039",23,15,4
"2040",7,65,3
"2041",8,38,2
"2042",46,88,1
"2043",39,51,1
"2044",56,46,1
"2045",69,43,7
"2046",20,32,2
"2047",23,83,2
"2048",10,98,3
"2049",42,70,2
"2050",55,89,1
"2051",48,58,1
"2052",22,56,2
"2053",22,34,2
"2054",20,2,13
"2055",25,9,4
"2056",11,63,3
"2057",31,45,2
"2058",16,48,2
"2059",74,82,1
"2060",74,72,1
"2061",27,9,1
"2062",22,78,2
"2063",32,102,6
"2064",61,83,1
"2065",67,33,7
"2066",43,11,1
"2067",13,27,2
"2068",59,77,1
"2069",54,18,10
"2070",73,91,1
"2071",19,37,2
"2072",77,87,1
"2073",36,60,2
"2074",56,50,1
"2075",4,104,6
"2076",68,88,1
"2077",50,110,1
"2078",39,45,1
"2079",0,22,3
"2080",46,28,1
"2081",51,47,1
"2082",66,34,7
"2083",14,60,2
"2084",9,57,3
"2085",12,24,2
"2086",39,93,6
"2087",70,98,1
"2088",43,25,1
"2089",70,100,1
"2090",45,55,1
"2091",61,57,1
"2092",21,51,2
"2093",50,66,1
"2094",2,34,3
"2095",6,10,2
"2096",10,34,2
"2097",22,94,3
"2098",38,80,2
"2099",18,28,2
"2100",23,67,2
"2101",51,73,1
"2102",50,84,1
"2103",41,87,2
"2104",44,64,1
"2105",54,66,1
"2106",0,96,6
"2107",60,94,1
"2108",5,113,6
"2109",32,18,1
"2110",32,40,1
"2111",62,44,5
"2112",40,92,6
"2113",13,61,2
"2114",60,20,7
"2115",27,109,3
"2116",45,51,1
"2117",60,52,1
"2118",28,24,1
"2119",13,73,3
"2120",37,103,6
"2121",56,54,1
"2122",35,21,1
"2123",25,31,2
"2124",7,85,3
"2125",18,22,2
"2126",33,23,1
"2127",16,110,3
"2128",18,68,2
"2129",18,2,4
"2130",30,52,2
"2131",13,17,2
"2132",18,96,3
"2133",13,49,2
"2134",43,53,1
"2135",67,85,1
"2136",22,50,2
"2137",57,71,1
"2138",14,122,6
"2139",4,54,3
"2140",59,67,1
"2141",41,9,1
"2142",63,79,1
"2143",19,63,2
"2144",48,114,6
"2145",4,110,6
"2146",31,87,2
"2147",33,15,1
"2148",68,66,10
"2149",5,101,6
"2150",18,124,3
"2151",59,29,5
"2152",14,40,2
"2153",3,65,3
"2154",1,43,3
"2155",65,69,1
"2156",23,3,4
"2157",61,61,1
"2158",34,60,2
"2159",55,21,5
"2160",14,4,4
"2161",29,35,1
"2162",4,14,2
"2163",66,60,5
"2164",25,119,3
"2165",7,11,2
"2166",73,81,1
"2167",52,58,1
"2168",37,91,6
"2169",39,47,1
"2170",15,61,2
"2171",36,46,1
"2172",42,92,6
"2173",46,118,6
"2174",18,110,3
"2175",60,36,5
"2176",13,83,3
"2177",26,42,2
"2178",11,41,2
"2179",2,76,3
"2180",42,64,1
"2181",17,117,3
"2182",21,17,4
"2183",63,69,1
"2184",40,6,4
"2185",15,91,3
"2186",43,81,2
"2187",23,69,2
"2188",34,68,2
"2189",2,126,2
"2190",47,55,1
"2191",28,30,1
"2192",44,100,6
"2193",25,77,2
"2194",20,54,2
"2195",56,116,1
"2196",30,72,2
"2197",72,100,1
"2198",19,25,2
"2199",44,46,1
"2200",52,110,1
"2201",70,96,1
"2202",44,8,1
"2203",42,86,2
"2204",38,22,1
"2205",21,9,4
"2206",65,71,1
"2207",52,50,1
"2208",58,108,1
"2209",70,80,1
"2210",31,47,2
"2211",3,69,3
"2212",54,20,5
"2213",9,59,3
"2214",38,112,6
"2215",34,22,1
"2216",50,112,6
"2217",13,81,3
"2218",40,52,1
"2219",38,6,4
"2220",66,74,1
"2221",52,70,1
"2222",56,100,1
"2223",54,54,1
"2224",11,31,2
"2225",38,36,1
"2226",4,58,3
"2227",1,25,3
"2228",61,51,1
"2229",30,100,2
"2230",43,125,6
"2231",8,30,2
"2232",28,32,8
"2233",24,116,3
"2234",8,90,3
"2235",23,53,2
"2236",27,43,2
"2237",49,21,1
"2238",8,82,3
"2239",66,78,1
"2240",38,106,6
"2241",27,111,3
"2242",28,96,2
"2243",9,107,6
"2244",9,101,3
"2245",59,75,1
"2246",46,80,1
"2247",27,15,1
"2248",67,39,7
"2249",6,94,3
"2250",74,94,1
"2251",67,103,1
"2252",31,5,1
"2253",11,111,3
"2254",28,56,2
"2255",53,57,1
"2256",28,6,1
"2257",66,118,1
"2258",38,40,1
"2259",44,28,1
"2260",34,44,2
"2261",30,74,2
"2262",45,77,2
"2263",70,76,1
"2264",52,72,1
"2265",58,80,1
"2266",64,30,7
"2267",12,40,2
"2268",9,47,2
"2269",53,89,1
"2270",13,107,3
"2271",14,58,2
"2272",51,107,1
"2273",49,93,1
"2274",0,20,2
"2275",61,23,7
"2276",68,48,7
"2277",29,83,2
"2278",73,69,1
"2279",15,33,2
"2280",20,108,3
"2281",71,45,7
"2282",27,31,1
"2283",12,8,2
"2284",2,50,3
"2285",40,114,6
"2286",16,120,3
"2287",55,23,5
"2288",63,107,1
"2289",35,27,1
"2290",65,41,7
"2291",11,33,2
"2292",20,122,3
"2293",6,126,2
"2294",27,89,2
"2295",63,31,7
"2296",12,68,3
"2297",67,67,1
"2298",18,26,2
"2299",3,95,6
"2300",51,117,1
"2301",48,14,1
"2302",15,43,2
"2303",62,64,1
"2304",70,30,7
"2305",49,43,1
"2306",63,71,1
"2307",56,48,1
"2308",46,58,1
"2309",29,9,1
"2310",21,127,3
"2311",63,83,1
"2312",44,88,6
"2313",51,19,5
"2314",15,41,2
"2315",39,89,6
"2316",10,28,2
"2317",45,45,1
"2318",70,56,7
"2319",12,2,4
"2320",40,126,6
"2321",48,60,1
"2322",68,44,7
"2323",9,9,2
"2324",12,58,2
"2325",39,81,2
"2326",19,91,3
"2327",28,18,1
"2328",34,100,6
"2329",17,89,3
"2330",62,36,5
"2331",30,56,2
"2332",28,60,2
"2333",39,73,2
"2334",27,95,2
"2335",50,32,1
"2336",7,83,3
"2337",27,47,2
"2338",36,52,1
"2339",50,98,1
"2340",61,25,7
"2341",41,13,1
"2342",20,14,4
"2343",28,68,2
"2344",38,72,2
"2345",50,118,6
"2346",62,56,1
"2347",3,127,2
"2348",19,9,8
"2349",44,70,1
"2350",36,38,1
"2351",12,120,6
"2352",57,33,1
"2353",19,113,3
"2354",67,81,1
"2355",0,34,3
"2356",0,38,3
"2357",23,17,2
"2358",26,10,4
"2359",37,57,1
"2360",17,51,2
"2361",70,58,7
"2362",43,75,2
"2363",19,29,2
"2364",6,118,6
"2365",10,78,3
"2366",51,21,1
"2367",7,37,2
"2368",9,73,3
"2369",6,78,3
"2370",41,43,1
"2371",20,30,2
"2372",55,93,1
"2373",4,28,2
"2374",41,39,1
"2375",76,92,1
"2376",25,67,2
"2377",16,76,3
"2378",25,23,2
"2379",41,71,2
"2380",74,62,1
"2381",5,63,3
"2382",63,27,7
"2383",66,80,1
"2384",15,127,3
"2385",48,82,1
"2386",57,67,1
"2387",47,117,6
"2388",35,41,1
"2389",41,5,4
"2390",46,16,1
"2391",46,106,6
"2392",14,92,3
"2393",43,29,1
"2394",31,3,4
"2395",43,113,6
"2396",44,36,1
"2397",11,105,3
"2398",24,42,2
"2399",67,45,7
"2400",46,114,6
"2401",16,6,4
"2402",10,64,3
"2403",56,94,1
"2404",72,70,1
"2405",34,10,1
"2406",72,42,7
"2407",73,103,1
"2408",72,76,1
"2409",55,39,1
"2410",64,106,1
"2411",13,43,2
"2412",1,47,3
"2413",66,68,1
"2414",9,33,2
"2415",8,122,6
"2416",39,103,6
"2417",51,85,1
"2418",23,13,4
"2419",37,61,2
"2420",38,42,1
"2421",35,113,6
"2422",7,31,2
"2423",13,113,3
"2424",71,87,1
"2425",53,15,10
"2426",35,37,1
"2427",18,94,3
"2428",59,83,1
"2429",56,118,1
"2430",8,126,2
"2431",38,14,1
"2432",37,59,2
"2433",16,42,2
"2434",49,103,8
"2435",30,90,2
"2436",67,95,1
"2437",41,3,4
"2438",28,108,3
"2439",28,14,1
"2440",41,21,1
"2441",33,111,6
"2442",26,106,3
"2443",46,10,1
"2444",25,103,3
"2445",45,39,1
"2446",59,95,1
"2447",55,119,1
"2448",71,35,7
"2449",21,89,3
"2450",9,89,3
"2451",22,90,3
"2452",53,47,1
"2453",32,110,6
"2454",12,38,2
"2455",7,125,2
"2456",22,38,2
"2457",0,88,6
"2458",49,25,1
"2459",53,63,1
"2460",49,41,1
"2461",20,40,2
"2462",27,79,2
"2463",76,74,1
"2464",54,16,5
"2465",68,74,1
"2466",35,45,2
"2467",62,30,7
"2468",41,61,1
"2469",35,17,1
"2470",2,96,6
"2471",36,40,1
"2472",3,53,3
"2473",41,59,1
"2474",70,54,7
"2475",2,30,3
"2476",71,41,7
"2477",39,115,6
"2478",68,82,1
"2479",20,42,2
"2480",29,91,2
"2481",18,114,3
"2482",24,30,2
"2483",8,50,3
"2484",41,95,6
"2485",60,98,1
"2486",55,75,1
"2487",8,106,6
"2488",73,63,1
"2489",16,50,2
"2490",17,15,2
"2491",54,100,1
"2492",44,82,2
"2493",66,84,1
"2494",31,61,2
"2495",75,73,1
"2496",37,107,6
"2497",59,33,5
"2498",48,54,1
"2499",73,71,1
"2500",13,13,2
"2501",21,113,3
"2502",33,107,6
"2503",37,109,6
"2504",37,47,1
"2505",35,63,2
"2506",18,0,4
"2507",10,74,3
"2508",37,77,2
"2509",58,28,5
"2510",40,100,6
"2511",29,95,2
"2512",41,65,1
"2513",48,110,6
"2514",2,44,3
"2515",68,60,10
"2516",57,83,1
"2517",2,86,3
"2518",34,70,2
"2519",43,47,1
"2520",17,87,3
"2521",28,94,2
"2522",57,89,1
"2523",51,43,1
"2524",55,33,1
"2525",46,78,1
"2526",59,27,10
"2527",38,38,1
"2528",70,78,1
"2529",18,48,2
"2530",75,69,1
"2531",31,119,3
"2532",55,51,1
"2533",7,23,2
"2534",17,119,3
"2535",13,45,2
"2536",72,82,1
"2537",20,94,3
"2538",19,5,9
"2539",47,49,1
"2540",34,102,6
"2541",3,35,3
"2542",64,42,7
"2543",17,65,2
"2544",54,62,1
"2545",74,76,1
"2546",39,41,1
"2547",35,95,6
"2548",3,61,3
"2549",31,13,1
"2550",19,103,3
"2551",23,23,2
"2552",58,88,1
"2553",27,13,1
"2554",34,80,2
"2555",21,47,2
"2556",62,104,1
"2557",2,20,2
"2558",40,14,1
"2559",43,69,1
"2560",50,94,1
"2561",42,104,6
"2562",56,96,1
"2563",15,101,3
"2564",52,44,1
"2565",54,84,1
"2566",39,65,2
"2567",17,37,2
"2568",52,88,1
"2569",54,78,1
"2570",20,24,2
"2571",44,2,4
"2572",17,9,4
"2573",53,35,1
"2574",62,58,1
"2575",13,93,3
"2576",69,55,7
"2577",43,109,6
"2578",42,112,6
"2579",3,103,6
"2580",56,32,5
"2581",1,115,6
"2582",25,13,2
"2583",41,99,6
"2584",22,84,2
"2585",24,58,2
"2586",26,40,2
"2587",26,58,2
"2588",64,54,1
"2589",40,120,6
"2590",59,23,10
"2591",19,7,8
"2592",40,64,2
"2593",41,73,2
"2594",21,1,4
"2595",56,56,1
"2596",51,75,1
"2597",31,63,2
"2598",14,106,3
"2599",26,2,4
"2600",31,31,1
"2601",54,64,1
"2602",3,15,2
"2603",11,117,6
"2604",46,38,1
"2605",1,91,6
"2606",39,95,6
"2607",42,84,2
"2608",36,112,6
"2609",12,124,2
"2610",35,89,2
"2611",7,113,6
"2612",8,16,2
"2613",74,102,1
"2614",75,95,1
"2615",29,77,2
"2616",22,36,2
"2617",19,117,3
"2618",31,97,2
"2619",33,95,6
"2620",5,117,6
"2621",1,127,2
"2622",20,106,3
"2623",60,102,1
"2624",73,73,1
"2625",20,90,3
"2626",23,9,4
"2627",49,47,1
"2628",59,21,7
"2629",25,15,4
"2630",60,110,1
"2631",8,124,2
"2632",11,83,3
"2633",73,83,1
"2634",6,60,3
"2635",32,82,2
"2636",70,102,1
"2637",33,7,1
"2638",47,111,6
"2639",75,63,1
"2640",51,67,1
"2641",17,109,3
"2642",58,30,5
"2643",7,101,10
"2644",67,117,1
"2645",14,116,3
"2646",27,5,4
"2647",68,46,7
"2648",64,38,5
"2649",71,83,1
"2650",23,41,2
"2651",22,118,3
"2652",43,67,1
"2653",57,103,1
"2654",26,82,2
"2655",67,69,1
"2656",7,73,3
"2657",40,116,6
"2658",3,101,6
"2659",32,78,2
"2660",62,114,1
"2661",14,2,4
"2662",19,53,2
"2663",68,112,1
"2664",9,45,2
"2665",6,52,3
"2666",43,1,4
"2667",17,101,3
"2668",8,12,2
"2669",34,82,2
"2670",65,35,7
"2671",51,17,10
"2672",42,94,6
"2673",37,45,1
"2674",39,19,1
"2675",68,98,1
"2676",35,91,6
"2677",7,87,3
"2678",71,75,1
"2679",19,33,2
"2680",19,81,3
"2681",60,84,1
"2682",31,83,2
"2683",54,34,1
"2684",41,53,1
"2685",17,121,3
"2686",67,61,10
"2687",45,69,1
"2688",30,70,2
"2689",34,46,2
"2690",70,110,1
"2691",35,3,4
"2692",51,103,1
"2693",14,100,3
"2694",34,32,1
"2695",17,83,3
"2696",5,51,3
"2697",74,58,1
"2698",74,98,1
"2699",4,44,3
"2700",22,2,4
"2701",7,117,6
"2702",70,74,1
"2703",12,116,6
"2704",35,119,6
"2705",27,119,3
"2706",37,23,1
"2707",62,32,10
"2708",68,116,1
"2709",65,79,1
"2710",59,45,1
"2711",72,64,5
"2712",59,113,1
"2713",36,8,1
"2714",43,87,2
"2715",17,127,3
"2716",0,26,3
"2717",37,27,1
"2718",42,54,1
"2719",58,86,1
"2720",47,59,1
"2721",17,19,2
"2722",67,71,1
"2723",32,46,2
"2724",31,69,2
"2725",15,11,4
"2726",2,52,3
"2727",64,82,1
"2728",31,33,1
"2729",19,99,3
"2730",11,113,6
"2731",64,44,7
"2732",33,41,1
"2733",59,35,5
"2734",31,93,2
"2735",20,38,2
"2736",26,72,2
"2737",49,79,1
"2738",9,99,3
"2739",76,88,1
"2740",11,29,2
"2741",76,82,1
"2742",24,2,4
"2743",60,62,1
"2744",1,35,3
"2745",39,37,1
"2746",64,32,7
"2747",64,76,1
"2748",63,87,1
"2749",19,107,3
"2750",28,4,1
"2751",57,19,5
"2752",57,53,1
"2753",32,60,2
"2754",32,64,2
"2755",68,86,1
"2756",37,51,1
"2757",10,42,2
"2758",33,75,2
"2759",21,7,4
"2760",18,120,3
"2761",47,43,1
"2762",42,90,6
"2763",55,19,5
"2764",29,1,4
"2765",70,48,7
"2766",58,60,1
"2767",69,79,1
"2768",73,55,5
"2769",42,52,1
"2770",38,16,1
"2771",33,5,1
"2772",36,84,2
"2773",45,9,1
"2774",3,115,6
"2775",13,117,3
"2776",17,7,4
"2777",28,58,2
"2778",34,120,6
"2779",49,45,1
"2780",43,37,1
"2781",14,28,2
"2782",24,54,2
"2783",48,50,1
"2784",16,84,3
"2785",61,81,1
"2786",57,51,1
"2787",25,89,2
"2788",33,69,2
"2789",31,51,2
"2790",9,21,2
"2791",14,26,2
"2792",37,39,1
"2793",28,28,1
"2794",55,15,5
"2795",35,47,2
"2796",2,102,6
"2797",3,125,2
"2798",65,55,1
"2799",22,14,4
"2800",25,107,3
"2801",63,113,1
"2802",46,56,1
"2803",30,112,3
"2804",7,69,3
"2805",16,68,2
"2806",54,50,1
"2807",19,19,2
"2808",43,107,6
"2809",0,14,2
"2810",66,114,1
"2811",11,81,3
"2812",57,27,5
"2813",12,44,2
"2814",40,54,1
"2815",26,118,3
"2816",38,18,1
"2817",29,105,3
"2818",66,112,1
"2819",53,71,1
"2820",53,53,1
"2821",34,72,2
"2822",34,114,6
"2823",34,0,4
"2824",33,53,2
"2825",53,105,1
"2826",6,38,2
"2827",48,62,1
"2828",14,120,3
"2829",1,103,6
"2830",13,9,2
"2831",23,97,3
"2832",32,84,2
"2833",12,36,2
"2834",56,52,1
"2835",49,19,1
"2836",63,101,1
"2837",52,34,1
"2838",30,80,2
"2839",65,65,1
"2840",6,48,3
"2841",8,32,2
"2842",47,37,1
"2843",16,36,2
"2844",37,79,2
"2845",31,1,4
"2846",9,39,2
"2847",12,104,3
"2848",67,47,7
"2849",16,46,2
"2850",27,21,2
"2851",42,46,1
"2852",7,105,6
"2853",55,85,1
"2854",69,65,10
"2855",70,50,7
"2856",4,90,3
"2857",45,33,1
"2858",47,87,1
"2859",28,36,1
"2860",27,23,1
"2861",2,90,3
"2862",7,123,6
"2863",4,112,6
"2864",39,7,4
"2865",39,105,6
"2866",1,51,9
"2867",24,10,4
"2868",33,13,1
"2869",63,39,5
"2870",26,116,3
"2871",25,73,2
"2872",46,102,6
"2873",33,91,2
"2874",12,112,3
"2875",12,42,2
"2876",15,123,3
"2877",61,105,1
"2878",11,119,6
"2879",3,113,6
"2880",56,110,1
"2881",66,46,5
"2882",10,40,2
"2883",23,63,2
"2884",10,68,3
"2885",40,82,2
"2886",26,36,1
"2887",43,119,6
"2888",31,103,2
"2889",50,44,1
"2890",36,64,2
"2891",37,83,2
"2892",12,26,2
"2893",21,57,2
"2894",46,72,1
"2895",11,107,10
"2896",44,68,1
"2897",27,55,2
"2898",75,85,1
"2899",36,28,1
"2900",26,102,3
"2901",11,47,2
"2902",11,39,2
"2903",33,81,2
"2904",17,33,2
"2905",24,16,2
"2906",7,55,3
"2907",63,67,1
"2908",13,39,2
"2909",51,31,1
"2910",50,70,1
"2911",6,50,3
"2912",39,69,2
"2913",2,80,3
"2914",65,37,7
"2915",31,89,2
"2916",17,79,3
"2917",49,81,1
"2918",63,77,1
"2919",69,113,1
"2920",2,122,6
"2921",65,39,7
"2922",14,12,2
"2923",20,58,2
"2924",4,92,3
"2925",6,20,2
"2926",55,97,1
"2927",72,72,13
"2928",20,34,2
"2929",64,92,1
"2930",5,15,2
"2931",58,22,5
"2932",0,60,3
"2933",0,54,3
"2934",46,66,1
"2935",52,22,5
"2936",7,29,2
"2937",38,92,6
"2938",20,26,2
"2939",7,109,6
"2940",48,38,1
"2941",7,21,2
"2942",56,18,5
"2943",13,29,2
"2944",65,103,1
"2945",39,77,2
"2946",22,120,8
"2947",5,45,3
"2948",9,61,3
"2949",3,97,6
"2950",23,31,2
"2951",30,32,1
"2952",9,71,3
"2953",29,13,1
"2954",12,12,2
"2955",29,61,2
"2956",64,98,1
"2957",26,62,2
"2958",37,67,2
"2959",31,17,1
"2960",65,53,5
"2961",64,118,1
"2962",70,44,7
"2963",42,106,6
"2964",33,73,2
"2965",42,2,4
"2966",58,82,1
"2967",32,8,1
"2968",54,88,1
"2969",28,52,2
"2970",69,71,1
"2971",76,78,1
"2972",18,16,4
"2973",53,91,1
"2974",29,7,1
"2975",22,6,4
"2976",10,82,3
"2977",8,104,3
"2978",57,43,1
"2979",39,75,2
"2980",13,115,3
"2981",32,36,1
"2982",17,77,3
"2983",40,4,4
"2984",59,65,1
"2985",46,62,1
"2986",37,9,1
"2987",19,95,3
"2988",11,45,2
"2989",28,110,8
"2990",46,76,2
"2991",4,124,6
"2992",37,13,1
"2993",66,92,1
"2994",40,42,1
"2995",65,105,1
"2996",50,90,1
"2997",60,66,1
"2998",71,61,7
"2999",25,111,3
"3000",20,80,3
"3001",0,72,3
"3002",73,87,1
"3003",46,44,1
"3004",12,78,3
"3005",30,0,4
"3006",38,116,6
"3007",44,112,6
"3008",24,88,2
"3009",11,37,2
"3010",30,104,2
"3011",21,103,3
"3012",21,107,3
"3013",64,74,1
"3014",39,91,6
"3015",32,114,3
"3016",65,75,1
"3017",46,50,1
"3018",69,41,7
"3019",33,25,1
"3020",41,77,2
"3021",13,87,3
"3022",25,11,4
"3023",52,56,1
"3024",65,27,7
"3025",47,97,1
"3026",45,57,1
"3027",62,84,1
"3028",12,96,3
"3029",48,40,1
"3030",14,62,2
"3031",66,54,5
"3032",17,71,2
"3033",42,34,1
"3034",39,85,2
"3035",44,44,1
"3036",13,11,2
"3037",11,93,3
"3038",69,89,1
"3039",45,43,1
"3040",36,100,6
"3041",5,33,2
"3042",0,46,3
"3043",6,40,2
"3044",20,56,2
"3045",41,83,2
"3046",34,52,1
"3047",37,7,1
"3048",77,81,1
"3049",46,116,6
"3050",15,81,3
"3051",45,29,1
"3052",56,64,1
"3053",17,39,2
"3054",54,38,1
"3055",50,20,1
"3056",35,1,4
"3057",1,69,3
"3058",40,20,1
"3059",1,101,6
"3060",70,92,1
"3061",71,47,7
"3062",45,15,1
"3063",29,39,1
"3064",2,18,2
"3065",57,41,1
"3066",8,92,3
"3067",45,79,2
"3068",31,105,6
"3069",42,32,1
"3070",26,78,2
"3071",58,76,1
"3072",5,41,3
"3073",68,42,7
"3074",4,98,6
"3075",54,76,1
"3076",9,117,6
"3077",33,83,2
"3078",1,33,3
"3079",15,3,4
"3080",41,75,2
"3081",49,83,1
"3082",55,73,1
"3083",43,111,6
"3084",61,71,1
"3085",36,116,6
"3086",30,12,1
"3087",37,33,1
"3088",47,67,1
"3089",3,33,3
"3090",3,39,3
"3091",43,51,1
"3092",7,75,3
"3093",67,75,1
"3094",30,110,3
"3095",54,14,10
"3096",53,107,1
"3097",23,115,3
"3098",48,56,1
"3099",71,103,1
"3100",6,58,3
"3101",3,85,3
"3102",22,18,2
"3103",22,0,4
"3104",4,84,3
"3105",32,34,1
"3106",70,60,7
"3107",33,105,6
"3108",4,26,2
"3109",17,53,2
"3110",59,119,1
"3111",70,42,7
"3112",37,53,1
"3113",53,109,1
"3114",64,114,1
"3115",44,110,6
"3116",32,108,6
"3117",51,89,1
"3118",21,119,3
"3119",0,36,3
"3120",15,51,2
"3121",75,61,1
"3122",42,40,1
"3123",52,78,1
"3124",24,48,2
"3125",41,119,6
"3126",20,116,3
"3127",16,96,3
"3128",32,88,2
"3129",36,50,1
"3130",55,63,1
"3131",71,63,7
"3132",15,47,2
"3133",12,118,3
"3134",48,64,1
"3135",22,8,4
"3136",61,109,1
"3137",39,27,1
"3138",25,49,2
"3139",69,93,1
"3140",40,72,2
"3141",30,58,2
"3142",0,42,3
"3143",42,80,2
"3144",12,32,2
"3145",4,116,6
"3146",51,65,1
"3147",63,91,1
"3148",53,59,1
"3149",66,38,7
"3150",54,36,1
"3151",18,12,4
"3152",40,118,6
"3153",10,46,2
"3154",63,49,5
"3155",28,88,2
"3156",17,97,3
"3157",0,74,3
"3158",24,120,3
"3159",23,29,2
"3160",11,103,3
"3161",74,74,1
"3162",71,39,7
"3163",21,35,2
"3164",28,16,1
"3165",63,37,5
"3166",74,60,1
"3167",38,70,2
"3168",55,25,5
"3169",9,49,2
"3170",1,15,2
"3171",33,101,6
"3172",60,106,1
"3173",27,29,1
"3174",24,34,2
"3175",29,107,3
"3176",43,49,1
"3177",19,27,2
"3178",4,36,3
"3179",35,19,1
"3180",14,114,3
"3181",16,40,2
"3182",25,71,2
"3183",57,49,1
"3184",62,70,1
"3185",45,97,6
"3186",57,95,1
"3187",34,18,1
"3188",5,97,6
"3189",46,40,1
"3190",54,32,1
"3191",53,95,1
"3192",17,91,3
"3193",20,64,2
"3194",69,77,1
"3195",50,38,1
"3196",61,21,7
"3197",27,83,2
"3198",17,47,2
"3199",0,108,6
"3200",25,93,3
"3201",25,17,2
"3202",62,102,1
"3203",10,32,2
"3204",42,108,6
"3205",17,105,3
"3206",40,0,4
"3207",1,81,3
"3208",41,49,1
"3209",1,53,3
"3210",68,94,1
"3211",31,27,1
"3212",1,45,3
"3213",72,74,1
"3214",25,117,3
"3215",71,91,1
"3216",59,85,1
"3217",40,60,1
"3218",44,14,1
"3219",17,3,4
"3220",23,5,4
"3221",39,55,1
"3222",59,61,1
"3223",55,83,1
"3224",49,51,1
"3225",11,65,3
"3226",68,36,7
"3227",67,93,1
"3228",33,97,6
"3229",47,65,1
"3230",44,34,1
"3231",59,57,1
"3232",51,69,1
"3233",58,62,1
"3234",40,2,4
"3235",16,56,2
"3236",60,50,1
"3237",65,29,7
"3238",28,22,1
"3239",49,29,1
"3240",31,53,2
"3241",46,54,1
"3242",44,66,1
"3243",35,39,1
"3244",3,109,6
"3245",35,35,1
"3246",41,51,1
"3247",40,58,1
"3248",56,34,5
"3249",55,59,1
"3250",34,104,6
"3251",61,113,1
"3252",69,73,7
"3253",63,115,1
"3254",21,83,2
"3255",72,88,1
"3256",63,103,1
"3257",62,42,5
"3258",21,33,2
"3259",69,81,1
"3260",40,32,1
"3261",71,85,1
"3262",57,47,1
"3263",64,36,7
"3264",36,16,1
"3265",72,86,1
"3266",21,81,2
"3267",59,111,1
"3268",58,46,1
"3269",56,44,1
"3270",22,102,3
"3271",35,25,1
"3272",47,119,6
"3273",66,108,1
"3274",37,87,2
"3275",30,96,2
"3276",47,19,1
"3277",16,0,4
"3278",5,79,3
"3279",31,81,2
"3280",36,10,1
"3281",62,100,1
"3282",10,76,3
"3283",63,73,1
"3284",32,90,2
"3285",38,104,6
"3286",44,26,1
"3287",13,53,2
"3288",73,65,1
"3289",54,96,1
"3290",29,55,2
"3291",49,53,1
"3292",10,72,3
"3293",59,97,1
"3294",69,39,7
"3295",32,20,1
"3296",22,26,2
"3297",73,93,1
"3298",4,120,6
"3299",66,98,1
"3300",7,9,2
"3301",43,89,6
"3302",33,85,2
"3303",45,109,6
"3304",53,77,1
"3305",34,4,1
"3306",38,68,2
"3307",29,57,2
"3308",51,51,1
"3309",60,48,1
"3310",8,116,6
"3311",50,58,1
"3312",42,10,1
"3313",5,87,3
"3314",76,70,1
"3315",23,85,2
"3316",66,110,1
"3317",65,99,1
"3318",36,96,6
"3319",22,54,2
"3320",29,23,1
"3321",32,100,6
"3322",61,79,1
"3323",29,33,1
"3324",40,86,2
"3325",60,60,1
"3326",35,67,2
"3327",72,62,1
"3328",21,21,2
"3329",61,43,5
"3330",66,48,5
"3331",39,53,1
"3332",15,13,2
"3333",48,96,1
"3334",12,4,4
"3335",40,34,1
"3336",72,36,7
"3337",23,103,3
"3338",50,116,6
"3339",3,41,3
"3340",32,52,2
"3341",10,4,4
"3342",3,83,3
"3343",21,19,2
"3344",12,82,3
"3345",13,57,2
"3346",20,44,2
"3347",21,39,2
"3348",50,60,1
"3349",18,36,2
"3350",60,68,1
"3351",20,18,4
"3352",64,46,8
"3353",40,102,6
"3354",47,7,10
"3355",36,20,1
"3356",63,33,7
"3357",60,28,7
"3358",71,37,7
"3359",30,6,1
"3360",36,98,6
"3361",23,7,4
"3362",17,107,3
"3363",8,62,3
"3364",26,6,4
"3365",4,64,3
"3366",9,95,3
"3367",24,100,3
"3368",17,99,3
"3369",55,79,1
"3370",18,52,2
"3371",76,84,1
"3372",59,53,1
"3373",69,59,10
"3374",14,54,2
"3375",22,88,3
"3376",23,49,2
"3377",30,24,1
"3378",42,60,1
"3379",34,12,1
"3380",67,99,1
"3381",29,21,1
"3382",6,82,3
"3383",26,112,3
"3384",58,90,1
"3385",5,35,2
"3386",25,61,2
"3387",6,32,2
"3388",26,54,2
"3389",1,21,3
"3390",30,30,1
"3391",36,56,1
"3392",32,58,2
"3393",36,58,2
"3394",41,105,6
"3395",66,44,7
"3396",20,92,3
"3397",30,82,2
"3398",57,45,1
"3399",38,96,6
"3400",57,17,5
"3401",34,74,2
"3402",49,57,1
"3403",54,86,1
"3404",5,57,3
"3405",48,32,1
"3406",34,64,2
"3407",35,117,6
"3408",67,113,1
"3409",18,58,2
"3410",16,78,3
"3411",54,118,1
"3412",24,46,2
"3413",24,60,2
"3414",2,116,6
"3415",31,65,2
"3416",68,78,1
"3417",60,70,1
"3418",53,29,1
"3419",11,35,2
"3420",58,44,1
"3421",44,16,1
"3422",25,51,2
"3423",42,56,1
"3424",49,31,1
"3425",39,23,1
"3426",31,19,1
"3427",56,108,1
"3428",34,108,6
"3429",58,114,1
"3430",47,103,6
"3431",30,2,4
"3432",63,61,1
"3433",61,95,1
"3434",11,15,2
"3435",51,49,1
"3436",55,49,1
"3437",47,79,1
"3438",32,48,2
"3439",28,20,1
"3440",45,59,1
"3441",30,92,2
"3442",52,28,1
"3443",33,49,2
"3444",23,45,2
"3445",38,62,2
"3446",13,95,3
"3447",72,104,1
"3448",4,34,3
"3449",0,44,3
"3450",15,93,3
"3451",18,8,8
"3452",30,106,6
"3453",73,79,1
"3454",48,72,1
"3455",75,87,1
"3456",13,127,2
"3457",31,73,2
"3458",61,41,5
"3459",63,105,1
"3460",74,80,1
"3461",24,4,4
"3462",22,16,2
"3463",7,89,3
"3464",28,72,2
"3465",30,42,2
"3466",26,34,1
"3467",46,48,1
"3468",58,36,5
"3469",3,75,3
"3470",22,24,2
"3471",64,62,1
"3472",17,29,2
"3473",12,70,3
"3474",68,90,1
"3475",70,84,1
"3476",57,29,5
"3477",18,84,3
"3478",6,110,6
"3479",35,99,6
"3480",54,110,1
"3481",67,91,1
"3482",40,40,1
"3483",67,79,1
"3484",63,53,1
"3485",30,36,1
"3486",69,67,10
"3487",72,108,1
"3488",61,53,1
"3489",31,79,2
"3490",40,70,2
"3491",24,114,3
"3492",52,116,1
"3493",72,56,5
"3494",31,57,2
"3495",61,63,1
"3496",6,26,2
"3497",18,126,3
"3498",8,76,3
"3499",22,110,3
"3500",26,60,2
"3501",39,117,6
"3502",1,75,3
"3503",31,107,6
"3504",34,56,2
"3505",30,48,2
"3506",27,69,2
"3507",34,34,1
"3508",8,36,2
"3509",23,75,2
"3510",29,115,3
"3511",44,80,2
"3512",28,114,3
"3513",2,26,3
"3514",65,115,1
"3515",58,18,7
"3516",33,27,1
"3517",18,86,3
"3518",67,115,1
"3519",33,19,1
"3520",14,110,3
"3521",31,113,3
"3522",70,36,7
"3523",6,42,3
"3524",18,64,2
"3525",22,76,2
"3526",25,53,2
"3527",32,32,1
"3528",13,7,4
"3529",56,74,1
"3530",34,84,2
"3531",53,99,1
"3532",47,81,1
"3533",50,64,1
"3534",14,108,3
"3535",28,98,2
"3536",2,82,3
"3537",66,96,1
"3538",51,53,1
"3539",20,16,4
"3540",52,100,1
"3541",29,89,2
"3542",68,84,1
"3543",56,70,1
"3544",62,46,5
"3545",46,84,1
"3546",41,41,1
"3547",47,21,1
"3548",40,76,2
"3549",26,32,2
"3550",30,20,1
"3551",10,88,3
"3552",12,90,3
"3553",38,30,1
"3554",12,106,3
"3555",49,95,1
"3556",41,1,4
"3557",15,69,3
"3558",69,69,1
"3559",56,92,1
"3560",30,62,2
"3561",29,45,2
"3562",45,99,6
"3563",58,32,5
"3564",37,55,1
"3565",57,37,1
"3566",8,48,2
"3567",76,68,1
"3568",47,75,1
"3569",50,80,1
"3570",14,0,9
"3571",63,111,1
"3572",15,31,2
"3573",9,37,2
"3574",9,109,6
"3575",36,2,4
"3576",45,37,1
"3577",66,86,1
"3578",46,6,4
"3579",26,4,4
"3580",19,61,2
"3581",74,92,1
"3582",5,11,2
"3583",57,99,8
"3584",31,29,1
"3585",19,89,3
"3586",65,73,1
"3587",29,63,2
"3588",24,108,3
"3589",68,80,1
"3590",28,74,2
"3591",17,41,2
"3592",13,121,6
"3593",25,87,2
"3594",6,76,3
"3595",30,28,1
"3596",33,79,2
"3597",45,23,1
"3598",32,74,2
"3599",49,105,6
"3600",2,124,2
"3601",49,13,10
"3602",3,77,3
"3603",58,96,1
"3604",31,109,3
"3605",59,71,1
"3606",39,15,1
"3607",2,46,3
"3608",40,88,2
"3609",10,56,3
"3610",57,23,5
"3611",10,90,3
"3612",15,109,3
"3613",5,95,3
"3614",67,119,1
"3615",27,77,2
"3616",16,106,3
"3617",68,56,5
"3618",12,56,2
"3619",0,110,6
"3620",37,25,1
"3621",5,81,3
"3622",56,38,1
"3623",27,19,1
"3624",22,40,2
"3625",9,121,6
"3626",53,83,1
"3627",47,77,8
"3628",53,117,8
"3629",43,23,8
"3630",57,105,1
"3631",52,54,1
"3632",10,62,3
"3633",28,2,4
"3634",54,46,1
"3635",9,31,2
"3636",70,94,1
"3637",27,11,1
"3638",57,25,5
"3639",5,93,3
"3640",56,106,1
"3641",27,67,2
"3642",16,122,3
"3643",46,30,1
"3644",23,43,2
"3645",48,66,1
"3646",29,99,2
"3647",44,98,6
"3648",34,54,1
"3649",65,109,1
"3650",18,40,2
"3651",73,85,1
"3652",22,64,2
"3653",64,94,1
"3654",14,34,2
"3655",41,15,1
"3656",71,89,1
"3657",49,87,1
"3658",20,78,2
"3659",61,93,1
"3660",54,80,1
"3661",12,94,3
"3662",45,113,6
"3663",52,112,1
"3664",13,23,2
"3665",45,5,4
"3666",20,52,2
"3667",55,115,1
"3668",65,43,7
"3669",21,37,2
"3670",47,95,1
"3671",56,84,1
"3672",34,94,6
"3673",6,14,2
"3674",54,112,1
"3675",34,118,6
"3676",51,83,1
"3677",25,5,4
"3678",61,99,1
"3679",41,79,2
"3680",17,123,3
"3681",15,23,2
"3682",34,6,1
"3683",40,98,6
"3684",40,36,1
"3685",10,44,2
"3686",3,23,2
"3687",6,114,6
"3688",32,80,2
"3689",3,47,3
"3690",51,35,1
"3691",16,2,4
"3692",15,45,2
"3693",21,91,3
"3694",25,29,2
"3695",45,93,6
"3696",40,108,6
"3697",43,99,6
"3698",0,52,3
"3699",32,96,2
"3700",39,71,2
"3701",32,66,2
"3702",60,116,1
"3703",45,107,6
"3704",32,68,2
"3705",65,67,1
"3706",21,65,2
"3707",34,98,6
"3708",50,114,1
"3709",34,116,6
"3710",7,79,3
"3711",0,28,3
"3712",11,73,3
"3713",35,83,2
"3714",66,36,7
"3715",2,16,2
"3716",39,1,4
"3717",19,11,4
"3718",17,5,4
"3719",66,82,1
"3720",16,114,3
"3721",17,125,3
"3722",66,50,5
"3723",47,109,6
"3724",42,4,4
"3725",16,102,3
"3726",38,2,4
"3727",35,101,6
"3728",69,63,10
"3729",66,62,1
"3730",7,97,3
"3731",0,30,3
"3732",33,47,2
"3733",3,105,6
"3734",44,22,1
"3735",37,95,6
"3736",46,68,1
"3737",18,54,2
"3738",39,5,4
"3739",41,91,6
"3740",7,63,3
"3741",16,94,3
"3742",5,39,2
"3743",42,38,1
"3744",55,65,1
"3745",19,85,3
"3746",58,58,1
"3747",70,52,7
"3748",1,37,3
"3749",47,57,1
"3750",45,41,1
"3751",30,84,2
"3752",73,105,1
"3753",48,112,6
"3754",55,43,1
"3755",28,12,1
"3756",69,51,7
"3757",42,24,1
"3758",27,107,3
"3759",28,54,2
"3760",16,100,3
"3761",72,92,1
"3762",28,50,2
"3763",5,123,6
"3764",30,114,3
"3765",59,103,1
"3766",13,111,3
"3767",48,8,10
"3768",64,50,5
"3769",31,41,2
"3770",48,44,1
"3771",38,34,1
"3772",16,34,2
"3773",0,24,3
"3774",71,59,7
"3775",60,90,1
"3776",69,91,1
"3777",30,60,2
"3778",62,90,1
"3779",14,104,3
"3780",12,100,3
"3781",6,66,3
"3782",17,13,2
"3783",42,22,1
"3784",38,46,1
"3785",42,18,1
"3786",42,16,1
"3787",24,74,2
"3788",15,121,3
"3789",40,90,6
"3790",35,85,2
"3791",4,118,6
"3792",19,67,2
"3793",1,105,6
"3794",68,38,7
"3795",29,81,2
"3796",43,19,1
"3797",54,52,1
"3798",43,3,4
"3799",20,76,2
"3800",51,71,1
"3801",4,96,6
"3802",21,87,3
"3803",72,78,1
"3804",45,75,2
"3805",33,119,6
"3806",62,34,5
"3807",57,63,1
"3808",71,67,10
"3809",55,105,1
"3810",16,20,2
"3811",20,70,2
"3812",52,82,1
"3813",45,13,1
"3814",46,46,1
"3815",60,32,5
"3816",50,40,1
"3817",11,115,6
"3818",12,102,3
"3819",21,11,4
"3820",31,67,2
"3821",27,41,2
"3822",68,76,1
"3823",22,70,2
"3824",12,54,2
"3825",1,71,3
"3826",0,94,6
"3827",12,66,3
"3828",43,43,1
"3829",67,101,1
"3830",53,21,5
"3831",11,17,2
"3832",42,76,2
"3833",52,90,1
"3834",5,55,3
"3835",2,108,6
"3836",45,95,6
"3837",57,61,1
"3838",66,72,1
"3839",64,70,1
"3840",10,124,2
"3841",21,41,2
"3842",38,66,2
"3843",62,26,10
"3844",62,66,1
"3845",9,17,2
"3846",6,16,2
"3847",24,102,3
"3848",39,35,1
"3849",14,46,2
"3850",20,68,2
"3851",23,107,3
"3852",26,18,2
"3853",20,10,4
"3854",62,80,1
"3855",7,19,2
"3856",58,20,7
"3857",9,7,2
"3858",37,73,2
"3859",6,68,3
"3860",22,122,3
"3861",29,41,2
"3862",10,14,2
"3863",50,78,1
"3864",22,86,2
"3865",66,56,5
"3866",54,106,1
"3867",5,99,6
"3868",44,58,1
"3869",39,61,2
"3870",28,76,2
"3871",49,11,10
"3872",26,38,2
"3873",55,47,1
"3874",51,55,1
"3875",7,43,2
"3876",64,100,1
"3877",60,82,1
"3878",42,12,1
"3879",16,116,3
"3880",19,51,2
"3881",23,27,2
"3882",12,98,3
"3883",46,108,6
"3884",8,46,2
"3885",15,73,3
"3886",54,116,1
"3887",18,72,2
"3888",47,89,6
"3889",8,10,2
"3890",68,62,10
"3891",13,79,3
"3892",69,85,1
"3893",10,112,6
"3894",68,102,1
"3895",72,68,1
"3896",20,0,4
"3897",41,11,1
"3898",48,100,1
"3899",8,68,3
"3900",7,59,3
"3901",52,74,1
"3902",41,7,4
"3903",2,106,6
"3904",21,5,8
"3905",37,29,1
"3906",26,16,4
"3907",26,114,3
"3908",25,1,4
"3909",50,74,1
"3910",23,55,2
"3911",11,91,3
"3912",24,112,3
"3913",3,31,3
"3914",36,14,1
"3915",3,107,6
"3916",59,91,1
"3917",38,58,1
"3918",0,84,3
"3919",20,120,3
"3920",5,43,3
"3921",71,81,1
"3922",62,112,1
"3923",34,86,2
"3924",35,33,1
"3925",29,79,2
"3926",10,110,6
"3927",10,50,2
"3928",43,93,6
"3929",10,102,3
"3930",21,109,3
"3931",65,101,1
"3932",11,57,3
"3933",30,18,1
"3934",34,30,1
"3935",9,23,2
"3936",75,67,1
"3937",11,53,2
"3938",21,73,2
"3939",68,110,1
"3940",59,63,1
"3941",0,86,6
"3942",53,97,1
"3943",36,18,1
"3944",2,56,3
"3945",29,87,2
"3946",65,59,1
"3947",44,118,6
"3948",65,49,5
"3949",58,116,1
"3950",24,36,2
"3951",31,21,1
"3952",44,86,2
"3953",26,8,4
"3954",36,44,1
"3955",70,66,10
"3956",49,61,1
"3957",13,123,2
"3958",33,43,2
"3959",2,120,6
"3960",24,82,2
"3961",9,77,3
"3962",18,56,2
"3963",49,115,12
"3964",9,27,2
"3965",8,52,3
"3966",26,12,1
"3967",31,95,2
"3968",69,105,1
"3969",24,22,2
"3970",19,55,2
"3971",22,114,3
"3972",10,54,2
"3973",36,4,4
"3974",24,14,4
"3975",46,26,1
"3976",6,96,3
"3977",43,101,6
"3978",13,77,3
"3979",30,44,2
"3980",7,39,2
"3981",59,25,10
"3982",64,90,1
"3983",18,76,3
"3984",4,70,3
"3985",30,68,2
"3986",12,6,4
"3987",62,76,1
"3988",17,69,2
"3989",24,52,2
"3990",62,110,1
"3991",26,96,2
"3992",20,36,2
"3993",41,103,6
"3994",34,28,1
"3995",17,85,3
"3996",24,24,2
"3997",60,58,1
"3998",11,21,2
"3999",33,93,6
"4000",5,37,2
"4001",2,100,6
"4002",64,116,1
"4003",48,78,1
"4004",34,16,1
"4005",34,78,2
"4006",43,31,1
"4007",44,54,1
"4008",19,115,3
"4009",2,68,3
"4010",52,64,1
"4011",61,45,1
"4012",16,86,3
"4013",48,80,1
"4014",46,86,1
"4015",13,21,2
"4016",20,28,2
"4017",22,98,3
"4018",31,15,1
"4019",38,94,6
"4020",58,38,1
"4021",62,94,1
"4022",34,26,1
"4023",47,91,6
"4024",22,112,3
"4025",5,53,3
"4026",61,73,1
"4027",5,107,6
"4028",38,74,2
"4029",26,64,2
"4030",2,24,2
"4031",13,33,2
"4032",51,87,1
"4033",52,18,5
"4034",27,17,1
"4035",46,8,4
"4036",22,60,2
"4037",41,63,2
"4038",27,35,1
"4039",38,82,2
"4040",7,45,3
"4041",26,20,2
"4042",46,70,1
"4043",15,59,2
"4044",1,19,2
"4045",35,75,2
"4046",20,48,2
"4047",13,75,3
"4048",38,86,2
"4049",7,77,3
"4050",38,54,1
"4051",55,69,1
"4052",67,51,5
"4053",6,22,2
"4054",47,85,1
"4055",55,95,1
"4056",40,16,1
"4057",72,38,7
"4058",27,7,1
"4059",7,15,2
"4060",16,4,4
"4061",19,75,2
"4062",23,95,3
"4063",48,46,1
"4064",50,46,1
"4065",1,77,3
"4066",39,111,6
"4067",13,99,3
"4068",61,107,1
"4069",1,89,3
"4070",46,12,1
"4071",21,101,3
"4072",46,64,1
"4073",54,44,1
"4074",12,110,3
"4075",41,115,6
"4076",45,87,4
"4077",21,49,2
"4078",50,86,1
"4079",35,15,1
"4080",11,25,2
"4081",52,68,1
"4082",24,44,2
"4083",9,123,6
"4084",25,45,2
"4085",61,59,1
"4086",11,19,2
"4087",59,47,1
"4088",41,117,6
"4089",20,100,3
"4090",7,99,3
"4091",16,88,3
"4092",18,24,2
"4093",36,72,2
"4094",55,37,1
"4095",61,117,1
"4096",67,63,10
"4097",12,86,3
"4098",29,29,1
"4099",4,114,6
"4100",23,105,3
"4101",34,90,6
"4102",6,84,3
"4103",22,32,2
"4104",60,46,1
"4105",22,44,2
"4106",67,55,5
"4107",52,84,1
"4108",49,69,1
"4109",33,17,1
"4110",40,80,2
"4111",28,106,3
"4112",20,12,4
"4113",18,34,2
"4114",17,61,2
"4115",49,101,1
"4116",2,70,3
"4117",1,85,3
"4118",47,41,1
"4119",40,110,6
"4120",52,32,1
"4121",21,79,2
"4122",23,35,2
"4123",30,8,1
"4124",24,104,3
"4125",13,103,3
"4126",19,21,2
"4127",60,88,1
"4128",32,50,2
"4129",34,76,2
"4130",48,10,10
"4131",39,97,6
"4132",47,99,1
"4133",44,32,1
"4134",64,80,1
"4135",24,78,2
"4136",50,34,1
"4137",9,51,2
"4138",41,101,6
"4139",43,41,1
"4140",46,104,6
"4141",55,87,1
"4142",44,38,1
"4143",44,116,6
"4144",38,118,6
"4145",7,91,3
"4146",3,119,6
"4147",39,119,6
"4148",27,115,3
"4149",29,47,2
"4150",70,34,5
"4151",24,90,2
"4152",48,34,1
"4153",27,33,1
"4154",70,68,10
"4155",43,57,1
"4156",21,59,2
"4157",0,106,6
"4158",41,35,1
"4159",44,114,6
"4160",54,24,5
"4161",36,34,1
"4162",62,78,1
"4163",11,97,3
"4164",68,104,1
"4165",22,4,4
"4166",69,101,1
"4167",53,45,1
"4168",2,66,3
"4169",25,19,2
"4170",51,41,1
"4171",14,96,3
"4172",69,83,1
"4173",3,29,2
"4174",67,107,1
"4175",22,72,2
"4176",19,57,2
"4177",33,57,2
"4178",22,20,2
"4179",8,78,3
"4180",50,24,1
"4181",41,29,1
"4182",51,105,1
"4183",56,86,1
"4184",8,44,2
"4185",48,52,1
"4186",10,60,3
"4187",17,55,2
"4188",74,86,1
"4189",17,21,2
"4190",16,82,3
"4191",35,121,6
"4192",65,113,1
"4193",23,37,2
"4194",68,64,10
"4195",28,70,2
"4196",51,109,1
"4197",30,76,2
"4198",15,125,3
"4199",33,117,6
"4200",48,48,1
"4201",6,122,6
"4202",39,125,6
"4203",53,23,5
"4204",2,110,6
"4205",46,32,1
"4206",27,81,2
"4207",35,55,1
"4208",12,74,3
"4209",22,58,2
"4210",56,90,1
"4211",43,13,1
"4212",69,111,1
"4213",60,74,1
"4214",18,60,2
"4215",50,28,1
"4216",63,95,1
"4217",56,60,1
"4218",51,59,1
"4219",22,42,2
"4220",24,64,2
"4221",21,3,8
"4222",31,77,2
"4223",58,42,1
"4224",60,30,5
"4225",45,27,1
"4226",7,51,3
