array_row,array_col,mclust
3276,2514,3
9178,8520,6
5133,2878,3
3462,9581,7
2779,7663,1
3053,8143,1
5109,11263,7
8830,9837,5
10228,2894,5
10075,7924,6
4087,7547,6
5047,8748,1
7865,10313,5
3469,6946,1
6578,3242,3
10297,2774,5
7600,6719,6
9608,3011,2
8416,10315,5
3757,2635,3
6212,10548,1
10292,4211,3
9744,3491,2
6970,10430,1
9945,5288,3
6771,7914,6
3466,7904,1
9377,11036,5
8508,2529,5
5475,3718,4
3197,5987,6
5870,9948,1
5941,9109,1
6434,5398,4
3956,5390,6
9468,3730,3
9884,2533,5
4015,8625,1
5751,3719,4
3194,6945,1
8630,7800,6
8768,7561,6
8227,4205,3
10080,6247,3
6908,8154,6
9459,6844,5
7594,8875,6
10573,2535,5
8140,10314,5
6014,7792,6
9108,8879,6
9808,5048,3
3821,4432,4
6920,4082,3
3327,8383,1
5674,6474,6
2165,5625,3
5891,2761,3
6155,6595,6
2438,6344,1
8090,4205,3
8636,5644,3
10079,6726,5
4289,9105,1
3481,3113,4
10361,4331,3
8368,3247,3
4430,8147,1
5056,5873,6
4700,9825,1
3885,5989,6
8558,8638,6
6646,3602,3
3604,7905,1
4513,3236,4
4288,9584,1
6781,4321,4
4298,5990,6
9936,8403,6
7862,11511,1
8980,5765,3
9947,4570,3
3344,2873,4
5731,10187,1
3814,6827,6
8505,3248,3
4235,4193,6
4854,4315,4
5111,10544,7
9933,9361,6
10778,3135,2
8769,7321,4
6990,3483,3
6985,5399,4
8491,8039,6
6576,3961,3
7682,2527,3
7797,9953,5
10285,6846,5
6836,8992,1
8502,4446,3
7181,8874,6
5818,4318,4
7398,5401,4
9327,4927,3
3686,3473,4
5799,10546,1
6641,5279,4
8626,8998,6
8490,8518,6
4843,8148,6
5049,8268,1
4996,2639,3
4920,5393,6
7885,3605,3
7256,6838,6
2855,5148,3
9937,8163,6
5477,2999,3
6354,9111,1
5190,7071,6
8486,9716,6
8503,3966,3
2999,2992,5
4029,3833,4
8564,6722,4
4978,8867,1
9812,3611,2
6712,4440,4
6711,4919,4
8300,2888,3
5545,3359,3
3407,4670,6
4023,5990,6
3546,4191,4
2645,6225,1
5546,3119,3
10703,5171,3
10841,4932,3
3891,4073,4
9998,10679,5
5871,9708,1
4031,3115,4
8714,2649,5
6843,6836,6
4024,5750,6
7463,6718,6
4157,7188,6
7669,6839,6
9657,9600,6
4838,9585,1
8361,5643,4
7179,9592,6
6906,8873,1
9523,8401,6
10773,4812,3
7176,10551,1
10844,3973,3
8849,3608,3
4564,9345,1
6838,8513,6
7187,6718,6
7730,9354,6
6097,2881,3
5469,5874,6
9664,7204,5
8154,5762,4
10283,7565,6
4782,5393,6
5330,6113,6
8498,5643,3
3943,9703,7
7742,5521,4
8492,7799,6
4928,2519,3
5403,4796,4
4297,6469,6
9111,7921,6
10772,5051,3
2367,7182,1
3881,7426,6
5457,9947,1
2853,5866,6
9318,7802,6
4016,8385,1
4697,10783,7
7663,8755,6
8006,9355,6
9327,4688,3
4499,8027,6
9448,10437,5
6372,3122,3
6969,10670,1
4227,6829,6
4772,8747,1
7060,3124,3
3474,5269,6
4698,10543,7
9032,11394,1
5323,8748,1
8078,8277,6
9813,3371,2
9809,4809,3
6078,9349,1
2647,5506,3
5063,3477,4
9661,8402,6
9118,5765,3
3676,6827,6
3756,3114,4
4422,10782,7
8902,8998,6
5405,4077,4
3961,3474,4
7655,11630,1
7599,7198,6
10007,7564,6
6302,3481,3
9653,11037,5
7864,10553,1
3257,8742,3
9738,5647,3
2849,7064,1
8496,6362,4
3189,8622,1
8644,3009,3
4223,8266,1
7528,7797,6
5402,5275,4
3615,4311,6
8568,5284,3
9118,5525,3
6227,5517,6
8845,4806,3
10641,2895,5
3265,6107,6
4577,4793,6
4014,9104,1
4354,10422,7
7724,11510,1
9585,10677,5
5602,7312,6
6697,9471,1
2722,3710,4
6493,8632,1
8275,11512,1
8431,5284,3
3068,2872,5
6144,10428,1
7383,10431,1
6494,8392,6
7872,7917,6
9173,10197,5
10343,10320,5
8434,4086,3
6783,3842,3
7544,2526,3
2434,8021,1
8830,10076,5
7802,8516,6
7941,7798,6
9262,3370,3
7120,6358,4
4232,5152,6
3954,6109,6
2230,6942,1
7320,8395,6
4711,5992,6
8142,9835,5
9470,3011,2
7391,7796,6
3536,7545,1
4365,6829,6
6442,2763,3
4288,9344,1
9882,3491,2
8834,8639,6
2783,6225,1
7809,5881,4
6021,5397,6
10706,4213,3
8354,7799,6
6575,4200,3
2722,3470,4
6761,11268,1
10218,6247,3
5608,5395,6
4852,4794,6
10848,2536,5
2513,4308,6
5126,5514,6
9801,7444,5
7051,6238,4
7060,3363,3
7052,5759,4
9726,9480,6
3339,4550,6
5460,8749,1
10070,9601,6
3808,8744,1
6096,3360,3
6164,3720,3
8969,9598,6
7678,3724,3
8690,10795,1
8145,8876,6
4841,8627,1
2161,7062,1
3122,8023,1
10360,4810,3
10160,2534,5
6504,5039,4
2989,6346,1
6079,9110,1
9181,7562,6
6428,7554,6
4707,7429,6
7734,7917,6
7334,3604,3
7267,3005,3
9320,7323,5
3135,3472,4
6356,8632,1
8964,11274,1
10085,4570,3
6786,2883,3
9740,4928,3
8829,10316,5
5529,8869,1
5542,4557,4
9447,10917,5
7524,9234,6
7748,3365,3
5881,6115,6
7586,11510,1
9526,7443,5
10496,5290,3
7389,8275,6
2584,3709,6
2436,7063,1
7129,3004,3
5960,2881,3
9262,3609,3
8628,8279,6
6016,7073,6
2985,7783,1
5051,7550,6
2514,4069,6
8084,6121,4
3887,5510,6
4708,6950,6
9037,9718,5
4149,9823,7
4559,10782,7
6629,9351,1
9045,7082,4
5464,7551,6
10273,10679,5
5871,9469,1
3547,3952,4
4908,9226,1
8965,10795,5
7940,8277,6
10084,5049,3
6644,4081,3
10842,4452,3
7679,3245,3
5820,3599,3
6765,9831,1
6708,5878,4
7588,11031,1
10276,9721,5
8495,6841,4
7595,8635,6
9456,7802,6
8904,8040,6
9057,3010,3
4838,9825,1
6647,3123,3
4222,8506,1
4228,6349,6
9939,7444,5
6143,10667,3
9521,9120,6
9872,6606,5
3397,8024,1
6718,2524,3
3815,6348,6
8551,11034,1
4492,10183,7
4512,3476,4
7747,3605,3
3396,8503,1
9324,5885,3
7674,5162,4
2232,6463,1
6502,5518,4
9183,6843,4
5121,6951,6
6990,3722,3
5388,10066,1
9669,5527,3
9814,3132,2
9176,9239,6
6362,6476,6
7036,11508,1
7194,4562,3
9171,11155,5
7061,2884,3
7047,7675,6
6219,8392,1
4294,7428,6
6430,6596,6
2508,5985,1
10710,2536,5
9048,5885,3
3056,7184,1
7749,2886,3
9101,11275,1
4028,4313,4
7316,9832,6
9603,4688,3
7593,9354,6
6286,8751,1
5942,8870,1
7458,8395,6
4307,3116,4
3879,8145,1
10289,5409,3
2789,4309,6
8827,11034,1
6714,3722,3
4353,10902,7
6775,6477,6
7106,10910,1
8837,7441,4
6442,2523,3
2572,7782,1
6505,4559,4
7543,2766,3
6910,7435,6
4845,7190,6
3063,4789,3
5889,3480,3
9942,6486,5
5182,9706,1
8691,10315,5
6851,4201,3
10913,3854,3
8918,3489,3
5522,11025,7
4988,5513,6
6008,9709,1
9316,8521,6
9398,4089,3
9596,7084,5
2239,4068,3
9935,8882,6
7264,4202,3
4976,9586,1
4444,3356,4
8073,9715,5
6915,5519,4
5131,3597,4
4149,10062,7
3328,8144,1
9322,6364,4
10634,5051,3
6904,9352,1
6976,8274,6
8345,10913,1
2856,4669,3
9792,10558,5
10833,7567,4
3740,8384,1
7531,6838,6
2234,5745,3
7529,7557,6
7954,3486,3
8827,10795,1
6980,6837,6
8556,9357,6
7871,8157,6
7680,3006,3
4216,10662,7
6988,4441,3
10353,6966,5
10845,3734,2
7533,6120,4
4850,5752,6
4649,3716,4
5949,6474,6
6570,6117,6
4304,4074,6
6235,2882,3
8710,3847,3
7523,9473,6
4372,4194,6
8357,6841,4
4377,2517,3
5741,7073,6
8354,8039,6
7732,8636,6
8004,9834,5
10435,2535,5
7328,5760,4
7116,7556,6
6028,3001,3
5537,5994,6
2847,7783,1
9591,8761,6
9460,6365,4
6433,5877,6
2918,7184,1
10072,8882,6
7190,5759,4
8757,11394,1
8219,7080,6
3120,8742,3
5189,7550,6
7521,10192,5
4085,8266,1
2919,6945,1
8963,11514,1
9605,3970,3
8909,6363,4
3752,4551,6
2993,5148,6
5407,3358,3
4094,5151,6
6632,8393,6
6020,5636,6
9798,8642,6
3330,7425,1
8835,8399,6
4427,8865,1
7612,2646,3
9193,3489,3
5331,5874,6
5250,10066,1
4491,10662,7
8223,5643,4
4494,9465,1
3399,7305,1
3472,5988,6
9864,9480,6
10910,4812,3
6574,4440,4
4093,5391,6
3272,3711,4
9109,8640,6
10364,3373,2
5684,2880,3
9454,8281,6
10779,2656,5
8919,3249,3
10775,3853,3
5192,6352,6
9724,10199,5
10292,4451,3
4776,7309,6
4578,4314,6
7803,8037,6
7108,10191,1
8844,5045,3
7327,5999,4
5953,5037,4
8916,4207,3
9459,6604,4
3806,9463,1
2652,3829,6
5879,6833,6
9814,2892,2
3051,8861,3
7110,9712,6
8562,7440,6
3531,9222,3
6639,5758,4
3539,6587,6
7732,8875,6
4573,6231,6
6833,10190,1
6147,9230,1
7931,11391,1
8696,8638,6
3464,8863,3
5746,5156,4
9379,10557,5
6144,10188,1
8279,10075,5
7742,5282,4
6624,11028,1
3949,7546,6
5868,10666,7
3942,10182,7
5526,9827,1
6644,4320,4
9259,4568,3
10208,9362,6
2368,6943,1
2239,3828,3
3671,8504,1
3121,8502,1
3200,5029,3
4703,8627,1
6230,4559,4
5952,5516,6
9586,10198,5
5940,9349,1
8499,5404,3
8780,3488,3
6421,9949,1
2983,8502,1
4717,4075,4
6694,10429,1
8370,2529,4
10153,4690,3
3824,3474,4
3894,2875,4
4651,3236,4
7046,7915,6
8507,2769,3
4425,9824,1
8072,10194,5
8982,5046,3
7263,4442,3
9658,9360,6
8076,8756,6
10705,4452,3
7393,7077,6
8226,4684,3
9526,7204,5
5258,7431,6
7950,4923,3
9540,2652,5
9953,2653,5
4083,8984,1
5408,3119,3
7406,2526,3
9034,10676,5
3743,7426,1
3068,3112,5
6627,9830,1
8011,7678,6
4785,4435,6
5257,7670,6
8914,4686,3
2376,4068,6
8902,8759,6
6630,8872,1
8767,8040,6
8689,11034,1
3259,8263,1
4859,2638,3
10071,9361,6
8085,5642,4
5527,9587,1
8972,8400,6
4780,5872,6
3204,3591,4
5955,4318,4
3880,7906,1
5729,11145,1
8210,9955,5
3324,9581,7
9879,4450,3
4230,5631,6
5048,8508,1
3405,5389,6
8297,4086,3
5340,2999,3
9734,6845,5
5803,9109,1
9943,6007,3
7266,3484,3
3536,7785,1
5266,4556,4
6637,6716,6
4904,10664,7
9948,4330,3
8839,6962,4
4423,10303,7
8496,6602,4
2921,5986,1
10503,2894,5
5248,10784,7
8222,6122,4
6500,6476,6
4992,4076,4
7402,3963,3
4562,10064,7
4296,6709,6
9666,6725,5
3535,8024,1
4032,2875,3
9325,5646,3
9309,10916,5
6007,10188,1
3332,6946,1
10076,7684,6
7261,5161,4
6772,7435,6
8437,3128,3
9515,11037,5
8206,11392,1
6299,4439,4
7450,11030,1
9668,6006,3
9606,3730,3
2919,6705,1
7604,5521,4
8230,3247,3
8212,9236,6
6418,10908,7
7130,2765,3
9195,3010,4
8915,4447,3
5681,4078,4
4437,5512,6
5456,10186,1
3825,2994,4
3944,9463,1
5734,9468,1
4560,10543,7
5395,7431,6
8353,8278,6
8970,9118,6
4237,3235,4
4096,4433,6
3550,2994,4
9044,7561,6
8570,4566,3
8357,7080,6
4850,5513,6
3741,8145,1
9870,7324,5
7727,10313,5
8419,9356,6
4153,8625,1
9805,6007,3
4221,8985,1
3545,4671,6
6709,5399,4
7451,10551,1
9180,7801,6
10497,5050,3
5739,7791,6
4079,10422,7
8151,6720,4
9255,6005,3
8229,3487,3
9654,10558,5
8280,9596,6
5532,7910,6
8152,6481,4
8765,8758,6
5049,8029,6
8417,9835,5
8287,7439,6
8688,11274,1
8637,5404,3
8073,9954,5
2986,7304,1
2777,8142,1
2644,6704,1
8708,4566,3
2858,4189,6
3750,5030,6
5189,7311,6
7676,4443,3
3877,8624,1
2717,5387,6
3129,5628,6
8296,4325,3
7268,2765,3
2718,4908,3
5606,6114,6
6634,7674,6
3478,4071,4
3961,3714,4
6488,10309,1
3408,4431,6
9447,10677,5
6438,3960,3
7248,9473,6
9179,8281,6
4292,8146,1
5271,2879,3
6357,8152,6
9520,9360,6
5604,6593,6
8024,3127,3
4089,7068,6
7738,6719,6
7329,5520,4
10019,3731,2
10776,3614,2
7113,8514,6
9950,3611,2
9255,5765,3
9596,6844,5
5738,8031,6
3270,4430,6
6495,8153,6
4233,4673,6
7453,9833,6
6558,10189,1
7111,9233,1
4158,6709,6
6303,3002,3
5957,3600,3
5960,2641,3
10086,4330,3
6560,9471,1
10366,2654,5
4308,2637,3
7530,7317,6
3669,9223,3
7811,5162,4
2920,6465,1
7456,9114,6
8560,8159,6
6489,10069,1
9382,9599,6
6366,5038,4
3892,3594,4
7936,9475,6
2852,6106,1
8498,5883,4
5261,6472,6
5470,5634,6
8567,5763,4
6786,2644,3
8899,9957,5
3132,4669,6
2857,4429,6
9263,3130,3
4431,7668,6
8843,5525,3
7055,5040,4
6570,5877,4
6784,3362,3
6084,7433,6
9183,7083,4
6835,9471,1
7249,8994,6
8622,10435,1
9587,9959,5
9389,6964,4
9733,7084,5
7612,2886,3
8487,9476,6
8157,4804,3
6361,6715,6
5936,11026,7
6829,11388,1
8839,6722,4
10363,3613,2
4912,7789,6
7457,8635,6
6232,3840,3
4371,4673,6
5950,6235,6
9524,8162,6
4429,8386,1
6142,11146,1
6637,6476,6
7812,4923,3
4636,8028,6
6779,5039,4
5050,7789,6
8143,9356,6
3190,8383,1
8642,3488,3
8155,5283,4
9449,9958,5
6222,7194,6
7956,2767,3
4713,5512,6
4018,7666,6
2575,6824,1
7109,9951,6
7886,3126,3
10088,3372,2
5736,8510,1
5327,7311,6
6073,11026,7
5463,7790,6
3951,7067,6
5394,7910,6
5201,3238,3
6496,7674,6
6365,5278,4
3342,3352,4
6089,5516,6
9387,7922,6
9807,5288,3
7388,8754,6
8776,4926,3
2713,6585,1
2371,5985,3
3066,3591,4
8900,9478,6
8642,3727,3
2378,3589,3
6767,9112,1
8208,10913,1
6625,10549,1
9334,2532,5
9588,9719,6
7125,4442,3
10143,8283,6
4975,10065,1
2995,4429,6
9117,6005,4
6075,10547,3
6903,9831,1
7397,5640,4
6093,4319,4
9311,10197,5
5194,5634,6
9598,6126,3
10426,5649,3
5333,5155,4
2439,6105,1
6161,4439,4
4221,8745,1
5112,10065,1
8215,8278,6
4575,5512,6
10420,7566,6
5886,4438,4
5601,7791,6
2580,4907,3
5263,5754,6
6640,5518,4
5753,3000,3
9397,4328,3
8424,7679,6
7326,6239,4
7881,4803,3
9673,4090,3
7050,6717,6
9317,8281,6
4163,5032,6
7385,9713,6
9865,9241,6
10021,2773,5
6705,6836,6
7606,4802,3
6364,5757,4
2782,6465,1
8573,3607,3
8231,3007,3
4287,9823,1
8423,7919,6
6348,11267,1
8010,7918,6
6098,2642,3
10158,3253,2
9873,6366,3
9862,10199,5
6557,10429,1
7107,10670,1
2443,4667,3
3673,8025,1
6090,5277,4
7045,8154,6
6234,3121,3
4165,4313,6
2719,4429,6
3126,6586,1
8484,10674,1
5387,10306,1
9333,2771,5
6221,7673,6
2237,4786,3
6710,5159,4
7605,5281,4
6713,4201,3
8160,3846,3
9591,8521,6
10280,8284,6
10497,4811,3
4225,7308,6
5197,4675,4
9051,5166,3
9394,5526,3
5541,4796,4
7049,6957,6
7538,4682,3
10079,6487,5
6074,10787,7
6371,3361,3
5815,5037,4
10571,3014,4
4701,9585,1
8828,10555,5
9038,9478,6
6836,9232,1
9815,2653,5
8914,4926,3
8163,2648,3
3886,5750,6
6289,8032,6
8280,9835,5
3817,5630,6
9535,4329,3
4851,5273,6
3823,3713,4
3952,6828,6
10843,4213,3
9517,10318,5
9732,7564,5
5681,3838,4
8092,3247,3
8160,3606,3
5537,6234,6
10015,4929,3
7128,3483,3
3685,3952,4
8978,6483,4
7934,10193,5
8971,8639,6
5122,6711,6
9177,8999,6
5750,3958,4
10019,3492,2
2372,5506,3
9446,11156,5
9252,6724,4
8020,4324,3
5798,11026,7
9674,3850,3
5749,4198,4
4780,6112,6
9805,6246,3
7311,11509,1
7539,4203,3
4564,9105,1
6373,2643,3
4290,8865,1
7943,7319,6
7055,4801,4
2162,6823,1
6968,10909,1
5393,8150,1
4917,6112,6
7542,3005,3
7953,3965,3
7333,3843,3
9800,7923,6
4220,9224,1
10089,3133,2
2928,3591,4
3811,7786,1
6167,2522,3
5807,7911,6
10152,5169,3
6782,4081,3
10424,6368,3
8576,2649,5
6993,2525,3
2998,3232,4
10069,9840,5
2515,3829,6
9243,9838,5
5609,4916,4
4784,4674,6
9934,9121,6
7607,4323,3
8093,3007,3
10362,4092,3
5335,4676,4
10432,3733,2
5940,9589,1
4994,3597,4
10501,3373,2
7252,8035,6
8285,7919,6
4779,6351,6
6711,4680,4
7112,8993,1
6841,7315,6
9035,10436,5
3344,2634,3
9735,6605,5
5799,10786,7
5890,3240,3
8631,7321,4
7259,5640,4
10420,7805,6
2849,7304,1
9401,3131,2
4909,8987,1
3411,3472,4
9058,2531,5
8228,3966,3
3822,4192,4
6072,11266,1
10356,6008,3
7800,8995,6
8436,3607,3
8085,5882,4
6027,3240,3
10078,6966,5
6639,5997,4
6498,6955,6
3067,3352,4
9879,4210,3
5602,7551,6
9245,9119,6
10074,8163,6
4024,5510,6
8289,6481,4
8299,3127,3
10156,3732,2
6225,6236,6
6298,4918,4
8832,9358,6
6283,9949,1
9863,9720,5
10003,9002,6
4170,2636,3
7183,8155,6
4769,9705,1
7317,9353,6
6567,7075,6
3410,3712,4
8364,4685,3
9594,7803,6
2711,7303,1
3668,9702,7
6370,3840,3
10018,3971,3
9390,6724,4
5128,4555,4
8088,4923,3
4840,8867,1
7662,9234,6
3258,8503,1
4925,3477,4
7953,3725,3
6226,5756,6
6783,3602,3
9328,4448,3
8574,3368,3
8620,11154,1
9315,8760,6
4703,8866,1
4154,8146,1
3889,4552,6
7124,4921,4
6987,4681,4
10297,2534,5
7948,5402,4
9250,7682,6
4159,6469,6
8989,2650,5
9469,3251,2
5546,2880,3
5616,2521,3
7122,5400,4
5124,6232,6
8906,7561,6
9260,4328,3
2921,6226,1
10138,9960,5
4704,8387,1
2238,4307,3
8712,3368,3
7737,6959,6
8419,9117,6
5673,6713,6
9519,9599,6
7336,3125,3
6084,7193,6
7058,3842,3
4633,9225,1
8158,4325,3
7252,8275,6
3057,6705,1
5385,10785,7
9106,9598,6
5662,10306,1
5128,4795,4
5467,6593,6
4301,5032,6
3133,4190,6
8007,8876,6
9796,9121,6
5667,8869,1
8979,6244,4
5599,8510,1
6080,8631,1
6984,5639,4
5460,8988,1
6921,3602,3
9173,10437,5
5332,5634,6
9601,5168,3
3325,9102,3
7534,5880,4
9041,8520,6
7247,9952,6
6510,2883,3
8022,3845,3
7467,5281,4
8709,4326,3
5116,8867,1
2506,6943,1
6224,6475,6
8360,5883,4
5061,4196,4
3672,8264,1
4091,6349,6
8021,4085,3
6289,7793,6
5547,2640,3
8003,10313,5
5121,7191,6
4082,9224,1
7182,8394,6
10775,4093,3
9120,4807,3
3888,5031,6
9189,4927,3
3397,8264,1
2237,4547,3
8430,5523,3
4238,2996,3
10432,3493,2
8981,5525,3
2365,7901,1
4100,3235,4
6703,7555,6
7879,5522,4
3683,4431,4
4716,4315,6
8489,8758,6
5675,5994,6
3955,5630,6
5523,10785,7
8633,6842,4
7110,9472,1
3123,7544,1
5339,3238,3
4579,4075,4
5939,9828,1
4295,6949,6
4285,10302,7
6498,7195,6
3343,3113,4
5466,6832,6
9940,6965,5
5730,10666,1
8139,10793,1
3680,5629,6
5047,8987,1
7470,4323,3
5265,4795,4
8554,10315,5
4293,7907,6
9190,4687,3
5945,7672,6
3810,8265,1
7610,3604,3
10223,4331,3
2651,4309,6
6920,3842,3
8627,8758,6
10067,10799,5
3202,4310,6
8489,8997,6
3481,2874,4
5198,4196,4
6152,7553,6
2924,5268,6
9882,3252,2
9052,4687,3
2715,5866,1
8976,6962,4
5131,3837,4
6923,3123,3
9457,7323,5
7592,9593,6
7379,11629,1
10136,10439,5
6917,5040,4
9249,7921,6
8438,2888,3
6991,3243,3
3605,7665,1
8911,5645,3
6506,4320,4
6301,3960,3
9332,3250,3
9108,9119,6
6092,4558,4
2235,5266,3
7799,9235,6
8018,5043,3
7184,7915,6
6709,5638,4
9240,10796,5
8351,8997,6
9810,4330,3
8008,8397,6
8343,11632,1
10219,5768,3
9102,11035,5
6642,4799,4
6649,2643,3
4285,10542,7
5745,5635,6
6785,3123,3
3618,3114,4
10286,6367,3
3409,3951,4
10358,5290,3
7888,2647,3
2988,6825,1
10082,5528,3
3202,4071,4
8017,5522,4
7473,3125,3
3959,4432,4
5461,8509,1
5471,5155,4
2859,3710,4
4720,2877,3
9935,8642,6
4973,10544,7
4711,6231,6
9055,3729,3
5736,8750,1
6435,4919,4
7050,6478,4
3414,2514,3
5474,4197,4
9654,10797,5
2720,4189,6
2165,5864,3
5054,6591,6
7952,4204,3
5534,6952,6
8570,4805,3
5334,4915,4
8016,6001,4
5534,7192,6
4099,3474,4
8491,8279,6
10279,8763,3
4910,8747,1
7324,6958,6
9663,7444,5
7331,4562,3
4016,8146,1
9528,6724,5
3412,2993,4
10149,6127,3
7656,11151,1
3606,7186,1
9451,9479,6
10204,10799,5
4634,8746,1
3612,5270,6
7947,5881,4
10635,4811,3
6636,6955,6
4581,3596,4
6627,10070,1
3607,6947,1
3334,5988,6
5813,5755,6
8429,5763,4
2710,7543,1
3685,3713,4
8086,5403,4
6215,9589,1
8275,11272,1
7401,4203,3
9185,6125,4
2163,6343,1
6436,4679,4
3339,4311,6
9246,8880,6
2928,3830,4
9678,2652,5
4785,4195,4
6425,8512,1
8907,7082,4
4994,3357,4
8901,9238,6
5811,6713,6
5127,5035,4
3678,6348,6
5054,6352,6
4847,6471,6
7043,9113,1
8220,6601,4
4569,7668,6
6715,3482,3
8232,2768,3
5615,3000,3
8759,10675,1
4907,9705,1
4432,7189,6
9395,5047,3
6692,11388,1
9797,8881,6
2982,8741,3
7804,7558,6
10206,10320,5
2916,7903,1
7261,4921,4
9592,8282,6
6769,8393,6
7609,3844,3
4990,4795,6
3751,4791,6
7819,2527,3
4927,2758,3
6075,10308,1
3611,5509,6
3326,8862,3
4088,7307,6
4839,9346,1
5677,5276,6
2434,7782,1
9453,8760,6
8344,11392,1
8070,10912,1
3548,3712,4
3805,9702,7
2443,4907,3
5198,4436,4
9454,8521,6
4146,10781,1
6166,2762,3
4848,6232,6
2987,7065,1
3271,4191,4
3468,7425,1
3815,6588,6
7129,3244,3
2859,3950,6
4652,2757,3
9656,10079,5
6012,8511,1
4027,4552,6
3398,7784,1
7045,8394,6
3681,5150,6
3133,4430,6
3608,6467,6
9795,9360,6
3945,8984,1
8847,4087,3
7405,3005,3
9868,8043,6
9878,4689,3
6440,3242,3
9114,6963,4
10569,3733,2
3538,7066,1
8920,2770,5
7393,6838,6
3954,5870,6
9516,10797,5
6698,9232,1
6716,3003,3
5956,4079,4
10350,7925,6
8847,4327,3
2641,7662,1
2780,7184,1
5254,8628,1
3953,6349,6
3678,6108,6
6495,7913,6
6899,11029,1
8967,10077,5
7266,3244,3
4567,8147,6
4790,2758,3
9944,5767,3
4369,5392,6
6009,9469,1
10291,4690,3
9803,6725,5
6024,4199,4
2915,8142,1
5748,4437,4
7395,6359,6
8082,6840,6
4364,7069,6
10009,7085,5
5046,9227,1
7463,6479,6
4511,3955,4
8762,9717,5
9313,9718,6
4014,8864,1
9810,4569,3
10422,6847,5
5474,3958,4
9463,5407,3
4636,8267,6
8225,4924,3
3675,7306,1
6029,2522,3
7814,4204,3
6841,7555,6
10004,8762,6
8284,8398,6
8569,5045,3
3688,2754,4
9399,3610,3
7861,11750,1
4428,8626,1
8575,2889,3
4372,4433,6
10344,10081,5
10840,5171,3
5538,5754,6
8220,6840,4
2914,8621,1
7127,3962,3
7731,9115,6
5253,9107,1
5732,9947,1
7468,4802,4
9802,6965,5
3805,9942,7
6914,5998,4
6831,10669,1
8486,9955,5
4578,4554,6
9186,5885,3
8842,5764,3
4236,3714,4
6508,3601,3
4434,6470,6
2712,7064,1
8761,9956,5
7057,4322,3
7199,2885,3
7262,4681,4
8707,5045,3
6216,9350,1
8011,7439,6
2852,6345,1
4766,10903,7
9676,3131,2
7192,5280,4
3946,8744,1
4641,6590,6
7332,4322,3
6355,8871,1
8013,6960,6
7054,5280,4
2374,4787,3
6358,7913,6
8162,2887,3
4421,11022,7
2782,6705,1
3548,3473,4
3127,6346,1
5607,5635,6
9939,7205,5
5124,5993,6
6903,9591,1
4984,6951,6
3812,7307,1
6776,5998,4
10009,6846,5
6430,6835,6
2300,6583,1
3274,2993,4
8988,2890,4
5660,11025,7
8625,9477,6
8825,11514,1
5388,9827,1
6349,10788,1
3192,7664,1
7193,4801,4
9658,9120,6
5596,9468,1
8705,5524,3
7471,3844,3
4432,7428,6
8765,8519,6
10088,3612,2
5530,8390,1
6988,4202,3
3190,8143,1
2369,6464,1
5479,2520,3
6967,11388,1
9396,4808,3
4572,6470,6
3667,9941,7
6076,10068,1
8645,2769,5
8699,7680,6
10294,3732,2
8629,8039,6
10915,3375,2
5053,6831,6
6577,3482,3
2984,8262,1
2845,8501,3
8293,5283,3
10638,3853,2
9666,6485,5
6358,7673,6
8895,11154,1
7189,5999,4
2640,7902,1
8210,10194,5
9314,9239,6
4377,2756,3
10145,7565,6
3887,5270,6
2377,3829,6
5337,3957,4
6781,4560,4
10220,5289,3
10288,5888,3
3684,4192,4
7052,5998,4
7530,7078,6
6282,10189,1
4568,7908,6
4151,9104,1
4787,3716,4
8016,5762,4
8563,6961,4
10708,3254,2
10213,7685,6
5465,7311,6
8209,10434,1
4581,3356,4
10569,3973,3
5866,11146,1
5603,7072,6
4905,10424,7
6554,11387,1
3810,8025,1
8775,5165,3
6423,9231,1
7180,9353,6
4712,5752,6
2166,5385,3
4438,5272,6
5193,5873,6
4093,5630,6
8150,7200,6
4353,10662,7
8976,7202,4
6164,3480,3
9944,5528,3
9178,8760,6
8023,3606,3
10150,5888,3
8277,10554,1
6704,7315,6
6089,5756,6
3331,7185,1
2777,8381,3
3411,3233,4
7673,5401,4
5664,9588,1
8278,10314,5
7675,4683,3
8921,2530,5
3543,5389,6
2506,6704,1
7874,7199,6
5246,11264,7
10914,3614,2
9313,9479,6
7184,7676,6
4019,7427,6
10213,7924,6
8760,10196,5
2992,5388,6
7730,9594,6
9603,4449,3
3533,8743,1
3807,9223,3
4169,3115,4
5874,8510,1
7330,5041,4
3272,3951,4
8837,7681,6
7672,5881,4
7931,11152,1
10287,6128,3
10276,9961,5
9465,4688,3
10433,3253,2
6579,2763,3
4033,2636,3
5676,5755,6
5065,2759,3
5465,7072,6
9113,7202,4
4648,4195,4
10847,3015,4
4302,4793,6
6291,7074,6
5265,5035,4
4710,6471,6
4927,2998,3
8904,8280,6
5401,5514,6
5114,9586,1
5731,10426,1
4225,7547,6
5059,4675,4
9310,10437,5
10206,10080,5
5611,4197,4
7449,11270,1
8015,6241,4
5458,9467,1
2581,4668,3
7818,3006,3
5256,8149,6
7037,11029,1
2573,7542,1
6286,8991,1
6773,7195,6
8091,3726,3
9196,2531,5
4504,6111,6
3338,4790,3
7660,9713,6
6699,8752,1
9590,9000,6
8297,3846,3
4098,3953,4
8634,6362,4
6224,6715,6
5524,10546,7
9875,5887,3
9387,7682,6
8556,9596,6
9730,8043,6
8092,3486,3
10228,2654,5
6854,3003,3
6027,3480,3
9386,8161,6
6633,7914,6
8421,8398,6
3200,4789,3
6228,5277,4
6018,6355,6
3409,4191,6
5946,7433,6
7313,10790,1
10502,3134,2
8083,6361,4
9538,3371,3
3619,2874,4
10002,9241,6
7873,7678,6
8500,5164,3
8986,3848,3
7449,11510,1
7672,5641,4
10290,4930,3
5663,10067,1
7813,4683,3
3745,6707,6
4638,7548,6
4842,8388,1
8984,4327,3
4302,4553,6
8910,6124,4
8912,5405,3
4168,3594,4
3882,7187,6
4216,10422,7
7312,11270,1
9056,3489,3
9330,3729,3
3754,3833,4
10504,2655,5
5592,10666,7
2583,4189,6
2997,3711,4
6848,5159,4
8140,10553,1
7057,4082,3
5820,3360,3
5880,6354,6
10703,4931,3
3128,6107,6
2790,3830,4
5669,8150,1
2926,4549,6
5544,3838,4
6304,2762,3
3544,4910,6
2170,3948,3
7452,10312,1
3134,3951,4
3873,10062,7
8771,6602,4
3670,8983,3
7386,9234,6
10915,3135,4
6437,4439,4
10765,7447,4
6015,7313,6
7883,4324,3
5938,10068,1
8345,11153,1
7254,7317,6
4295,7188,6
6236,2642,3
7460,7677,6
3479,3592,4
4080,9942,7
9111,8161,6
5042,10424,7
9793,10319,5
4918,5872,6
4494,9704,1
10148,6367,3
9798,8402,6
8143,9595,6
8365,4206,3
5316,10904,7
6351,10309,1
3534,8264,1
9671,4808,3
7455,9354,6
7253,7796,6
9123,3849,3
5249,10305,1
3062,5028,3
9600,5647,3
6695,10190,1
4916,6591,6
6231,4080,4
10221,5050,3
8501,4685,3
5535,6713,6
4977,9107,1
5064,2998,3
4640,6830,6
6427,7793,6
3687,2994,4
4562,9824,1
7948,5642,4
4571,6949,6
8635,6123,4
9176,9478,6
4635,8507,1
7115,7795,6
9194,3250,3
10500,3853,2
4505,5871,6
9393,5766,3
4026,5031,6
4908,9466,1
4789,2997,3
9107,9358,6
8428,6242,4
7198,3124,3
3813,7067,6
6086,6714,6
7677,3964,3
3824,3234,4
3877,8864,1
8566,6003,4
5044,9706,1
3884,6229,6
6502,5757,4
9606,3491,3
8779,3728,3
3893,3354,4
9253,6484,4
7254,7556,6
4101,2756,3
6706,6596,6
10208,9601,6
9119,5286,3
10022,2534,5
8421,8638,6
4376,2996,3
5109,11024,7
9321,6844,4
6973,9472,1
7728,10073,5
7677,4204,3
6911,6956,6
4778,6591,6
6768,8872,1
6846,5639,4
9049,5645,3
4768,9945,1
4284,10782,1
7518,11390,1
8558,8878,6
10277,9482,6
6912,6717,6
6214,10069,1
9315,9000,6
6707,6117,4
5957,3839,3
3329,7904,1
6424,8752,1
9123,4088,3
6555,10908,1
7807,6839,6
4905,10184,1
8004,10074,5
9191,4208,3
10566,4691,3
6834,9951,1
2301,6344,1
10295,3493,2
7315,10072,6
3950,7307,6
6210,11266,1
2503,7662,1
9884,2773,2
4234,4433,6
8774,5405,3
6507,4080,3
3947,8505,1
2371,5745,3
7523,9713,6
6435,5158,4
10073,8643,6
3740,8624,1
10641,2655,5
4844,7669,6
6229,4798,4
3477,4311,6
4235,3954,4
5594,9947,1
10209,9122,6
9670,5287,3
9056,3249,3
3065,3831,4
6226,5996,6
8981,5285,3
6847,5399,4
6559,9710,1
8758,11154,1
6855,2524,3
4012,9822,7
7736,7438,6
5610,4677,4
3944,9223,1
7795,10912,1
4903,10903,7
9326,5167,3
9738,5407,3
3330,7664,1
6692,11148,1
8347,10434,1
6839,8274,6
6982,6358,4
6441,3002,3
2579,5386,3
3600,9342,1
5612,3958,4
6431,6356,6
8412,11512,1
5478,2760,3
7126,4202,3
9042,8041,6
4906,9945,1
6148,8990,1
10365,3133,2
6918,4800,4
5806,8151,1
9464,5167,3
9116,6244,4
10211,8403,6
3890,4312,4
3265,6347,1
6580,2523,3
9794,9840,5
7389,8515,6
10218,6008,3
5542,4317,4
6974,8993,1
9106,9838,5
7468,5041,4
6428,7314,6
2576,6345,1
7679,3485,3
10492,6488,3
4079,10182,7
8554,10075,5
7175,11030,1
6279,11147,7
3747,6228,6
8504,3727,3
8364,4445,3
6622,11507,1
4566,8387,1
7319,8874,6
9877,4929,3
5813,5995,6
8215,8517,6
3051,8622,1
5943,8391,1
3947,8265,1
7744,4563,3
8288,6960,6
3682,4910,6
4031,3354,4
8767,7800,6
3894,3114,4
6010,8990,1
7943,7079,6
10216,6966,5
6511,2643,3
8851,2650,5
4224,7787,6
7199,2645,3
9607,3251,2
7598,7677,6
8964,11035,1
10001,9720,5
8217,7559,6
8842,6004,4
3199,5268,6
6646,3362,3
4787,3476,4
8216,8038,6
5671,7192,6
5321,9227,1
5110,10784,7
4370,4913,6
7880,5282,4
8917,3728,3
6978,7555,6
8282,9116,6
6150,8272,6
6022,5157,4
4507,5152,6
2305,4906,3
2785,5507,6
6507,3841,3
5261,6233,6
5473,4437,4
7793,11391,1
7105,11389,1
2784,5746,6
7536,5161,4
9185,6364,4
7867,9834,5
4422,10542,7
2916,7663,1
4028,4073,4
7454,9593,6
3394,8982,3
8413,11273,1
4715,4794,6
8136,11751,1
6292,6835,6
5597,9228,1
9332,3011,4
8208,10673,1
9729,8522,6
5258,7191,6
3689,2515,3
4086,8026,1
5392,8629,1
4492,10423,7
6300,4200,4
6095,3600,3
3822,3953,4
8563,7201,4
8896,10915,1
3880,7666,1
9034,10915,5
5945,7912,6
6077,9829,1
5678,5036,4
6700,8513,6
4514,2757,3
2861,3231,4
4511,3715,4
8638,5165,3
7668,7078,6
4096,4672,6
6779,5279,4
7182,8634,6
7939,8516,6
8149,7439,6
6565,7794,6
6699,8992,1
8783,2530,5
8624,9716,6
9951,3132,2
3402,6347,6
4917,6352,6
5181,9946,1
8493,7320,6
6369,4080,4
3530,9701,7
9668,5767,3
5669,7911,6
5733,9708,1
3817,5869,6
7195,4082,3
9252,6963,4
5872,9229,1
3608,6707,6
4300,5511,6
8023,3366,3
3683,4671,6
3746,6468,6
9741,4449,3
6849,4680,4
2306,4667,3
5743,6114,6
3340,4071,4
8777,4686,3
5543,4078,4
5808,7672,6
8002,10553,1
5609,5156,4
7042,9352,1
10568,4212,3
5890,3001,3
6766,9591,1
2779,7423,1
7590,10073,5
6505,4799,4
10005,8283,6
9745,3012,2
8152,6241,4
3195,6466,1
6694,10669,1
9125,3130,3
10704,4692,3
4150,9583,1
4923,4195,4
6648,2883,3
5134,2639,3
6901,10310,1
2373,5266,3
6352,9829,1
6293,6595,6
3601,9103,3
2445,4188,6
4574,5991,6
3137,2992,5
6281,10428,1
10357,5529,3
2929,3351,4
7725,11271,1
6149,8751,1
8426,6961,4
5396,7191,6
6368,4320,4
5328,6832,6
8493,7560,6
10281,8044,6
9740,4689,3
4631,9705,1
7883,4084,3
5056,5633,6
4993,3836,4
7405,2765,3
6565,7554,6
10223,4570,3
3337,5029,6
6902,10071,1
2573,7303,1
8433,4326,3
7735,7677,6
6916,5279,4
6843,6597,6
10847,2776,5
5944,8151,6
4230,5870,6
9043,7801,6
7466,5521,4
5885,4917,4
10140,9242,6
7120,6118,4
9033,11155,1
3889,4791,6
5325,7790,6
9728,8761,6
8758,10915,1
2710,7782,1
8080,7559,6
3675,7067,1
2787,5028,3
7039,10311,1
5598,8749,1
9589,9480,6
7657,10911,1
5399,6233,6
6923,2884,3
3532,8983,3
6233,3600,3
9871,7085,5
3677,6587,6
9867,8522,6
7746,4084,3
5740,7312,6
2574,7063,1
7245,10431,1
6975,8753,6
9039,9238,6
5873,8990,1
4305,3834,4
4639,7069,6
6166,3001,3
3895,2635,3
5664,9827,1
9048,6124,4
10764,7686,4
4237,3475,4
4367,5871,6
10151,5409,3
8367,3487,3
5815,5276,4
5125,5753,6
3603,8384,1
7816,3485,3
7521,10432,5
9458,7084,5
9806,5767,3
8773,5884,4
9537,3610,3
9124,3609,3
7317,9593,6
7665,8037,6
3197,5748,6
4835,10544,7
8643,3248,3
8619,11393,1
9241,10557,5
2508,6225,1
9812,3851,3
6020,5876,6
6080,8870,1
2578,5865,3
10274,10440,5
4915,7070,6
4086,7786,6
5191,6592,6
7258,6119,4
7459,7916,6
7381,10910,1
7112,8754,6
7661,9474,6
4217,10182,7
4924,3956,4
5407,3598,4
8282,8877,6
9536,4089,3
6162,4199,4
9522,8641,6
8559,8399,6
3551,2514,3
3736,9822,7
5455,10665,7
7878,6001,4
6899,11268,1
4441,4314,6
9602,4928,3
5247,11024,7
4299,5751,6
2721,3949,6
5616,2760,3
10008,7325,5
10429,4451,3
3738,9103,3
9518,10078,5
4021,6708,6
4974,10304,7
4442,3835,4
10566,4931,3
10846,3255,2
8292,5763,4
4286,10063,7
6851,3962,3
6763,10549,1
3958,4672,6
8713,2889,1
10211,8643,6
3121,8263,1
5129,4316,4
6558,9950,1
4215,10901,1
5117,8388,1
7040,10071,1
5459,9228,1
6151,8032,6
2784,5986,1
10910,5052,3
7866,10073,5
8217,7799,6
3464,8623,1
4992,4315,4
8287,7200,6
4098,3714,4
5256,7910,6
6005,10906,7
2308,3948,3
10834,7327,4
6288,8272,6
5179,10664,7
2791,3590,4
6163,3960,3
7737,7198,6
8432,4805,3
3404,5868,6
9046,6603,4
8295,4565,3
4631,9944,1
6019,6115,6
6295,5876,6
7186,7197,6
8705,5764,4
4360,8506,1
7886,3366,3
5400,5754,6
5741,6833,6
8903,8519,6
3874,9822,7
3055,7424,1
3131,4909,3
6846,5878,4
7117,7077,6
10280,8523,6
6008,9948,1
10916,2896,5
2787,4788,3
6978,7795,6
4778,6830,6
10431,3972,3
4426,9345,1
9947,4809,3
7727,10552,5
4515,2517,3
4790,2518,3
3337,5269,6
2854,5627,6
6085,6954,6
5679,4557,4
6142,10907,7
7322,7676,6
4164,4792,6
10295,3253,2
7540,3724,3
3602,8623,1
4719,3356,4
7196,3603,3
7542,3245,3
5120,7430,6
4233,4912,6
8557,9117,6
4101,2995,4
4845,7429,6
8481,11632,1
6778,5519,4
7401,4442,3
3749,5510,6
7048,7436,6
6416,11387,1
6510,3122,3
4011,10062,7
7658,10432,5
10912,4333,3
7802,8277,6
6767,9351,1
10212,8164,6
4984,6711,6
2504,7422,1
3260,8024,1
9455,8042,6
8503,4206,3
4156,7667,6
2370,6224,1
9938,7684,6
4637,7788,6
9399,3849,3
5057,5394,6
5249,10545,7
10006,8043,6
2582,4428,6
6577,3721,3
8626,9237,6
6968,11149,1
2851,6585,1
5040,11143,7
9239,11275,5
7381,11150,1
4840,9106,1
9449,10198,5
5130,4076,4
5410,2640,3
6832,10430,1
4443,3595,4
10570,3493,2
9251,7203,4
8008,8636,6
3061,5268,6
6361,6955,6
5052,7071,6
9941,6726,5
4306,3355,4
9949,4090,3
8138,11032,1
3188,8862,3
4709,6710,6
8639,4686,3
7867,9594,5
10278,9242,6
10845,3494,2
3125,7065,1
6223,6954,6
5060,4435,4
9248,8401,6
8359,6122,4
8690,10555,1
2366,7422,1
9599,5886,3
3128,5867,6
3606,7426,1
9804,6486,5
9462,5646,3
2847,8022,1
9256,5526,3
4843,7908,6
8693,9597,6
10347,9122,6
4559,11022,7
8294,5044,3
8298,3607,3
8362,5164,3
5391,8868,1
9735,6366,3
4786,3956,4
10777,3374,2
4783,5153,6
8232,2528,4
3878,8385,1
6493,8872,1
4980,8388,1
4921,4914,6
7603,5761,4
7242,11629,1
3257,8982,3
7245,10670,1
5260,6712,6
4218,9943,7
6359,7434,6
3332,6706,1
8782,2769,5
4915,6831,6
5822,2881,3
6221,7433,6
5867,10906,7
4239,2756,3
4972,11023,7
10077,7205,5
7795,10672,1
5059,4915,4
8429,6003,4
10016,4690,3
4231,5391,6
5614,3479,3
8700,7441,4
8899,9717,5
7318,9114,6
9469,3490,3
6486,11267,1
5611,4437,4
3201,4550,6
9039,8999,6
7804,7797,6
7934,10433,5
6363,6236,6
7173,11509,1
9527,6964,5
4425,9584,1
5875,8271,1
7036,11269,1
3065,4070,4
9946,5049,3
9529,6485,4
9665,6964,5
5397,6952,6
6499,6716,6
2168,4666,3
7265,3723,3
7462,6958,6
4081,9463,1
9044,7322,4
8704,6003,4
6634,7435,6
9730,8282,6
5203,2759,3
6281,10668,1
7868,9355,6
8094,2767,3
6981,6597,6
5395,7671,6
8157,4564,3
8635,5883,4
8281,9356,6
5116,8628,1
4427,9105,1
7528,8036,6
4012,9583,1
4777,7070,6
7519,10911,1
5472,4676,4
6898,11508,1
10355,6248,3
5666,9109,1
3755,3354,4
10360,4571,3
5268,4077,4
7794,11151,1
8638,4925,3
2512,4787,3
5531,8150,1
9184,6604,4
4583,2877,3
5043,10185,1
6643,4560,4
6423,8991,1
7380,11390,1
4983,7190,6
8702,6722,4
6373,2882,3
3058,6226,1
9258,4807,3
3750,5270,6
8212,9476,6
3060,5747,6
7670,6599,4
5402,5035,4
9312,9958,5
3550,2754,4
3124,7304,1
6909,7675,6
8628,8519,6
9319,7562,6
8763,9238,6
9122,4328,3
5185,8748,1
7938,8996,6
6635,7195,6
4715,4554,6
8214,8757,6
7525,8994,6
3819,4911,6
2297,7781,1
2788,4549,3
4565,8866,1
6145,9949,1
8572,4086,3
5936,10786,7
9663,7683,6
9870,7564,5
9264,2891,4
4358,9225,1
10091,2654,5
3061,5508,6
8975,7441,4
7949,5163,4
6159,5397,6
4919,5633,6
6158,5636,6
5869,10187,1
10421,7326,5
3737,9582,7
2650,4788,3
6566,7315,6
7185,7436,6
2236,5026,3
6010,9229,1
7319,8634,6
6500,6236,6
9466,4209,3
2303,5625,3
4297,6230,6
6561,8992,1
3206,2873,4
10225,3852,2
4774,8028,6
8438,2649,4
8700,7201,4
7942,7558,6
9872,6845,5
10706,3973,3
8289,6721,4
9951,3372,2
3273,3472,4
9170,11395,1
8688,11513,1
7465,6000,4
4645,5153,6
10222,4810,3
8841,6243,4
8702,6482,4
10227,3133,2
10917,2656,5
9464,4928,3
9175,9718,6
7174,11269,1
8363,4924,3
2786,5267,6
5393,8389,1
3599,9582,7
3198,5508,6
9726,9720,5
10708,3494,2
7884,3845,3
7862,11271,1
6303,3241,3
7808,6360,4
9171,10916,5
2645,6465,1
9799,8163,6
6485,11507,1
6769,8633,1
9672,4569,3
4219,9464,1
9125,3369,3
10205,10559,5
10155,4211,3
2509,5746,3
5317,10665,7
4768,10184,1
7863,11032,1
4989,5274,6
10290,5170,3
6771,7675,6
9245,9359,6
7810,5641,4
6901,10550,1
7197,3364,3
10146,7325,5
9126,2890,4
7533,6359,4
10000,9960,5
2307,4188,3
5816,4797,4
9860,10678,5
5269,3598,4
5752,3240,3
2228,7661,1
9121,4567,3
2998,3471,4
7807,6600,4
4561,10303,7
3327,8623,1
8630,7560,6
5259,6951,6
3469,7186,1
8897,10675,5
8426,6721,4
8161,3367,3
7312,11030,1
4439,4793,6
7744,4803,3
7936,9714,5
7877,6240,4
4496,8985,1
5808,7432,6
10498,4571,3
6350,10548,1
6908,7915,6
6983,6118,4
5329,6592,6
9722,10917,5
2369,6703,1
9247,8640,6
9053,4208,3
4365,6589,6
7882,4564,3
5683,3120,3
6141,11386,1
8895,11394,1
5202,2998,3
2304,5146,3
10226,3373,2
7244,10910,1
10156,3971,3
10354,6727,5
10357,5769,3
3745,6947,6
4355,9943,7
10136,10679,5
7590,10312,5
5251,9587,1
6555,11148,1
9932,9600,6
2712,6824,1
8148,7679,6
10911,4572,3
3964,2516,3
4020,6948,6
5877,7552,6
8074,9475,6
6219,8152,6
3476,4551,6
7038,10550,1
5330,6353,6
6913,6238,4
2926,4309,6
5753,2761,3
7797,10193,5
4435,6230,6
8983,4806,3
9949,3851,3
5181,10185,1
4985,6471,6
4563,9585,1
8566,6242,4
4783,4914,6
7122,5639,4
7595,8396,6
8986,3609,3
8205,11632,1
4167,3834,4
7792,11630,1
2304,5386,3
6421,9710,1
4583,2637,3
4708,7189,6
4355,10183,7
7384,10192,1
8141,10074,5
9533,4808,3
2440,5865,1
3462,9342,1
5803,9349,1
6293,6356,6
6569,6356,6
8071,10673,1
5672,6953,6
5062,3717,4
7326,6478,6
2649,5027,3
10429,4691,3
5118,8149,6
8355,7559,6
3463,9102,3
2233,5984,1
5454,10905,7
6284,9470,1
7588,10791,1
5935,11266,1
5739,7552,6
3262,7065,1
2507,6464,1
7944,6840,6
2778,7902,1
10090,2893,5
10224,4091,3
2650,4548,3
6157,5876,6
10423,6607,3
5255,8389,1
4706,7668,6
4097,4193,4
5883,5396,6
5599,8270,1
7951,4444,3
7729,9833,5
5665,9348,1
8292,5523,4
6913,6477,6
5674,6234,6
3617,3593,4
3959,4193,4
4846,6950,6
4092,5870,6
3188,9101,3
5398,6712,6
9195,2771,5
10778,2895,5
5938,10307,1
3130,5148,6
9531,5527,3
9931,10079,5
6013,8032,6
9874,6127,3
6922,3363,3
6850,4441,4
5597,8989,1
3476,4790,6
9525,7683,6
3138,2513,3
9999,10439,5
7747,3844,3
4013,9343,1
5199,3957,4
5878,7313,6
10288,5649,3
3400,7066,1
9392,6005,3
9861,10439,5
7043,8873,1
5804,8870,1
7119,6598,6
10010,6606,5
2162,6583,1
5811,6474,6
9384,8880,6
4788,3237,4
6425,8272,6
10430,4212,3
9264,2651,5
2789,4069,6
8844,5285,3
7946,6360,4
4648,3955,4
5734,9229,1
3465,8384,1
9105,10077,5
4497,8746,1
7671,6120,4
6626,10309,1
5477,3239,3
4374,3475,4
4705,8148,6
4647,4434,6
7600,6958,6
2232,6224,1
4856,3596,4
9329,3969,3
5386,10545,7
5335,4436,4
3611,5749,6
5326,7551,6
9400,3370,3
8006,9116,6
6625,10788,1
5592,10905,7
8369,3008,3
4430,7907,6
8147,8158,6
4643,5872,6
3748,5749,6
8369,2768,3
10639,3374,2
9883,3012,2
2643,7183,1
9389,7203,5
5685,2641,3
2854,5387,6
3058,6466,1
4837,10064,1
10151,5648,3
7191,5520,4
9180,8041,6
8427,6482,4
9880,3971,3
5061,3956,4
10636,4332,3
9381,9838,5
10362,3852,2
9952,2893,2
9727,9240,6
5318,10425,7
4924,3716,4
6503,5278,4
6852,3722,3
7805,7318,6
4643,5632,6
10351,7685,6
9254,6245,4
5186,8508,1
6567,6835,6
7875,6959,6
3960,3953,4
6091,5037,4
7115,8035,6
9536,3850,3
6840,7795,6
5951,5756,6
7999,11511,1
4089,6828,6
9187,5645,3
5406,3838,4
4855,3836,4
7739,6480,4
4440,4553,6
3267,5388,6
5958,3360,3
6764,10070,1
4855,4075,4
4290,8626,1
6976,8514,6
5614,3239,3
6911,7196,6
7681,2766,3
4699,10304,7
8290,6242,4
7607,4563,3
7733,8396,6
7453,10072,6
9929,10798,5
10572,2775,5
4836,10304,7
2996,4190,6
6160,4918,4
8506,3008,3
3549,3233,4
8832,9118,6
7105,11149,1
4508,4913,6
8485,10195,5
3205,3112,4
3668,9462,7
6305,2523,3
5892,2521,3
6702,8034,6
3671,8743,1
4168,3355,4
8494,7081,4
3957,4911,6
9675,3371,2
4773,8268,6
3618,3353,4
3394,9222,1
4166,4073,4
9242,10317,5
7461,7197,6
10427,5170,3
5270,3118,3
6370,3601,3
8851,2889,1
4300,5272,6
4367,6110,6
7059,3603,3
3059,5987,6
2996,3950,4
6363,5996,6
8898,10196,5
6433,5637,4
6774,6956,6
3334,6227,6
5800,10307,1
10275,10200,5
5179,10904,7
9457,7563,6
7188,6478,6
2297,7542,1
7799,9474,6
2714,6345,1
8213,8996,6
5744,5875,6
7038,10790,1
7517,11630,1
3269,4670,6
8420,8877,6
2646,5985,1
2580,5147,3
7816,3725,3
9331,3490,3
5114,9347,1
7324,7197,6
10086,4091,3
4641,6351,6
7469,4562,3
2436,7302,1
6628,9591,1
6426,8033,6
2781,6944,1
8707,4806,3
5268,3837,4
9737,5887,3
7390,8036,6
10709,3015,4
3056,6945,1
8484,10435,5
5052,7310,6
9380,10317,5
8352,8518,6
6697,9711,1
6349,11027,7
9807,5527,3
7674,4922,3
7131,2525,3
8138,11272,1
5187,8029,6
7540,3964,3
2164,6104,1
10146,7086,5
9869,7803,6
8224,5403,4
4718,3836,4
9323,6125,4
9257,5047,3
9533,5048,3
7246,10191,1
8425,7200,6
10011,6367,3
7314,10311,1
5600,8030,6
4972,10784,7
3884,6468,6
7461,7437,6
8159,4085,3
2923,5507,6
6011,8750,1
4010,10302,7
8835,8160,6
6082,7912,6
7935,9954,5
8779,3967,3
4911,8268,1
6438,4200,4
5868,10427,1
7056,4561,3
4500,7548,6
8012,7199,6
5188,7790,6
2927,4070,6
8573,3847,3
8277,10793,1
5119,7909,6
9046,6843,4
4444,3116,4
5341,2520,3
4926,3237,4
6022,4917,4
7874,7438,6
5742,6594,6
2643,6944,1
7723,11750,1
10144,8044,6
7745,4324,3
4155,7906,1
6560,9231,1
4853,4555,6
4771,8986,1
3534,8503,1
2231,6703,1
6924,2644,3
3537,7306,1
9127,2651,5
8483,10914,1
5385,11024,7
3191,7904,1
4849,5992,6
3413,2754,4
4977,9346,1
8505,3487,3
7597,7917,6
9392,6245,4
4362,7548,6
7535,5641,4
7386,9473,6
4995,3118,3
5042,10664,7
8919,3009,3
7387,8994,6
10225,3612,2
7876,6480,4
4446,2637,3
2376,4308,6
7323,7437,6
7871,8396,6
7180,9113,1
9800,7683,6
7040,9831,6
10147,6846,5
2990,6106,1
4433,6949,6
6770,8154,6
4445,2876,3
4858,2878,3
5670,7671,6
7335,3364,3
7314,10551,1
9736,6126,3
3119,8981,3
9521,8880,6
10083,5289,3
6012,8271,1
9240,11036,5
6165,3241,3
8025,2887,3
3406,5149,6
2167,5146,3
7955,3007,3
4504,6350,6
6280,10907,7
9391,6484,4
3963,2995,4
5817,4557,4
10345,9602,6
5041,10904,7
5810,6953,6
9659,8881,6
9999,10199,5
9731,7803,6
9598,6365,3
8283,8637,6
10359,5050,3
4653,2518,3
5680,4317,4
6347,11506,1
4913,7549,6
7526,8755,6
5470,5395,6
10352,7446,6
10153,4930,3
8777,4446,3
8221,6361,4
5604,6833,6
6492,9111,1
6486,11028,1
5405,4317,4
10293,3972,3
6563,8273,6
2717,5147,3
9656,9839,5
4019,7187,6
5539,5515,6
8552,10794,1
7117,7316,6
6156,6116,6
5066,2519,3
7667,7557,6
4373,3954,4
10158,3013,2
6631,8632,1
8417,10075,5
6217,8871,1
4767,10424,7
4634,8986,1
2994,4669,3
10283,7326,5
5337,3718,4
5525,10067,1
8222,5882,4
8846,4566,3
7269,2525,3
10427,5409,3
4163,5271,6
9261,3849,3
7242,11389,1
4834,11023,7
4576,5033,6
3266,5868,6
4699,10064,1
6279,11386,1
6980,7076,6
3876,9103,1
5544,3598,4
3207,2633,3
9116,6484,4
9450,9719,6
4161,5750,6
4506,5392,6
9530,6006,3
5532,7671,6
4026,4792,6
4651,2997,3
3470,6707,1
10017,4210,3
4922,4435,4
7053,5519,4
5527,9348,1
6971,9951,1
8836,7920,6
8694,9357,6
3402,6587,1
8850,3129,3
4912,8028,6
4358,8985,1
8695,8878,6
8433,4565,3
6573,4919,4
7451,10791,1
4773,8507,1
3599,9821,7
7879,5761,4
5404,4556,4
9609,2532,5
8568,5524,3
3336,5508,6
9174,9957,5
4374,3715,4
9594,7563,5
9397,4568,3
2160,7302,1
7750,2647,3
5533,7431,6
5823,2641,3
8621,10675,1
4022,6229,6
5272,2639,3
7243,11150,1
10220,5529,3
8414,11033,1
8005,9595,5
6291,7314,6
3123,7784,1
2375,4547,3
2510,5266,3
5947,7193,6
6353,9590,1
7869,9115,6
5668,8390,1
6645,3841,3
4629,10663,7
8553,10555,1
8840,6483,4
6632,8153,6
4499,7788,6
6077,9589,1
6906,8633,6
6422,9470,1
2298,7302,1
6024,4438,4
5595,9707,1
4148,10302,7
3679,5869,6
4153,8386,1
5812,6234,6
5875,8031,6
6702,7794,6
4847,6711,6
9677,2892,2
4571,6710,6
5671,7432,6
6153,7313,6
4495,9225,1
6217,9110,1
9322,6604,4
9932,9840,5
7175,10790,1
10069,10080,5
7881,5043,3
8207,11152,1
9243,10077,5
5044,9945,1
4439,5033,6
7726,10792,1
4363,7308,6
8001,11032,1
5390,9347,1
4630,10184,7
3263,6826,1
8069,11152,1
7743,5042,3
9795,9600,6
5321,9467,1
5184,9227,1
9188,5166,3
3883,6708,6
10350,8164,6
9586,10438,5
8150,6960,6
8772,6123,4
3466,8144,1
2169,4427,3
7611,3125,3
7739,6240,4
2850,6825,1
9036,9957,5
7403,3724,3
7177,10071,1
8359,6362,4
9320,7083,4
3949,7786,1
5818,4078,4
6623,11268,1
8764,8998,6
5950,5995,6
5806,8390,1
7127,3723,3
8831,9597,6
4835,10783,7
3540,6347,6
3956,5151,6
8551,11273,1
10434,3014,4
8897,10436,5
2792,3351,4
8286,7679,6
8014,6480,4
9662,7923,6
7456,8874,6
2438,6584,1
6842,7076,6
6088,5996,6
5667,8630,1
5458,9707,1
10157,3492,2
6149,8511,1
2848,7543,1
8162,3127,3
6966,11628,1
8018,5283,4
9723,10438,5
8967,10316,5
8770,6842,4
5884,5157,4
3747,5989,6
9047,6364,4
7591,9833,6
4436,5991,6
8080,7319,6
6284,9709,1
6774,6716,6
6417,11147,7
3613,5030,6
5113,9826,1
5455,10426,1
5809,7193,6
3064,4310,6
8766,8279,6
2446,3949,6
4501,7309,6
4627,11142,7
9257,5286,3
10142,8523,6
4996,2878,3
5743,6354,6
2446,3709,6
7887,2887,3
3475,5030,6
7815,3964,3
6094,4079,4
5196,4915,4
4852,5034,6
6287,8512,1
4646,4674,6
6834,9711,1
3406,4910,6
5318,10186,1
9182,7322,4
2640,8142,1
3538,6827,1
4424,10063,7
4081,9703,1
4696,11022,7
2577,6105,1
8908,6842,4
2648,5267,3
9534,4568,3
6440,3481,3
2578,5626,3
6579,3003,3
8711,3608,3
9050,5405,3
8983,4567,3
7593,9114,6
5748,4677,4
7930,11631,1
5802,9588,1
6212,10787,1
5887,4198,4
8224,5163,3
5539,5275,4
3816,6109,6
6290,7553,6
2988,6585,1
8966,10556,5
3610,5988,6
7817,3246,3
9875,5647,3
8349,9476,6
4582,3116,4
6365,5517,4
4375,3236,4
5883,5636,6
3620,2634,3
4229,6110,6
6017,6834,6
6156,6355,6
6154,6834,6
9388,7443,5
5180,10425,7
8501,4925,3
7809,6120,4
5252,9347,1
8770,7082,4
3325,9341,1
7257,6598,6
6081,8391,1
8076,8996,6
6096,3121,3
4360,8266,1
6568,6596,6
10216,6726,5
9930,10559,5
6161,4678,4
7538,4443,3
10278,9002,6
5333,5394,6
6296,5397,4
10159,2774,5
6638,6237,6
7520,10671,1
6972,9711,1
4152,8865,1
4580,3835,4
5183,9467,1
3260,7784,1
5676,5515,6
6015,7553,6
4291,8386,1
3744,7187,1
3471,6227,6
9589,9240,6
9597,6605,5
10002,9481,6
9248,8161,6
2302,6104,1
6351,10069,1
8693,9836,5
3203,3831,4
5530,8629,1
5528,9108,1
7596,8156,6
5467,6353,6
3541,5868,6
6220,7913,6
8497,6122,4
4084,8745,1
5536,6473,6
5264,5275,6
6429,7075,6
8710,4087,3
9308,11156,5
4514,2996,3
5203,2519,3
8571,4326,3
2719,4668,3
9461,6125,3
7587,11270,1
7114,8274,6
8137,11512,1
10912,4093,3
7189,6238,4
4975,9825,1
9380,10078,5
7655,11390,1
2441,5386,3
3268,5149,6
8299,3367,3
7121,5879,4
5055,6112,6
4506,5632,6
5462,8030,6
4632,9465,1
7336,2885,3
3819,5150,6
6420,10189,1
4165,4553,6
6989,3962,3
8346,10674,1
7932,10912,1
4151,9344,1
7951,4684,3
9745,3251,2
8977,6723,4
9728,9001,6
8415,10554,1
4914,7310,6
7589,10552,5
5801,10067,1
4642,6111,6
6762,10789,1
9584,11157,5
5801,9828,1
7602,6240,4
6979,7316,6
10014,5408,3
10141,8763,6
6004,11146,1
6087,6235,6
6490,9830,1
3962,3234,4
10842,4692,3
7403,3484,3
9739,5168,3
6296,5637,6
10215,7206,5
7337,2645,3
9529,6245,3
6017,6594,6
5468,6114,6
6915,5758,4
4503,6590,6
4650,3476,4
7329,5281,4
10081,6007,3
7666,7797,6
10012,5887,3
3964,2755,3
10068,10319,5
3393,9461,7
4021,6469,6
8088,4684,3
10067,10559,5
3471,6467,6
9742,4210,3
9942,6247,3
4628,10902,7
5064,3238,3
6574,4679,4
7398,5161,4
5814,5516,6
4366,6350,6
2652,4069,6
7249,9233,6
7945,6600,4
8971,8879,6
7734,8157,6
6562,8512,6
9604,4209,3
8911,5884,3
7819,2767,3
8760,10435,5
5805,8630,1
3269,4909,3
9040,8759,6
8291,6002,4
7933,10673,1
6973,9232,1
5319,9946,1
7941,8037,6
4982,7430,6
3603,8144,1
7392,7317,6
4368,5631,6
3541,6108,6
8229,3726,3
8366,3966,3
4226,7068,6
9467,3969,3
8697,8399,6
2229,7422,1
6919,4321,3
6900,10789,1
8488,9237,6
6432,6116,6
5262,5993,6
8974,7921,6
4357,9464,1
5948,6953,6
4701,9345,1
5476,3478,3
6829,11628,1
7321,8155,6
7664,8516,6
2169,4187,3
9793,10079,5
4303,4313,6
4718,3596,4
9675,3611,3
2299,6823,1
4706,7908,6
8071,10433,5
2571,8022,1
2441,5626,3
6367,4799,4
8481,11393,1
2930,3112,5
8969,9358,6
4160,6229,6
8294,4804,3
7177,10311,1
6501,5997,6
9601,5407,3
7658,10672,1
7259,5879,4
4991,4555,4
10499,4092,3
8155,5523,4
7404,3245,3
4091,6110,6
7601,6479,4
3742,7905,1
7257,6358,4
9385,8401,6
10710,2775,5
3052,8382,1
7474,2885,3
8762,9477,6
9667,6246,3
7041,9592,6
3193,7185,1
5340,2759,3
8218,7319,6
6026,3720,3
3738,9343,1
8366,3726,3
9673,4329,3
8712,3129,3
10343,10560,5
7465,5760,4
9466,4448,3
6005,10667,1
6025,3959,4
9747,2533,5
3882,6947,6
7749,3126,3
4771,9226,1
3473,5748,6
4920,5154,6
10501,3613,2
7869,8876,6
7458,8156,6
10210,8883,6
3743,7666,1
9382,9359,6
5873,8750,1
6439,3721,3
2302,5865,1
5322,8988,1
4305,3595,4
8621,10914,1
2922,5747,6
3875,9343,1
8575,3128,3
9452,9240,6
6777,5758,4
10567,4452,3
4223,8026,1
5126,5274,6
6701,8273,6
8979,6004,4
8905,7801,6
5880,6594,6
9655,10318,5
4922,4675,6
8000,11272,1
6572,5159,4
8623,10195,5
4510,4194,6
3193,7424,1
8276,11033,1
8146,8397,6
7537,4922,4
8555,9836,5
7662,8995,6
8641,3967,3
9937,7923,6
9866,8762,6
3753,4072,4
2503,7902,1
5747,4917,4
10071,9122,6
5112,10305,1
4714,5033,6
8698,8159,6
7937,9235,6
8633,6602,4
3136,3232,4
9865,9001,6
10285,6607,3
7870,8636,6
2510,5506,3
8968,9837,5
7598,7437,6
10636,4572,3
3752,4312,4
2575,6584,1
8907,7322,4
4639,7309,6
5200,3717,4
3757,2874,4
10020,3252,2
7670,6360,4
5409,2879,3
4566,8626,1
2306,4427,3
5267,4316,4
8431,5044,3
4162,5511,6
8561,7919,6
9595,7324,5
8974,7681,6
5754,2521,3
8772,6363,4
7048,7196,6
6707,6357,6
10139,9721,5
9524,7922,6
6844,6357,4
6764,10310,1
6642,5039,4
8909,6603,4
10004,8523,6
10148,6606,5
7610,3365,3
4102,2516,3
7196,3843,3
7876,6720,6
4629,10423,7
3275,2753,4
2229,7182,1
2925,4788,3
2513,4548,3
7796,10433,5
10016,4450,3
10773,4572,3
5593,10426,1
9661,8162,6
2435,7542,1
9190,4448,3
2299,7062,1
9115,6723,4
6487,10788,1
6419,10428,1
8849,3369,3
4240,2517,3
5398,6473,6
9401,2891,4
3673,7785,1
8701,6962,4
6839,8034,6
5885,4677,4
2505,7183,1
8424,7440,6
6509,3362,3
8640,4446,3
4857,3117,3
4775,7549,6
6630,9112,1
8019,4803,3
6147,9469,1
5729,10906,7
4721,2638,3
6082,8152,6
4981,7909,6
7946,6121,4
9377,11276,5
9867,8283,6
5115,9107,1
2991,5867,6
5661,10786,7
3812,7546,6
9531,5766,3
5882,5875,6
9053,4447,3
8482,11153,1
5606,5874,6
10640,3134,2
10011,6127,3
9244,9598,6
9811,4090,3
2708,8261,3
5594,10186,1
4986,6232,6
5186,8269,1
4502,7069,6
4509,4434,6
3827,2515,3
6211,11027,7
8349,9715,6
8414,10794,1
6294,6116,6
8348,9955,5
9329,4208,3
9054,3968,3
6716,3243,3
3063,4549,6
3674,7546,1
5328,7071,6
3399,7545,1
3261,7544,1
7260,5400,4
10499,4332,3
8356,7320,6
8013,6720,4
10296,3013,5
6780,4800,4
9402,2652,5
4766,10663,7
7740,6000,4
3467,7665,1
5735,8989,1
2366,7662,1
7399,4921,4
7044,8634,6
8782,3009,3
8156,5043,3
7518,11150,1
7321,7916,6
10355,6487,3
4493,9944,1
6491,9351,1
6762,11028,1
9383,9120,6
3546,4431,6
6986,4920,4
7801,8756,6
3053,7903,1
5325,8030,6
4356,9704,1
4910,8508,1
10087,3851,3
9192,3968,3
2924,5028,3
6776,6237,4
4987,5753,6
7382,10671,1
6985,5160,4
5887,3959,4
7062,2645,3
8645,2530,5
6714,3961,3
5119,7670,6
9104,10556,5
3601,8863,1
3341,3831,4
7391,7557,6
8352,8757,6
5959,3120,3
9608,2772,5
8698,7920,6
6353,9350,1
7108,10431,1
6971,10191,1
10707,3733,2
4989,5034,6
6704,7075,6
3942,9942,7
6696,9950,1
3342,3592,4
3274,3232,4
9188,5406,3
4570,7189,6
5336,4197,4
6848,4920,4
9532,5287,3
3404,5628,6
2856,4908,3
7660,9953,5
3480,3353,4
3531,9462,7
2653,3590,4
7187,6957,6
6853,3243,3
10565,5170,3
4987,5992,6
3135,3711,4
7526,8515,6
8087,5163,4
6006,10427,1
9452,9000,6
8988,3129,3
6152,7793,6
6360,7194,6
7396,5880,4
2914,8382,1
4781,5632,6
5390,9108,1
5943,8630,1
5132,3358,4
9036,10197,5
7798,9714,5
2986,7544,1
10154,4450,3
5679,4797,4
4025,5271,6
8916,3968,3
9593,8042,6
5338,3478,3
7194,4322,3
10141,9002,6
7124,4681,4
8285,8158,6
2860,3471,4
6418,10668,1
7608,4084,3
8001,10792,1
9881,3731,3
9172,10676,5
6830,11148,1
2167,4906,3
2917,7424,1
9041,8280,6
6853,3482,3
6233,3361,3
7250,8754,6
2642,7423,1
9471,2771,5
2511,5027,3
4158,6948,6
3267,5628,6
10013,5648,3
2234,5505,3
7251,8514,6
5952,5277,6
8435,3846,3
9876,5408,3
4307,2876,3
3125,6825,1
9539,2891,2
8418,9596,6
6154,7074,6
7957,2527,3
10428,4930,3
5133,3118,3
7725,11031,1
9863,9960,5
8083,6600,4
4434,6709,6
7602,6000,4
9743,3731,3
5613,3718,4
8561,7680,6
9192,3729,3
9670,5048,3
9104,10317,5
6094,3840,3
3403,6107,6
4228,6589,6
3755,3593,4
6760,11508,1
5819,3839,4
7192,5041,4
9723,10678,5
6490,9590,1
8095,2528,4
8833,8878,6
3401,6826,1
6029,2761,3
8153,6002,4
6213,10308,1
10282,7805,6
5525,10306,1
10139,9481,6
4644,5392,6
3609,6228,6
8079,7798,6
2716,5626,6
5191,6831,6
6693,10908,1
6356,8392,6
10637,4093,3
5123,6472,6
10434,2774,5
7811,5402,4
7472,3604,3
6023,4678,4
10074,8403,6
4030,3594,4
5751,3479,3
2991,5627,6
8703,6243,4
9378,10797,5
3680,5390,6
5954,4797,4
10014,5169,3
5888,3719,3
2437,6823,1
3130,5388,6
3948,8026,1
8781,3249,3
9112,7681,6
7470,4083,3
5193,6113,6
4857,3357,4
3875,9583,1
8347,10195,5
7400,4682,3
6992,3004,3
6845,6118,4
2583,3949,6
7384,9952,6
6918,4561,4
5746,5396,6
9725,9959,5
8774,5644,3
4646,4913,6
9250,7442,6
4090,6589,6
8020,4564,3
3818,5390,6
6146,9709,1
3616,3832,4
8565,6482,4
4720,3117,3
9058,2770,5
10137,10200,5
7527,8276,6
3264,6586,1
7532,6599,6
4293,7667,6
5876,7792,6
10084,4810,3
6855,2764,3
6562,8752,1
5251,9826,1
8089,4444,3
7665,8276,6
8078,8038,6
3615,4072,4
4095,4912,6
8913,5165,3
3196,6227,6
8632,7081,4
4770,9465,1
8623,9956,5
3952,6588,6
8422,8159,6
9877,5168,3
5821,3120,3
7178,9832,6
9538,3131,2
7255,7077,6
6571,5638,4
3826,2755,3
4442,4074,4
8145,8637,6
3395,8743,3
3335,5748,6
2709,8022,1
6297,5158,4
6497,7434,6
4574,5752,6
7806,7079,6
5270,3358,3
3542,5629,6
6977,8035,6
6231,4319,4
3482,2634,3
7325,6718,6
5472,4916,4
7333,4083,3
8081,7080,6
7473,3365,3
5878,7073,6
6905,9112,1
5662,10546,1
3687,3234,4
8009,8157,6
8695,9118,6
3262,7305,1
4765,11142,7
2647,5746,3
3205,3352,4
2444,4428,3
7331,4801,4
8706,5285,3
5324,8269,1
5323,8509,1
7475,2646,3
9802,7204,5
8985,4088,3
9519,9839,6
8301,2648,4
2984,8023,1
9120,5046,3
6564,8033,6
5184,8987,1
9742,3970,3
10076,7445,5
8148,7918,6
5540,5036,4
8077,8517,6
3195,6706,1
3892,3833,4
6837,8753,1
5195,5394,6
10638,3613,2
5263,5514,6
6214,9829,1
3478,3832,4
5389,9587,1
10214,7445,5
9051,4926,3
8987,3369,3
8227,4445,3
3820,4671,6
7118,6837,6
4702,9106,1
10207,9841,5
6488,10548,1
8090,3965,3
4161,5990,6
10021,3013,2
9394,5287,3
8358,6601,4
7955,3246,3
4370,5152,6
5320,9707,1
5196,5155,4
5937,10547,1
7939,8756,6
6907,8394,6
3333,6467,1
7667,7318,6
9461,5886,3
2993,4908,3
4509,4673,6
6368,4559,4
9110,8400,6
6992,2764,3
8025,2647,3
4980,8148,6
9733,7324,5
4359,8745,1
7605,5042,4
4576,5272,6
2715,6105,1
9325,5406,3
9260,4088,3
3613,4791,6
8211,9715,5
5605,6354,6
7394,6598,6
2846,8262,1
8838,7202,4
8973,8160,6
4362,7787,6
7659,10193,5
7535,5401,4
4497,8506,1
5682,3599,4
9113,7442,6
4982,7669,6
9317,8041,6
8144,9116,6
4775,7788,6
10144,7804,6
10284,7086,5
8436,3367,3
10365,2894,5
10353,7206,5
10081,5768,3
5400,5994,6
4490,10902,7
8361,5403,3
4498,8267,1
4437,5751,6
6831,10909,1
6083,7673,6
6229,5038,4
9471,2532,5
4569,7429,6
10007,7804,6
3807,8983,1
4502,6829,6
7522,9953,6
8848,3848,3
9310,10677,5
2442,5146,3
9103,10796,5
5253,8868,1
6717,2763,3
3474,5509,6
4979,8628,1
8778,4207,3
7864,10792,1
4170,2876,3
9517,10557,5
7123,5160,4
6092,4798,4
6087,6475,6
3543,5150,6
7541,3484,3
3809,8504,1
4156,7427,6
9385,8641,6
8075,9236,6
5201,3478,4
5737,8270,1
6301,3720,3
5955,4558,4
8068,11392,1
3614,4551,6
7814,4444,3
10492,6727,3
9930,10319,5
4713,5273,6
6556,10668,1
6983,5878,4
9660,8641,6
7396,6119,4
10774,4332,3
10217,6487,3
5462,8270,1
10571,3254,2
10766,7207,4
3739,8863,1
9746,2772,2
4361,8027,6
7741,5761,4
5948,6714,6
7264,3963,3
6159,5157,4
8350,9236,6
3054,7664,1
9791,10798,5
7247,9712,6
6298,4679,4
4084,8505,1
8692,10076,5
6285,9230,1
6218,8631,1
5058,5154,6
6572,5398,4
2374,5026,3
7464,6239,4
5045,9466,1
4218,9703,1
4017,7906,1
5683,3359,3
