0,1
4980.7776640043685,-49.771247184108134
8729.177424962336,-53.473113918182875
11547.566359203338,-46.31549262675519
3280.980263748094,-37.612810621691935
7582.7936012936025,-45.350311850311854
4691.683640913357,-50.13700344072568
12817.143809250214,-48.9578282102844
3426.1749157353197,-91.88149725031045
5157.435323646905,-84.1451196662778
1480.0390641541394,-61.31039593478721
9461.603944409204,-55.56052130788304
12633.158039509875,-58.75377177627741
10688.079207301826,-73.60596399099775
12065.723040430503,-73.38752389718898
13121.71030541168,-81.66815502768351
4216.013943165919,-74.05760602113186
569.0051671412,-78.53595908467784
2851.3394525758704,-89.30364673778219
1324.5454385139901,-97.24617916764635
3272.789499036609,-134.01750160565192
9137.065470020189,-125.94064051503081
9265.449904807234,-122.75309376487387
3603.864777989649,-138.48084990465813
9856.904745430433,-126.79167387418556
9993.975459803054,-133.46355442088262
11006.365663322185,-135.47829931188252
11766.123323096816,-133.09269435914013
4510.078200147984,-143.75221975582687
12922.530949105912,-127.16596127393926
13714.760391198044,-154.93925470027818
9423.857943349753,-159.9070197044335
2553.5340472267985,-168.39476935749587
6873.3405355916675,-157.09036392767226
7081.700869066164,-173.70480446011314
5523.493848136865,-177.94879306304196
4053.37271828073,-166.74453736174806
6314.988253319714,-157.1312199036918
1033.0219326128417,-159.98455181182453
2246.444957460054,-187.9717783772567
2811.9539800995026,-173.63814262023217
11304.52256939036,-170.8976355876764
8723.938967838445,-197.695188232361
10627.521561338292,-188.58451053283767
11822.7615325532,-214.45484118736732
934.0705424649491,-184.90604125376203
10469.804669122545,-224.0120278727087
5405.77069525377,-217.97807037053508
12753.131171506411,-253.0161472523091
1346.5820117314795,-255.12280034759942
2669.91797211224,-235.11766224823552
6022.428537635426,-239.60476888867862
8838.501323537355,-247.52298633245098
2801.523310572169,-282.032728985166
3288.2227020357805,-253.98379227188602
1020.5396060352052,-297.10435875942994
9739.765544601125,-258.26415020228603
10631.29537489891,-305.8981014364385
3603.870642280611,-289.74506268246614
6890.985098709189,-292.28753796507215
12261.389775603171,-307.4996456892188
907.5889338731444,-326.16010796221315
7611.680854533593,-311.77279028049577
1540.9478713179171,-312.2009950811331
221.481114078596,-311.75810759252187
10343.778746367789,-323.97421705640886
2668.301729905381,-324.6981745197362
13298.490532804932,-341.42092323499185
4919.2073907787935,-341.8150002878029
8243.81430278756,-347.4145159727381
8525.112070605242,-350.19606649674745
4367.885552096685,-362.9529848013185
9874.984245630174,-354.5161568537259
4236.00553303738,-373.7048832271762
4009.928921568628,-356.9109477124183
8916.875944641719,-364.5000910498042
3486.9976223499107,-377.9730037646127
1196.0749902152645,-356.881252446184
11586.146847890765,-398.0127775515956
113.55008371341148,-393.3266555048785
11266.302676317118,-366.4395556303652
9341.235639880952,-364.4475446428572
9724.855300673924,-398.2109253499223
2213.414953751285,-389.26176772867416
5937.647169574495,-416.55985105225716
563.179523752922,-414.4234716113951
4112.985992586846,-439.3453150590465
7674.855403753122,-427.9383339535378
12637.866247755836,-438.6461563571078
1467.2185413188647,-445.3098393155259
8116.014514348785,-444.1738962472406
7820.841310189557,-448.1179097973709
12177.441651529285,-441.49629338700964
4900.319013164506,-473.9714099085519
6866.15373823581,-453.61641433331386
1275.9749443745768,-453.59915836316145
10801.314967767928,-484.07295863550905
5641.312541347699,-482.43852187883937
9934.885729775317,-464.78531413770247
9067.296395330899,-483.4840335270222
8947.835058849172,-501.53116826503924
10643.39586998088,-519.3427151051625
2229.6226002188396,-538.5165622202328
2784.7742473486146,-542.4450906602806
1263.3697005438698,-561.4461699757552
3535.085668676836,-542.8382405108194
3946.0989238410602,-581.9279210028383
7586.721425522835,-567.0376440460948
7417.800834109766,-600.3370602067528
1362.9635472888815,-590.4434941459771
8636.667563884157,-586.4473935264054
9373.896543638324,-620.5926933358345
9657.67508261049,-615.9554935976869
1841.6568400854737,-632.9355457677381
5819.910818514999,-603.3552327948962
10940.970249470583,-639.9638448427249
3404.89634551495,-635.1078405315615
12572.14918703564,-628.1883816087003
4779.012954747116,-632.0201952085182
11057.109207400475,-643.6434381973941
11168.432211101,-655.3500151653018
4292.127796148609,-637.855281073721
10519.834275436791,-646.1267343268242
7097.4574814814805,-676.3642469135802
1671.3903292791456,-668.3987540789084
4545.6214574898795,-676.2134362348178
5950.0987458046275,-673.9942589648473
6704.930770401175,-686.2334026474616
1317.4340107891105,-692.6813448751724
3561.4000460087423,-685.5635495744191
11700.779482595957,-680.25016137842
3223.252509821039,-667.8535137494544
3731.8066116994255,-680.9378687819936
3913.011418667482,-697.5043074884029
9213.22739018088,-708.3771486349848
12084.397770307649,-695.1128037104803
5614.942710180915,-711.5579401679083
12519.819557021678,-718.9760603204522
13014.974554225984,-719.7083195383815
6393.110025363771,-740.7602456280872
13535.715902008726,-741.6231362960832
6932.335108230121,-713.6905891885635
4401.292594859241,-732.3090575275398
1122.0925258204486,-730.0242620546353
5458.770682457187,-720.2836755559343
10025.159345083654,-756.3313500939429
10403.334663596828,-748.7111281657711
8280.727639181261,-770.2260491781252
9465.485736836172,-750.6728680422445
12132.393776983772,-790.8235075182373
4188.768833794425,-772.7336667376038
11060.377275296778,-778.4997173544375
9881.11054319503,-801.1502806173581
5276.054602336609,-795.4436134330548
8461.276511437909,-771.2752859477124
818.8129784186873,-796.3022371475134
7467.520177315806,-806.1393050035667
1440.0329164297893,-813.5073337123364
1555.0842368247384,-793.4481003111155
4648.338248919086,-791.543545398394
4754.171814092952,-813.9931034482759
6967.80464987545,-831.0357597564351
11574.510636913667,-817.9962917181706
2837.4873761725257,-842.3512755325678
3234.9841057833582,-840.0728373625395
7907.473266692754,-831.1210202411867
9231.32137477206,-838.3152303179261
12877.200545962418,-800.5469781615033
11373.040512739355,-842.5637495384291
13055.215065568773,-826.7362000609943
13185.68795831725,-840.0530683133925
4038.0562568749683,-828.5061547325964
11875.328105794091,-826.9615140083922
12336.856854838708,-839.0049395161292
5526.636273044344,-844.9705406078723
10719.623397702679,-855.1961461628099
10356.890306122448,-861.6840534085976
3550.542351973684,-843.359022556391
10953.944621983012,-875.4612732318559
8471.899555696604,-874.9891568814135
4976.649381572855,-859.7859316092334
12690.877985948478,-864.8534292405487
11714.546982947966,-886.4602851323829
4411.115720355349,-889.5402085747393
13788.879467944273,-881.0151925865221
6485.44718427191,-893.6447184271908
4637.071612249669,-900.607730070911
9517.001178244887,-914.0714958997078
888.5757215997626,-900.4687244935817
3716.0996859269458,-895.1677064062299
4138.465340086831,-921.8537626628076
8235.884081956903,-933.8971897653172
6364.3886380603635,-948.9359735504283
1004.05445609724,-910.2877265347316
12384.059204840105,-932.5363625138907
12538.381911037894,-952.6380230642503
10618.739328828051,-977.380003465604
7647.799540807959,-972.912644180834
11272.80827586207,-988.9543336439888
10170.079534289644,-994.6602967184123
11875.101639344262,-1008.2096753455479
13789.853722778797,-1034.7488358967123
9584.54918115649,-1013.0953801051356
8028.457284185229,-1024.2768912612134
10793.503522071647,-1036.5420300550113
2758.049290125933,-1040.1873746691265
6528.879456758331,-1041.3168705355774
12850.602546612097,-1056.857094133697
7451.838360655738,-1045.0294426229511
11622.243741113929,-1048.0291772269272
9090.296832402959,-1049.5523821887575
5726.84800769277,-1047.9308251697819
9885.527298850577,-1062.934996516893
1158.2631078610602,-1049.030786106033
4688.951023017903,-1067.625063938619
10169.6361287147,-1071.7567833630717
1401.7751695608256,-1073.6066669873492
5973.407987992996,-1080.0243892270494
2219.5365330694376,-1065.068283028204
6861.253837342498,-1087.3738067964873
5350.215682605034,-1092.2439880228314
3621.745719435266,-1094.893311304696
4779.453811149033,-1120.6374288964732
12342.631908862968,-1114.8084596097242
5714.3488341457,-1140.0393228823607
12462.33503613934,-1126.377805554046
8655.813805871463,-1158.379925945517
3505.2885793366304,-1141.8498570715547
4218.858736372437,-1178.4572547038767
8232.027050359713,-1137.581525179856
3237.8386755461506,-1155.9821995394286
4097.700735014573,-1167.0656444050185
4985.3519181423635,-1138.5043874932685
8388.112646338142,-1179.3130955622107
9025.984789508351,-1174.2736091981556
7018.495564817785,-1165.7564924655342
11466.457379952086,-1179.7401826325474
1651.9758322198336,-1173.2016499157617
10526.49812990002,-1176.5273322304538
11021.974076176572,-1193.6643689346633
6833.349398519434,-1185.31238433066
13748.329299796058,-1176.3699524133242
5269.87147044106,-1207.2169561798555
1782.2939571602717,-1199.7851047773845
7913.049481461398,-1202.2432047719108
1410.5652382256299,-1200.8370755750275
9967.59226133354,-1219.4179494069326
9134.174335930837,-1216.9567715147036
2631.9889615699103,-1228.5536152318655
9536.791261403903,-1238.4927618185932
4676.9663387267265,-1257.9059273111634
12803.096144153225,-1233.0880166330646
8358.900085198668,-1266.2943226705909
7821.148222222222,-1243.6683703703704
10336.177042171406,-1238.51091533329
4518.31580575317,-1240.4608722548714
12926.94379032258,-1253.750806451613
8008.630755922279,-1264.6760713335111
3399.126559991715,-1262.722748692455
244.6287343732296,-1283.5447369414965
13013.608494085049,-1234.7541830970904
907.7424593101387,-1306.317455577124
12211.03347689898,-1270.9087705559907
1874.2156063389987,-1295.1897680293982
3682.6929732128,-1292.338860850757
13102.10534591195,-1321.4647151313354
1420.7231046750517,-1323.8061331863507
12084.743488519829,-1292.0264089300301
9336.888855204821,-1318.031641972034
4339.851014514781,-1319.2253970666466
5111.3915163528245,-1358.1383548067392
10808.13406170005,-1349.8987148022065
11487.258774970069,-1343.8830109017579
12785.843337541604,-1335.4775048777688
2678.3182706544267,-1336.9607936037905
7341.835791327317,-1349.8813559322036
4549.232661121418,-1361.5315660343485
5286.568024657209,-1359.0026079740785
7801.812566813161,-1377.1052381517995
520.6127119039836,-1356.9005744174099
11263.332696206198,-1382.350651607298
12231.851927946867,-1400.6383964833483
3418.4048114048114,-1402.9916097416094
1884.8684348586414,-1420.5523754007581
3651.897558775441,-1431.5226926763266
12515.65684088044,-1408.8456317269465
12814.775857621873,-1427.9007823918835
8606.801302594851,-1439.087770081671
11921.279118102537,-1448.923017360828
1381.7812342074235,-1457.6785333258465
6039.782731413176,-1478.4570530502274
9338.68210351012,-1460.4029592621064
4828.046897408929,-1483.0851419829812
9021.601371815428,-1493.9685551398538
10070.065643648764,-1512.1239556692242
8652.023365617433,-1512.2102300242132
3892.744397033846,-1507.4135631136335
5940.649929720445,-1522.7412931438391
3372.3893036801696,-1520.3337039978821
5579.130817542541,-1514.1553491867521
12309.481344291391,-1523.199405795424
6613.906113865104,-1529.3347979570374
13328.381576046217,-1542.7372668342373
7285.562084384315,-1527.72500573263
11480.571652224571,-1544.270006553557
2670.02129210266,-1551.7145608829196
5232.357457993055,-1552.6270064770486
7951.528514180024,-1548.5387638717632
9329.186835511613,-1559.2030879664114
10198.444671111554,-1568.58717285302
8815.330976040968,-1574.9546424434554
1263.9676511954992,-1584.2507383966245
4811.229307944493,-1601.9833834822832
7712.822645208726,-1590.6856465975004
6921.35606120047,-1594.4918399372302
6774.151265250791,-1587.3880855550533
10561.55147405105,-1604.5712065555242
1630.314853123707,-1605.2841184467165
4273.595708472069,-1617.9510173880874
1891.352522068096,-1631.1255359394704
8604.25672490294,-1641.9932057681644
12538.948207171316,-1650.7361802788846
7384.247604491212,-1664.4267238845453
9048.916102136529,-1656.910512103842
11095.62515921944,-1657.234778621287
12375.602452775835,-1663.4284949997946
8721.750589885849,-1658.3615840826476
10370.918618988902,-1666.2062938937436
11912.445192030033,-1668.4719896043896
6650.4467858095495,-1672.9958388903708
400.7796357439557,-1686.336031526254
5471.524020694753,-1693.791512687854
10638.058233159449,-1695.1551372193244
3419.9983596719344,-1726.070774154831
1471.2128239350461,-1712.6989767545324
7607.075434584839,-1729.914509109685
1831.4354441464616,-1723.4058343823544
5065.355604680413,-1720.8317261882073
2349.474271378243,-1720.2228034589514
12812.437598142964,-1741.9230900525704
9733.717967825363,-1736.826853110069
4820.262720426157,-1761.05239713446
3513.174202923327,-1762.3725104709806
733.2044486082988,-1771.3279639759437
8600.527366825241,-1774.0475194730514
4057.067257627265,-1769.6167649210379
6136.4003870967745,-1775.3680645161292
10084.821558089743,-1763.1215100275265
4429.864528895429,-1793.2527779187176
9595.376568136542,-1791.3767296613364
204.1443283279221,-1795.1033887987012
3672.704542409219,-1792.4679753450355
10459.302942019294,-1792.1985385423634
5896.952767476034,-1780.5055629417113
4560.327047146402,-1782.5743353420773
5415.581635128578,-1823.507459970888
6628.4957377424325,-1848.1031523542536
11077.685434516523,-1823.6418715923
10945.871798263017,-1827.3464709253626
12398.754018852429,-1850.6793131771426
2935.454494565471,-1864.351121892056
11521.912485035913,-1855.559806464485
3673.2362827270367,-1916.2506264581355
4553.741418145779,-1882.765294170646
7434.632677140906,-1879.2082220704215
6522.6623754996945,-1887.0981773832918
9102.99012175511,-1894.6172371544528
9521.011093890203,-1887.813524757321
1536.7712510590231,-1891.643547020616
13458.360749759693,-1876.3920858699132
3242.135306712745,-1879.9758461365088
7074.874133575177,-1912.112262745352
11999.200987188733,-1906.7081692640447
8733.114543422733,-1890.6914112388247
8474.954367841905,-1922.1116101504606
6337.715992209479,-1926.7234364856088
4077.5133860172573,-1944.415974518184
8905.059566672984,-1946.883203840566
2229.736591333462,-1914.5755585602988
4247.094197583291,-1951.053044048952
8262.113869907673,-1938.938500860675
10193.01467637222,-1947.499547511312
2129.236849648846,-1940.4930485882185
5990.443538355217,-1951.1027643400141
11876.677513711153,-1965.2455210237658
13693.87027148306,-1979.586538030065
13803.298437071566,-1978.0406909788867
8074.151013617058,-1971.4722623582468
1327.4412436755345,-1995.0072221315488
9605.875577206069,-2014.5757852539707
12071.3768993552,-2002.1645079899076
1674.5398886827459,-2012.0047928262213
11673.334576106336,-2048.1997622521208
2221.314025571484,-2048.078264238667
12249.327046035804,-2019.002628587667
2522.381536066929,-2026.619047619048
9914.660955638134,-2043.864086290243
2086.1667300139366,-2050.7697960217915
5163.644534376946,-2058.5639953749
12614.597120523991,-2083.2944974820034
3174.1782348346783,-2071.441655818797
4701.313734798963,-2088.9599751670744
6500.3934709842415,-2062.2763548835987
11264.252663549149,-2100.9192016583906
9130.210666946088,-2110.9741185099806
10750.387593222124,-2129.2167233246373
3428.0169431835966,-2106.3017295351387
337.5853822716644,-2104.651668674272
12088.098012078508,-2121.443256165073
3812.059185918592,-2124.0699669967003
5413.996319292114,-2132.8005725545604
8682.971725193762,-2126.9429719644054
10433.53763899367,-2137.1695804769247
12316.578089530554,-2127.0053119041127
11364.6960888216,-2163.473832954832
11064.726384708802,-2149.4633296372563
2620.13862968723,-2182.8433125972006
8496.021765913758,-2185.2718685831624
12201.394696738798,-2176.772833485726
6304.2727411090245,-2183.4504084014
5189.623860157356,-2246.767949435428
3177.2049806178784,-2189.509691060731
13042.421541944,-2206.336791613894
3705.1120896717375,-2216.756605284228
9477.672614832647,-2217.9689373554265
7248.250865392733,-2222.635944052008
7624.078644475637,-2212.610266693403
2081.3231816079806,-2257.276474862919
8784.93323505635,-2217.8636169099814
4035.588924802368,-2205.416488181004
11604.559972700903,-2249.071796621737
3560.021199402433,-2230.532759479263
6576.766605363329,-2262.367477866644
12233.935237588788,-2282.498119800965
10307.7912354021,-2276.357497168301
6417.2165647214415,-2279.929575136386
1581.4925633206797,-2294.6060115750824
10558.718125372121,-2298.1801054690827
6947.637525399662,-2306.617523930766
9010.966353174836,-2302.794322098253
3166.387577738797,-2301.763275394674
12545.926479971644,-2277.1313954862344
3356.3993684210527,-2300.6416842105264
3607.285243249969,-2318.8582182406367
9188.23651235642,-2302.8447035618983
1357.3006037496027,-2342.230695900858
8217.042637122833,-2311.1021444458434
9380.86202759448,-2317.1535692861426
9794.00145658846,-2320.6014149716484
11382.334001359912,-2373.467845256415
4021.1535896529076,-2358.057090890719
1433.9199215558099,-2363.556545187122
10183.901622498648,-2359.514169821525
12979.17099544702,-2367.4846854304637
2676.5566769792567,-2385.187655322818
6299.526419146978,-2384.8474071801165
10913.24751222318,-2382.218521714121
3861.974471728218,-2394.6819473090245
9879.706016987946,-2402.255124357866
11910.411625450703,-2418.077575845868
56.79647507858107,-2397.136955545577
12793.886234223655,-2400.143997651893
4897.680806481654,-2403.217498603092
9065.103145478377,-2435.4258191349936
1519.775072054585,-2442.446326686665
12339.975925462732,-2476.5818534267128
8971.452567608629,-2480.7585536311153
8762.017298556959,-2481.3356637088823
10775.797955850589,-2477.902323376008
5875.07868852459,-2468.329309488326
9214.418371141688,-2491.5673732490395
7949.356976611088,-2481.914800259453
8375.271878188525,-2507.4260262145826
4675.608398987057,-2501.907357906584
8619.853753656158,-2505.9441555627773
10357.302654356608,-2515.3481438738213
10908.300122216908,-2515.183750464956
9323.36140485804,-2518.036210985067
11593.626422463134,-2542.1200592552686
11701.318829445454,-2543.315616706244
6260.788397992902,-2527.96724187166
3188.882249182585,-2567.109017380829
1894.2250187611846,-2578.2832650233795
7833.776540652511,-2592.445321940273
5160.499735589635,-2568.470474175921
4750.559976914432,-2604.1309498496407
9406.123972292356,-2577.8192529293715
9640.303373893803,-2588.301898967552
10758.184289426345,-2600.2797821307213
12354.714457624204,-2600.379061371841
3543.3048075567463,-2602.215423657127
11423.227783415483,-2617.730719049
4380.546015770907,-2625.934426229508
8859.519299087855,-2609.6089294287085
11070.157117198025,-2634.4453075886845
12081.764841321616,-2619.7217851797845
8246.641001506025,-2650.385604919679
8470.13893025315,-2634.5527025395418
6267.937185804589,-2662.7124583146688
6510.625669045496,-2635.121041480821
7153.1762709467575,-2640.240330905749
12681.634820112464,-2654.794944586996
8105.333286739353,-2696.457459696207
7388.5661657189285,-2676.173517465475
3604.544609213565,-2686.614136380212
10480.248647384944,-2700.224667690869
12540.942860037483,-2688.598348614559
5183.156844922487,-2704.9157703378282
5835.864819391135,-2696.002208317998
9499.308780891895,-2715.613074692807
1302.519166019166,-2723.030044030044
9599.84628111604,-2713.125517033917
12245.15578396733,-2707.899738448125
13766.040384044343,-2718.9851034346234
13659.665962099123,-2725.6951166180756
7883.186997767856,-2720.1506138392856
9169.415213523132,-2727.0021352313165
12035.212904248574,-2730.176918199112
10107.571923343341,-2753.158816285693
7146.9185265936085,-2762.6715244707093
4501.69393366558,-2749.463000515553
13152.812285427559,-2755.9526752231554
8902.434525080043,-2774.296157950907
11024.439561519934,-2761.817234429533
4278.245867313202,-2773.760800088164
6125.4983915167395,-2756.5185273442157
3308.4597887615632,-2755.24485710341
7457.7196646774655,-2762.8004167850713
9888.003608516095,-2774.2351148710964
10876.802909497832,-2805.5304238355016
12590.237799290864,-2814.2448109637066
7895.625663589843,-2823.6213592233007
8243.272920669777,-2836.964486686797
5898.841770908376,-2819.3095815050106
6639.1051018568605,-2828.540111772129
2876.790802927865,-2823.883220651506
11668.687449478086,-2821.1651846905424
6494.381793245329,-2835.134236242071
2423.914653383147,-2856.5571606475714
3480.760387252925,-2841.6495562726905
6720.130916154096,-2835.816769180965
7023.0975683496745,-2851.6259663974433
10540.23349022964,-2860.314113535873
13118.952590959208,-2869.3089104941364
10007.907065706573,-2862.7769464446446
11886.481489820206,-2864.1912772184883
9342.740478397924,-2883.394956424995
11330.104060473665,-2889.416553972052
153.16978417266188,-2884.2093525179853
8815.986072423399,-2901.769071794411
9542.045269286757,-2895.484958757885
3882.5834255502273,-2913.0630148776595
2398.603375896449,-2948.421199930033
8501.546103025661,-2934.131654538491
12926.02696931718,-2967.2590168500205
3129.341524757663,-2963.4027246528685
788.2033155847589,-2940.752010875722
629.8147021999642,-2968.1242622071186
139.79772757299511,-2972.3933148368346
2617.700547730829,-2972.7917057902973
9938.92293977813,-2987.0834653988372
10407.896252204586,-2975.6286596119926
4379.092704808373,-2990.079326355552
10044.187956529486,-2981.734307262901
5883.443242166755,-2986.6988847583643
4932.75169036061,-2986.1155079750347
11722.59234777574,-2967.6009842709636
10839.360551282769,-3006.0455285465673
2835.458720524252,-3002.1064618359565
11273.085073201784,-2999.802418841502
12515.513342882912,-3001.3748739986213
1547.1496354458775,-3013.925911385306
1244.6431395397228,-3048.4453785009778
13673.545295770371,-3012.4351887007365
3691.825081511895,-3024.4784446322906
9453.903776715135,-3035.8316580462565
8243.873990661907,-3026.989014007141
2358.0693064577763,-3043.666459686664
3817.7915890338036,-3058.4465264838973
8978.076134122288,-3061.6869822485205
9279.678230932202,-3050.1325918079096
10130.150963426933,-3068.4330378470195
12377.327016306743,-3068.518192057196
8573.483808719773,-3067.2795031055903
2728.1598922338057,-3085.2604544922106
9121.914787296995,-3070.5323821421525
752.2757794676806,-3086.247946768061
2569.6102011293106,-3095.052125624154
5730.760681240093,-3076.250562170532
5889.51979805979,-3106.5624133834885
3605.7832772705433,-3104.6440584883644
8421.82225890769,-3087.3010042646856
1971.5562997986167,-3089.067375886525
5281.154065090954,-3111.867838138844
12520.830922330095,-3119.364126213592
5162.241007777056,-3109.7346079066747
12843.98581861413,-3102.6895380434785
3109.3718163044546,-3115.296882682663
6561.9608535794105,-3126.322110878812
7830.611671430883,-3152.971414702551
964.340937256162,-3156.994675724056
8632.113784949228,-3152.7077479482537
10847.155834136933,-3134.1131629701063
10537.95958780511,-3176.676559977205
4695.3617613200295,-3208.645961243284
7599.75807988909,-3194.7172255437126
13191.12100886918,-3199.390687361419
3493.991927671941,-3211.808976428802
1957.646922915354,-3218.7018133445354
2296.2310702272257,-3240.326354088007
9433.626521030948,-3237.342962537128
4851.737790343145,-3222.5469261045514
3163.1275102185887,-3261.2718144659675
9179.914874057731,-3251.3877918735056
5420.8777454780375,-3292.023158914729
3398.559895833333,-3276.1953125
4023.7366710306533,-3294.917972100582
3834.5000666933443,-3289.026277177538
2607.8250893921336,-3307.973513441929
8987.674425934263,-3300.910895992796
4817.730285572694,-3353.1290962026887
12381.584829928472,-3345.110070498637
2867.6110561353003,-3324.503643396905
8490.711434580016,-3372.4931343037397
13336.230149253734,-3368.38592750533
3517.274737394958,-3374.0822478991595
8228.23807147135,-3367.2023857057293
2287.453808353808,-3369.241400491401
3293.569457448381,-3367.3803281919872
7617.107940131913,-3355.62626839168
6150.335023493221,-3418.905993306967
6928.143421017059,-3400.29711535862
1369.396909098284,-3414.7760110331396
7824.126729013832,-3414.1990815926533
13568.302459877006,-3446.259149542523
2826.7049630060687,-3478.2824839970067
10959.170543849212,-3460.281254892139
6394.790090750239,-3460.9673637337237
7990.409354937328,-3482.447072760624
2258.627073815821,-3489.1977037749457
7090.425116237482,-3469.077297925608
3410.134151547492,-3543.6117395944507
9857.723982184305,-3496.256790665579
9392.922944871445,-3495.693496156997
1501.3238988068535,-3497.6942675159235
8820.197089332714,-3515.3965010063475
4729.792425771498,-3524.964147235353
8236.942511525276,-3519.266952992632
12119.74165046225,-3520.751100194453
5463.881487558107,-3538.7068635493574
6352.536599241466,-3533.610872313527
8686.976694141053,-3553.2972918104674
7471.354924142106,-3569.817449207371
8911.174744494785,-3555.4040670108525
4185.253319768687,-3567.887342043264
7130.722304011779,-3569.7008342534664
11851.669934346612,-3558.2161165572443
11246.724559725877,-3575.227109729859
12516.297523681887,-3568.8437452407784
5946.968055960361,-3618.711804138735
3807.418459370596,-3605.9641615782057
1103.228938049995,-3607.852504995968
7270.183200653195,-3609.4439001156697
1601.9652957247283,-3611.8314996677254
4482.7217903849705,-3657.3498250138146
4799.313381585592,-3636.806261572126
738.7914231950084,-3633.9874550196423
7679.134628780935,-3652.242566452796
11784.41925676884,-3671.1820522908547
12202.976982268316,-3657.1367346938778
6667.059836988934,-3653.126300443973
2969.7603951666233,-3621.2846321864417
7952.439248280926,-3664.4177515187926
12375.090340514244,-3671.052660026253
10333.018353271247,-3695.358570704906
6525.965982224946,-3709.46648570553
10033.637036250357,-3712.835209572359
1651.940743165821,-3723.521471053637
3609.479379251701,-3714.085778061225
5773.305833552805,-3762.9867658677904
8453.771813626678,-3728.040718769798
3776.402959899886,-3744.232493606834
8712.713638080846,-3742.9891386475256
9047.867991290146,-3744.6459240609693
8203.847209245143,-3735.3488566510937
8582.778913420987,-3762.574696105185
5417.186598249321,-3775.6600664050707
9408.94731475187,-3763.201903467029
6032.546969509936,-3774.3969880261693
9550.15698034176,-3795.349040887239
672.3368716827972,-3810.069466125508
3902.030204126791,-3796.885821762461
4230.941938231095,-3809.1690504220624
5895.4847195357825,-3791.68051948052
9276.418332742824,-3811.685832869363
3048.624989642887,-3808.400903140277
6704.930691592503,-3811.354298215085
12560.932523775837,-3808.8283423720814
10333.050259760705,-3816.2792034005042
1844.427432359792,-3810.702024726752
2236.4384177030906,-3841.228692650056
108.01540766103146,-3832.485020329553
1438.3206240057473,-3826.68994714425
8879.554695895122,-3829.4031807436068
3578.1234880227685,-3838.7704956913594
7448.770508826585,-3819.146733486839
10576.75194736842,-3822.1405789473683
6302.396338883975,-3841.6976118140215
12992.620841804732,-3845.9296621533936
2725.083333333333,-3874.883493418712
3774.1186925434117,-3865.1095675859724
4009.7132095420598,-3865.1050023128255
10959.01313668846,-3894.057625057017
9777.324634356179,-3914.9215989058257
12823.947593435389,-3842.2632280604976
1749.1158090305146,-3885.929343542394
3282.649566803465,-3904.619699042408
5861.074998143609,-3897.4433801143537
7759.2774593410695,-3892.388741320658
1063.2117562466294,-3894.467433638924
11682.884092443188,-3914.266658095207
6156.49393147399,-3933.7135798933086
7133.851342953809,-3923.460747082787
13123.788228652082,-3866.35525758645
5178.46541359105,-3925.994064378662
7322.985408943923,-3939.7301837684363
8919.350394226914,-3961.0973317296985
3863.6654873220455,-3937.3167382697334
8513.791838161062,-3981.2533587015614
12887.398082629536,-3975.5589134900706
782.4121625974361,-3939.2093023255816
12078.410949241746,-3982.0589511950297
7935.386518546414,-3958.638109583881
9099.131545899787,-3967.934321235715
3750.048136768298,-3970.447490742929
1034.2263843648211,-3998.237649294245
4769.427440025344,-3992.342337931631
9235.25814054998,-3998.9921431689213
3456.815540171251,-3988.7353798506106
12491.708645336963,-4008.2386355041217
10157.439786500612,-4012.1302494532783
10538.738789176137,-4038.88435150118
748.4462719298245,-4043.666860165119
5588.019769409111,-4023.030609687324
11490.64479064076,-4026.507804339392
1772.644380733945,-4035.4541857798167
8191.038769906646,-4025.356562328391
11777.84633503673,-4081.345456723092
271.6287620029645,-4060.6369143520005
3342.2850573665996,-4059.9462757239116
5852.138549633603,-4056.0281504024347
7719.53205760505,-4061.326034063261
6884.285560923242,-4043.078739832363
9016.514427307677,-4071.174285581955
10429.488068181818,-4068.428282828283
1366.691427179737,-4064.546273745738
10954.612974456912,-4066.9485557412268
8054.2256135285625,-4090.966642606723
520.0736071235385,-4119.050014563309
8786.693620537368,-4055.975524973645
7196.321908464633,-4122.946661210013
8234.372737719046,-4125.4087187589785
11660.28853403363,-4105.897793214452
2319.6146824438542,-4116.4630765515585
8336.307028581701,-4104.684522739529
9305.39175919389,-4114.55939926834
3783.482253404871,-4135.830633512175
5578.880079911676,-4178.390568319226
12762.8910543131,-4156.292058420811
1439.4168957496302,-4167.933231127088
1985.5217171376544,-4168.474000134889
2951.0946610556202,-4220.8890635298885
7337.274406838131,-4179.941776227529
4685.492397660819,-4187.108966861599
3669.9610910962433,-4214.5406587750895
4449.7279960663345,-4209.0154217513755
6790.297630799604,-4214.663499506417
11957.344885078002,-4245.7943908538755
10013.7860017002,-4243.505355624823
7844.891001335113,-4251.7488918558065
8104.4749346120325,-4266.155013077594
10382.00836254593,-4228.647506018499
1356.266998548019,-4256.0287907073225
5847.9580994958615,-4281.233139922001
5332.54306606581,-4260.01607006207
12070.102826193192,-4271.171404137483
9367.796592453224,-4242.7804606111295
10767.546983929566,-4272.920073315223
11290.035090993933,-4284.933691087261
5750.941156208738,-4303.824214937712
10252.275977301388,-4289.6375157629245
7737.191930811179,-4299.386971710975
8943.66074735293,-4304.8348606428945
12646.787178180964,-4309.792703475841
6303.05060330425,-4309.25598663449
9083.162116381029,-4314.891490633719
6712.636660309388,-4330.937317228227
1948.3699293048305,-4352.741415586602
10098.50818359103,-4373.87512188327
8753.996938150643,-4325.895948152685
2537.5755180892165,-4336.26565975881
10545.861418614186,-4326.389862648626
505.15639252611453,-4349.022068559659
11370.783754397185,-4339.963223536936
9717.470657651336,-4324.272182177712
9939.485369805567,-4341.076057948913
3660.9940001874943,-4358.552076497609
6479.992010619115,-4357.088459226608
7993.258298254089,-4362.059554206059
5090.3202307969705,-4366.631365949433
5594.584488984248,-4379.427704223141
9282.318675237326,-4384.267123579243
13005.224215784216,-4365.377462537463
11466.868311385231,-4387.958868144691
4026.926391171637,-4400.282842216483
12262.636831431426,-4374.9196960983145
11857.508624594904,-4379.1624560058535
3128.7096380984412,-4388.197637762179
10907.856566954897,-4409.327734283711
4428.767043748123,-4436.620332365602
5348.317915347638,-4438.997713682729
5698.067746199605,-4435.666115884556
8476.76499357771,-4457.631162928565
1048.8454996456414,-4449.125868178597
8161.660191323321,-4444.022698665772
8604.725312361259,-4446.922115811505
7998.739683173589,-4458.298256123536
9095.53261856138,-4441.630530973453
4914.179944331603,-4457.843413826826
9745.209134002751,-4459.4402874764255
10372.131967080846,-4461.246796837179
2850.9632810909834,-4462.5099124771
7353.469872953053,-4484.15194011873
3300.397051460361,-4502.871599443672
5954.833000912748,-4494.795172576993
12773.075481842998,-4496.903962279758
7217.1020493226815,-4512.548662730114
11523.030463836478,-4523.458529874214
1761.8012567324954,-4522.6203321364455
6377.52802425318,-4532.3883096716945
2160.076777382548,-4533.9181410819065
4667.585570599613,-4535.211528046421
1527.9428313912315,-4568.551406682547
3020.7697645079893,-4585.121250350435
2673.1640915119365,-4595.941677718833
8958.317872790452,-4606.870876768898
12504.30720104802,-4606.074753346706
875.4499160928187,-4599.630461200161
8133.257246243031,-4604.292249750766
1030.0868077827668,-4611.247095716628
7737.279278482692,-4601.05004642115
12274.832792875086,-4608.4011418132
3712.8639221253297,-4610.232474819171
6594.734809054995,-4615.532012290713
789.2481446101845,-4603.1506356087875
5386.76629618504,-4617.030554005923
9737.27729442432,-4635.883442228917
4308.290650632816,-4639.493374902572
9161.504534749713,-4620.636368191612
6711.153800973318,-4613.8250964927
10022.468123297846,-4595.155886358009
3258.6226586263947,-4655.707881957415
4690.949620920778,-4651.410669157235
1400.2865769560517,-4631.991016513214
10503.717276784217,-4660.155789685602
11439.904257595208,-4660.364142062474
4090.799374894408,-4671.37610519795
7869.895979634832,-4685.837283473783
3735.9517048295174,-4693.144085591441
9277.507731958764,-4693.204447374729
463.19616111676595,-4696.772429838592
10673.248412040874,-4714.933305716653
8658.989515786921,-4699.540573298588
8795.684210526315,-4709.1822348664455
2944.235428695936,-4720.446925954171
8071.622312012053,-4716.891453225586
11142.130824877866,-4749.690811724916
13656.699641189858,-4746.997492187199
11393.03633260937,-4761.438814768849
6947.481365435357,-4727.707330145119
12685.374858937246,-4757.397723369805
6671.79757130754,-4759.836091499577
12162.60076320546,-4753.718497690299
1455.5865101095196,-4786.724831508003
10793.018026250207,-4802.8184914437625
3258.451582477468,-4807.018060504436
9756.84820941647,-4809.13953826577
9081.348613173845,-4802.743025729539
5880.686284758521,-4829.817896717541
10929.024936770644,-4845.151262368549
6842.852587306513,-4838.293791153859
5687.235388847883,-4832.351070254311
7069.765557719206,-4845.148514851485
6167.756343674549,-4819.371919274749
8765.659681859895,-4834.11767105129
9276.601283442646,-4849.864908224414
10248.47481249631,-4837.002185082383
4249.1385263840475,-4834.268379670909
11957.459394356503,-4864.7475911906395
10609.80859300325,-4861.932469891034
12114.7479389747,-4864.0336397233
1023.3101404458188,-4854.666838465833
3046.811096600244,-4844.692547499684
7865.059959118783,-4867.803467332879
8394.983724680036,-4872.101128690921
10119.842908146706,-4870.221032132425
842.5700968460303,-4893.062302553213
9393.687805994052,-4903.03065660032
4584.756619432055,-4904.72060068876
8583.070188310101,-4887.5211950762205
9172.861159564749,-4935.0063543483675
9650.695278823128,-4921.405576462538
4041.8763256518623,-4901.124511601945
5699.339796122325,-4934.1163302018795
8195.403888865609,-4927.949964380003
3535.824519680411,-4894.466825214439
13126.982982736705,-4913.066551851396
4356.1266334930015,-4942.568804352881
677.3316227521669,-4945.222691793523
11435.860551867903,-4935.042816391464
6305.0910715693735,-4947.554445817016
5356.608802938138,-4949.992482497418
213.60435139252374,-4960.11417522753
2768.6514756120705,-4948.617266084646
12374.414638694641,-4997.381724941725
10335.23159303882,-4980.541900937082
10894.339275918815,-4983.923325409886
1207.1470715600306,-4989.7007145177
5059.993476959904,-4995.468282465589
1619.6447133087852,-5004.534876380852
5871.027391357874,-4999.140834666995
11721.765315996372,-5009.525703054128
2333.3296442980345,-5022.1111522374795
4758.513978686405,-5013.326882775225
8392.493326862412,-5039.310846881825
4546.445976761864,-5051.36838961885
7628.100344208322,-5065.346789883269
3732.9930058939094,-5057.862750491159
6323.003485509544,-5099.724595997757
8125.53948953255,-5116.642902208202
11455.950606443115,-5065.297458975907
5099.358392434988,-5128.50190943808
8956.435847409766,-5116.178312881861
9585.862365525107,-5115.956166579329
1640.1827097163546,-5144.72948098974
3971.618438234526,-5120.008520501437
12029.276634951675,-5111.778308450227
5963.200512552798,-5139.954629585686
7139.688810649671,-5151.383275082237
4724.305120873408,-5164.537197816479
8335.73856025479,-5158.914430237461
4308.793917652728,-5153.413449697489
2199.362810707457,-5191.5720431576065
4145.0833217350955,-5178.3867780097435
7461.3438782824,-5179.9703850915475
8010.72662406155,-5189.958615126885
11876.145163968453,-5195.253217102531
10177.063570255688,-5221.912620220502
3092.626317686278,-5230.781286602397
3217.1521813224267,-5214.259372869802
11720.69036724625,-5214.526041459436
6841.927597374925,-5218.465396744226
12031.643153974852,-5240.458956230774
4275.467182076365,-5251.468076154412
5682.662514906586,-5220.318316328784
11304.753616748138,-5245.656001580013
5943.833992094862,-5245.8474773308535
2704.0897671272587,-5263.918397912842
10530.676176162744,-5228.978127264431
8413.20220013402,-5256.58616260889
4893.315022815023,-5254.8907218907225
9597.729129723091,-5262.33314009003
9870.757600346209,-5254.658768798009
3425.7313875345894,-5267.68922124127
7917.066073125595,-5279.242484869706
2121.3055189301185,-5265.150813084699
4055.877449751892,-5293.611448047717
8082.411744466109,-5290.478839316435
804.0709484690068,-5294.890851381628
13793.778969011602,-5269.990541929798
1120.0892318679576,-5312.119980955404
10297.424485524938,-5293.9878238259835
8154.213289439487,-5333.981373992896
9093.854259660755,-5332.888311439868
444.98084314196495,-5297.057500600528
5550.5369000942965,-5340.317832150479
4877.651652331371,-5345.228610230874
5060.381639782185,-5358.771653138806
1614.133688591544,-5340.904041386285
8600.627329473493,-5351.967523068573
3728.360371432473,-5373.589717328963
11593.859959486834,-5375.847467927077
7877.095031383821,-5391.0072740071555
11238.421070234112,-5392.2254180602
8315.636265041574,-5375.57790631617
9511.050434324825,-5386.732087391419
3148.1538151891937,-5390.8480633330355
6459.446216116768,-5421.06762336972
10049.189301223843,-5438.163343861034
9283.805458744491,-5408.2338862061715
3564.296697291574,-5417.760306021381
8145.936413756892,-5431.765135206091
6831.566086910269,-5442.322323280677
747.5497277586293,-5438.39177781108
11000.716587112172,-5455.11136459357
11814.213646109221,-5446.952894438138
1299.0535375380678,-5447.8389460210965
3324.231055041908,-5469.6034303983415
7145.499202950646,-5473.07451630044
905.7540484475377,-5478.052194860814
7682.922458709349,-5474.165911799762
9543.265104405316,-5484.2241277737785
6031.044145717418,-5481.628111927872
8603.584568886861,-5489.351220346715
9179.735102861196,-5478.307696855049
1933.5843869681546,-5499.658727244111
8738.365442601766,-5494.4111027353
10718.030602863271,-5500.080294207784
2701.344576479965,-5519.12223751902
7291.18613497457,-5519.5713553019605
9411.371399777225,-5513.372513658303
2592.866808688001,-5536.65127587644
1587.4918566775243,-5539.823522568637
3459.556996685401,-5574.667002930298
8510.198335644938,-5579.54745393303
9683.665042752038,-5574.620202823623
4777.129033764536,-5589.928127772849
298.6749825459623,-5625.01303234815
6192.011547344111,-5576.930846659985
9559.260784661814,-5614.15634061187
11300.845337657163,-5614.324486544917
3688.9044627034004,-5604.143160947318
8697.967531380753,-5607.877322175733
12057.90221468578,-5590.103643183804
3955.135167384819,-5622.570699370235
10629.779330674528,-5632.873070920756
13802.695726953063,-5619.669010854609
1960.8386028882599,-5634.0722064961865
10352.196037125235,-5638.210142272699
3234.826116586287,-5639.844202138814
9963.44199369808,-5643.9757949011755
5017.5945530990175,-5604.583475056689
11637.499146757678,-5657.500752860871
10205.459869744278,-5665.055167129585
2165.139392808842,-5702.730308259105
10093.028006905812,-5700.6590255131405
9259.977206616592,-5699.3842313202795
9005.417952867801,-5708.065132435953
4352.665683337174,-5707.539940078359
7465.7139542355335,-5717.676757219862
656.0813779331004,-5735.392638315255
9855.723322494829,-5735.016891178581
8515.455210772834,-5723.233265027322
8260.456108248663,-5736.30861462898
12246.169925282986,-5748.320791016062
10863.327508532424,-5764.087986348122
831.4332618600911,-5788.600375234521
1346.553744584279,-5776.78667216835
9139.473331509847,-5760.661378555798
4914.397938401429,-5773.656220125525
11656.616071126737,-5789.804401473918
12113.173948305652,-5783.9962269473535
8639.328248393584,-5780.988374944818
1779.7834044570886,-5791.636794689426
6243.206118018551,-5790.509255970002
1965.5069132009216,-5782.0078459343795
4747.846313107183,-5796.732441471572
7799.224487053131,-5792.33626019174
5929.976056593507,-5830.415472519499
11223.38649215325,-5809.536438147276
11341.05743272664,-5799.41278411565
2459.188761668276,-5795.196440888399
6584.125699648989,-5804.807655820131
242.42662148169063,-5865.237064231698
3686.6097111553786,-5813.298356573705
8047.409523349592,-5787.342009948326
1207.8867013653164,-5801.058912272762
3540.793528880239,-5818.417216931953
4461.304862902455,-5813.480462405655
13711.940806173216,-5804.2790130977755
5278.4559113218265,-5862.599712864345
5634.785060026678,-5855.748110271232
12376.262214234963,-5848.988548501693
9818.203315455876,-5853.133187063221
3352.370096745822,-5875.663236587511
3820.3291761602113,-5872.275272814486
9341.546272493571,-5889.062467866324
13697.795579682048,-5906.862659945717
8589.662454424926,-5910.105485581704
2174.812101910828,-5900.265752082312
6607.5504654859205,-5918.408094913714
11741.895863495349,-5903.161220268873
1948.1768525402729,-5946.402676579925
13509.942565832906,-5927.290104892541
3958.8804727019015,-5923.481336124193
4262.054931059306,-5935.26989312808
5491.268404225181,-5948.412319397789
10318.9029732809,-5931.605902458745
728.0904092013012,-5942.469458827843
7866.524504223833,-5960.9370319333775
9968.631235431236,-5946.014085914086
1587.0369261477047,-5943.947723600419
10509.73285111513,-5955.744062688365
13026.756858710562,-5966.52737768633
11344.634652324241,-5970.762133435779
3756.84887168506,-5980.941195849118
2757.143534052199,-5939.0247419511825
11623.464986297417,-5977.463688158085
10784.391184387618,-6007.74932705249
8401.201051508084,-5991.895363086532
9088.742380478088,-6026.205677290836
11074.601122010845,-6013.705017707713
12101.786743623159,-6002.505306274436
1700.5145345168482,-6002.721214925749
3038.9622746961018,-5991.748567835685
8872.47436321535,-6012.211710221634
13714.640208717004,-6003.008839779006
510.3522469570047,-6014.825195538483
4090.088669663184,-5992.087035199345
7603.242514855281,-6005.138278704236
12332.667487978379,-6011.356078369035
13489.007089480745,-6025.105064827234
13601.930336567617,-6029.965509399636
4808.104825675364,-6039.165088894019
4197.609385136596,-6029.340661717004
2928.3533297384743,-6017.853329738474
8600.730709845995,-6060.772002058672
2611.798280279672,-6074.539931384897
9331.849741167924,-6078.611252383979
3797.379074295045,-6078.584060792564
9747.094809637121,-6058.6157792980375
3456.322411115977,-6105.014213480909
4038.808167621616,-6116.88383327716
9219.449417689644,-6119.052187598363
12775.4841592499,-6113.203127861408
13723.241451941303,-6113.4188724285605
2415.870105986546,-6132.389827227411
6421.831022163014,-6084.851913527917
7309.338464594301,-6144.7823021154045
12071.521531100478,-6142.376184887605
1650.6172652422085,-6145.610092438248
5566.1154264972765,-6146.1120790481955
3142.2653541357113,-6162.606550272412
6147.652068478772,-6169.181150240688
12473.65973163163,-6179.267974998907
3917.3426840098214,-6173.243796688083
5806.1593382673045,-6190.726848684621
13746.189608569426,-6188.828911802983
2967.646446639364,-6199.95205974464
3630.0739637703414,-6201.601350936446
1812.1411301185346,-6159.401198814655
2132.390265189661,-6168.302551191675
9995.779348869686,-6184.006502574845
655.3741228070176,-6193.480007309941
1537.4125779692624,-6210.292264163078
7880.187838130275,-6218.506600302965
5908.531053059565,-6193.965795893474
8226.1880489335,-6225.021748222502
10414.008381521668,-6227.125690338509
4658.963596736667,-6195.40885930551
4243.3290677283285,-6237.123039006588
6662.451994450224,-6257.734131113423
11194.219088937094,-6273.643806663329
1282.916712937257,-6257.342726263188
8347.204757933547,-6261.082693236185
12016.099027177945,-6287.276752606553
7007.245987075256,-6252.835800152873
12196.351247828146,-6260.0291423155895
10858.919222289036,-6282.746843054721
13749.63606286187,-6300.75121771896
7434.681045296167,-6279.29156794425
6079.556228652446,-6325.804536959464
1509.5075415753513,-6315.4229083408545
9860.083656055136,-6320.769510994422
10155.231620179064,-6333.6755337465565
11290.694093628335,-6321.137403855284
11700.303223997757,-6336.213484721055
885.3753868440114,-6328.645749654311
7046.3818080213205,-6344.315565490264
9382.737257928196,-6308.367985889096
5910.400401313389,-6341.235680408609
3881.968621477533,-6329.439603960395
7745.022766342982,-6335.1546717465035
10564.993858079904,-6321.672450805008
11435.301751549448,-6350.473834545945
1210.5513046890328,-6352.122228762017
3362.832090622312,-6353.474906796673
9674.209096036508,-6362.788904271138
668.8180716296528,-6377.663121676573
4429.318072430592,-6379.089804543053
6735.648859282479,-6365.706287008012
12836.44514337064,-6347.7004329711635
7618.382697947214,-6382.390322580644
13539.365362827086,-6375.001996223361
2614.5622121981023,-6387.177520909689
3147.233611926813,-6382.532098486558
1559.172307011723,-6403.563813315638
9018.155515908416,-6377.419664981662
2412.40823432284,-6365.152338562045
7298.9990204573705,-6379.265719775459
8542.13165625167,-6402.613790525023
4608.706895740174,-6380.48745587197
12169.635764481674,-6401.176321118037
3586.1322572988374,-6400.348920009495
4005.0142024584948,-6404.411871296342
9495.290017339608,-6404.294178845677
13653.53175226802,-6418.719694263876
10739.602698015031,-6435.0963191366345
