,coord_x,coord_y,mclust
Cell_9,4980.777664,-49.77124718,5
Cell_10,8729.177425,-53.47311392,2
Cell_13,11547.56636,-46.31549263,2
Cell_15,3280.980264,-37.61281062,5
Cell_16,7582.793601,-45.35031185,2
Cell_17,4691.683641,-50.13700344,5
Cell_20,12817.14381,-48.95782821,1
Cell_21,3426.174916,-91.88149725,5
Cell_22,5157.435324,-84.14511967,1
Cell_23,1480.039064,-61.31039593,3
Cell_24,9461.603944,-55.56052131,2
Cell_25,12633.15804,-58.75377178,1
Cell_26,10688.07921,-73.60596399,1
Cell_27,12065.72304,-73.3875239,2
Cell_28,13121.71031,-81.66815503,1
Cell_29,4216.013943,-74.05760602,9
Cell_30,569.0051671,-78.53595908,2
Cell_31,2851.339453,-89.30364674,4
Cell_33,1324.545439,-97.24617917,3
Cell_34,3272.789499,-134.0175016,5
Cell_35,9137.06547,-125.9406405,2
Cell_36,9265.449905,-122.7530938,2
Cell_37,3603.864778,-138.4808499,5
Cell_38,9856.904745,-126.7916739,1
Cell_40,9993.97546,-133.4635544,1
Cell_41,11006.36566,-135.4782993,2
Cell_42,11766.12332,-133.0926944,2
Cell_43,4510.0782,-143.7522198,9
Cell_44,12922.53095,-127.1659613,1
Cell_45,13714.76039,-154.9392547,1
Cell_47,9423.857943,-159.9070197,2
Cell_48,2553.534047,-168.3947694,4
Cell_49,6873.340536,-157.0903639,1
Cell_50,7081.700869,-173.7048045,1
Cell_51,5523.493848,-177.9487931,1
Cell_52,4053.372718,-166.7445374,9
Cell_53,6314.988253,-157.1312199,1
Cell_54,1033.021933,-159.9845518,1
Cell_55,2246.444957,-187.9717784,4
Cell_56,2811.95398,-173.6381426,4
Cell_57,11304.52257,-170.8976356,2
Cell_60,8723.938968,-197.6951882,2
Cell_61,10627.52156,-188.5845105,2
Cell_62,11822.76153,-214.4548412,2
Cell_63,934.0705425,-184.9060413,1
Cell_64,10469.80467,-224.0120279,2
Cell_65,5405.770695,-217.9780704,1
Cell_67,12753.13117,-253.0161473,1
Cell_68,1346.582012,-255.1228003,3
Cell_69,2669.917972,-235.1176622,4
Cell_70,6022.428538,-239.6047689,1
Cell_71,8838.501324,-247.5229863,2
Cell_72,2801.523311,-282.032729,4
Cell_74,3288.222702,-253.9837923,5
Cell_76,1020.539606,-297.1043588,1
Cell_77,9739.765545,-258.2641502,1
Cell_78,10631.29537,-305.8981014,2
Cell_79,3603.870642,-289.7450627,5
Cell_80,6890.985099,-292.287538,1
Cell_81,12261.38978,-307.4996457,1
Cell_82,907.5889339,-326.160108,1
Cell_85,7611.680855,-311.7727903,2
Cell_86,1540.947871,-312.2009951,3
Cell_87,221.4811141,-311.7581076,2
Cell_88,10343.77875,-323.9742171,1
Cell_89,2668.30173,-324.6981745,4
Cell_90,13298.49053,-341.4209232,1
Cell_92,4919.207391,-341.8150003,5
Cell_93,8243.814303,-347.414516,2
Cell_94,8525.112071,-350.1960665,2
Cell_95,4367.885552,-362.9529848,9
Cell_96,9874.984246,-354.5161569,1
Cell_97,4236.005533,-373.7048832,9
Cell_99,4009.928922,-356.9109477,9
Cell_100,8916.875945,-364.500091,2
Cell_101,3486.997622,-377.9730038,5
Cell_102,1196.07499,-356.8812524,3
Cell_103,11586.14685,-398.0127776,2
Cell_104,113.5500837,-393.3266555,2
Cell_105,11266.30268,-366.4395556,2
Cell_106,9341.23564,-364.4475446,2
Cell_107,9724.855301,-398.2109253,1
Cell_108,2213.414954,-389.2617677,4
Cell_110,5937.64717,-416.5598511,1
Cell_111,563.1795238,-414.4234716,2
Cell_113,4112.985993,-439.3453151,5
Cell_114,7674.855404,-427.938334,2
Cell_115,12637.86625,-438.6461564,1
Cell_116,1467.218541,-445.3098393,3
Cell_117,8116.014514,-444.1738962,2
Cell_118,7820.84131,-448.1179098,2
Cell_119,12177.44165,-441.4962934,2
Cell_121,4900.319013,-473.9714099,5
Cell_122,6866.153738,-453.6164143,1
Cell_123,1275.974944,-453.5991584,3
Cell_124,10801.31497,-484.0729586,2
Cell_125,5641.312541,-482.4385219,1
Cell_126,9934.88573,-464.7853141,1
Cell_127,9067.296395,-483.4840335,2
Cell_129,8947.835059,-501.5311683,2
Cell_131,10643.39587,-519.3427151,2
Cell_132,2229.6226,-538.5165622,4
Cell_134,2784.774247,-542.4450907,4
Cell_135,1263.369701,-561.44617,3
Cell_138,3535.085669,-542.8382405,5
Cell_139,3946.098924,-581.927921,5
Cell_140,7586.721426,-567.037644,2
Cell_142,7417.800834,-600.3370602,2
Cell_143,1362.963547,-590.4434941,3
Cell_144,8636.667564,-586.4473935,2
Cell_145,9373.896544,-620.5926933,1
Cell_146,9657.675083,-615.9554936,1
Cell_147,1841.65684,-632.9355458,4
Cell_148,5819.910819,-603.3552328,1
Cell_149,10940.97025,-639.9638448,1
Cell_150,3404.896346,-635.1078405,5
Cell_151,12572.14919,-628.1883816,1
Cell_152,4779.012955,-632.0201952,5
Cell_153,11057.10921,-643.6434382,1
Cell_154,11168.43221,-655.3500152,1
Cell_155,4292.127796,-637.8552811,5
Cell_156,10519.83428,-646.1267343,1
Cell_157,7097.457481,-676.3642469,1
Cell_159,1671.390329,-668.3987541,3
Cell_160,4545.621457,-676.2134362,5
Cell_162,5950.098746,-673.994259,1
Cell_163,6704.93077,-686.2334026,1
Cell_164,1317.434011,-692.6813449,3
Cell_165,3561.400046,-685.5635496,5
Cell_166,11700.77948,-680.2501614,1
Cell_167,3223.25251,-667.8535137,5
Cell_168,3731.806612,-680.9378688,5
Cell_169,3913.011419,-697.5043075,5
Cell_171,9213.22739,-708.3771486,1
Cell_172,12084.39777,-695.1128037,1
Cell_173,5614.94271,-711.5579402,1
Cell_174,12519.81956,-718.9760603,2
Cell_176,13014.97455,-719.7083195,1
Cell_177,6393.110025,-740.7602456,2
Cell_178,13535.7159,-741.6231363,1
Cell_179,6932.335108,-713.6905892,1
Cell_180,4401.292595,-732.3090575,5
Cell_181,1122.092526,-730.0242621,3
Cell_182,5458.770682,-720.2836756,1
Cell_183,10025.15935,-756.3313501,1
Cell_184,10403.33466,-748.7111282,1
Cell_185,8280.727639,-770.2260492,2
Cell_186,9465.485737,-750.672868,1
Cell_187,12132.39378,-790.8235075,1
Cell_188,4188.768834,-772.7336667,5
Cell_190,11060.37728,-778.4997174,1
Cell_191,9881.110543,-801.1502806,1
Cell_192,5276.054602,-795.4436134,5
Cell_193,8461.276511,-771.2752859,2
Cell_194,818.8129784,-796.3022371,3
Cell_195,7467.520177,-806.139305,1
Cell_196,1440.032916,-813.5073337,3
Cell_197,1555.084237,-793.4481003,3
Cell_198,4648.338249,-791.5435454,5
Cell_199,4754.171814,-813.9931034,5
Cell_200,6967.80465,-831.0357598,1
Cell_201,11574.51064,-817.9962917,1
Cell_203,2837.487376,-842.3512755,4
Cell_204,3234.984106,-840.0728374,5
Cell_205,7907.473267,-831.1210202,2
Cell_206,9231.321375,-838.3152303,1
Cell_207,12877.20055,-800.5469782,1
Cell_208,11373.04051,-842.5637495,1
Cell_209,13055.21507,-826.7362001,1
Cell_210,13185.68796,-840.0530683,1
Cell_211,4038.056257,-828.5061547,5
Cell_212,11875.32811,-826.961514,1
Cell_214,12336.85685,-839.0049395,2
Cell_215,5526.636273,-844.9705406,1
Cell_216,10719.6234,-855.1961462,1
Cell_217,10356.89031,-861.6840534,1
Cell_218,3550.542352,-843.3590226,5
Cell_219,10953.94462,-875.4612732,1
Cell_220,8471.899556,-874.9891569,2
Cell_221,4976.649382,-859.7859316,5
Cell_222,12690.87799,-864.8534292,2
Cell_223,11714.54698,-886.4602851,1
Cell_224,4411.11572,-889.5402086,5
Cell_225,13788.87947,-881.0151926,1
Cell_226,6485.447184,-893.6447184,2
Cell_227,4637.071612,-900.6077301,5
Cell_228,9517.001178,-914.0714959,1
Cell_229,888.5757216,-900.4687245,3
Cell_230,3716.099686,-895.1677064,5
Cell_233,4138.46534,-921.8537627,5
Cell_234,8235.884082,-933.8971898,1
Cell_235,6364.388638,-948.9359736,2
Cell_236,1004.054456,-910.2877265,3
Cell_237,12384.0592,-932.5363625,2
Cell_238,12538.38191,-952.6380231,2
Cell_239,10618.73933,-977.3800035,1
Cell_241,7647.799541,-972.9126442,1
Cell_242,11272.80828,-988.9543336,1
Cell_243,10170.07953,-994.6602967,1
Cell_244,11875.10164,-1008.209675,1
Cell_248,13789.85372,-1034.748836,1
Cell_250,9584.549181,-1013.09538,6
Cell_252,8028.457284,-1024.276891,1
Cell_253,10793.50352,-1036.54203,1
Cell_254,2758.04929,-1040.187375,4
Cell_255,6528.879457,-1041.316871,1
Cell_256,12850.60255,-1056.857094,1
Cell_257,7451.838361,-1045.029443,1
Cell_258,11622.24374,-1048.029177,1
Cell_259,9090.296832,-1049.552382,1
Cell_260,5726.848008,-1047.930825,1
Cell_261,9885.527299,-1062.934997,1
Cell_262,1158.263108,-1049.030786,3
Cell_263,4688.951023,-1067.625064,5
Cell_264,10169.63613,-1071.756783,1
Cell_265,1401.77517,-1073.606667,3
Cell_266,5973.407988,-1080.024389,1
Cell_267,2219.536533,-1065.068283,4
Cell_268,6861.253837,-1087.373807,1
Cell_269,5350.215683,-1092.243988,5
Cell_270,3621.745719,-1094.893311,5
Cell_271,4779.453811,-1120.637429,5
Cell_272,12342.63191,-1114.80846,2
Cell_274,5714.348834,-1140.039323,1
Cell_275,12462.33504,-1126.377806,2
Cell_276,8655.813806,-1158.379926,1
Cell_277,3505.288579,-1141.849857,5
Cell_278,4218.858736,-1178.457255,5
Cell_279,8232.02705,-1137.581525,1
Cell_280,3237.838676,-1155.9822,5
Cell_281,4097.700735,-1167.065644,5
Cell_283,4985.351918,-1138.504387,5
Cell_284,8388.112646,-1179.313096,1
Cell_285,9025.98479,-1174.273609,1
Cell_286,7018.495565,-1165.756492,1
Cell_288,11466.45738,-1179.740183,1
Cell_289,1651.975832,-1173.20165,4
Cell_290,10526.49813,-1176.527332,1
Cell_291,11021.97408,-1193.664369,1
Cell_292,6833.349399,-1185.312384,1
Cell_293,13748.3293,-1176.369952,1
Cell_295,5269.87147,-1207.216956,5
Cell_296,1782.293957,-1199.785105,4
Cell_297,7913.049481,-1202.243205,1
Cell_299,1410.565238,-1200.837076,4
Cell_300,9967.592261,-1219.417949,1
Cell_301,9134.174336,-1216.956772,6
Cell_302,2631.988962,-1228.553615,4
Cell_303,9536.791261,-1238.492762,6
Cell_306,4676.966339,-1257.905927,5
Cell_307,12803.09614,-1233.088017,1
Cell_308,8358.900085,-1266.294323,1
Cell_309,7821.148222,-1243.66837,1
Cell_310,10336.17704,-1238.510915,1
Cell_311,4518.315806,-1240.460872,5
Cell_312,12926.94379,-1253.750806,1
Cell_313,8008.630756,-1264.676071,1
Cell_315,3399.12656,-1262.722749,5
Cell_316,244.6287344,-1283.544737,2
Cell_317,13013.60849,-1234.754183,1
Cell_318,907.7424593,-1306.317456,3
Cell_319,12211.03348,-1270.908771,2
Cell_320,1874.215606,-1295.189768,4
Cell_321,3682.692973,-1292.338861,5
Cell_323,13102.10535,-1321.464715,1
Cell_324,1420.723105,-1323.806133,4
Cell_325,12084.74349,-1292.026409,2
Cell_326,9336.888855,-1318.031642,6
Cell_328,4339.851015,-1319.225397,5
Cell_329,5111.391516,-1358.138355,5
Cell_330,10808.13406,-1349.898715,1
Cell_331,11487.25877,-1343.883011,1
Cell_332,12785.84334,-1335.477505,1
Cell_333,2678.318271,-1336.960794,4
Cell_334,7341.835791,-1349.881356,1
Cell_336,4549.232661,-1361.531566,5
Cell_338,5286.568025,-1359.002608,5
Cell_339,7801.812567,-1377.105238,1
Cell_340,520.6127119,-1356.900574,2
Cell_341,11263.3327,-1382.350652,1
Cell_342,12231.85193,-1400.638396,2
Cell_343,3418.404811,-1402.99161,5
Cell_345,1884.868435,-1420.552375,4
Cell_347,3651.897559,-1431.522693,5
Cell_348,12515.65684,-1408.845632,2
Cell_349,12814.77586,-1427.900782,1
Cell_350,8606.801303,-1439.08777,6
Cell_351,11921.27912,-1448.923017,2
Cell_352,1381.781234,-1457.678533,3
Cell_353,6039.782731,-1478.457053,1
Cell_354,9338.682104,-1460.402959,6
Cell_356,4828.046897,-1483.085142,5
Cell_357,9021.601372,-1493.968555,6
Cell_358,10070.06564,-1512.123956,1
Cell_359,8652.023366,-1512.21023,6
Cell_361,3892.744397,-1507.413563,5
Cell_362,5940.64993,-1522.741293,1
Cell_363,3372.389304,-1520.333704,5
Cell_365,5579.130818,-1514.155349,1
Cell_366,12309.48134,-1523.199406,2
Cell_367,6613.906114,-1529.334798,1
Cell_368,13328.38158,-1542.737267,1
Cell_369,7285.562084,-1527.725006,1
Cell_370,11480.57165,-1544.270007,1
Cell_371,2670.021292,-1551.714561,4
Cell_372,5232.357458,-1552.627006,5
Cell_373,7951.528514,-1548.538764,1
Cell_374,9329.186836,-1559.203088,6
Cell_375,10198.44467,-1568.587173,1
Cell_377,8815.330976,-1574.954642,6
Cell_378,1263.967651,-1584.250738,4
Cell_379,4811.229308,-1601.983383,5
Cell_380,7712.822645,-1590.685647,1
Cell_381,6921.356061,-1594.49184,1
Cell_382,6774.151265,-1587.388086,1
Cell_383,10561.55147,-1604.571207,1
Cell_384,1630.314853,-1605.284118,4
Cell_385,4273.595708,-1617.951017,5
Cell_386,1891.352522,-1631.125536,4
Cell_387,8604.256725,-1641.993206,6
Cell_388,12538.94821,-1650.73618,2
Cell_389,7384.247604,-1664.426724,1
Cell_390,9048.916102,-1656.910512,6
Cell_391,11095.62516,-1657.234779,1
Cell_392,12375.60245,-1663.428495,2
Cell_393,8721.75059,-1658.361584,6
Cell_395,10370.91862,-1666.206294,1
Cell_396,11912.44519,-1668.47199,2
Cell_397,6650.446786,-1672.995839,1
Cell_398,400.7796357,-1686.336032,2
Cell_399,5471.524021,-1693.791513,1
Cell_400,10638.05823,-1695.155137,1
Cell_401,3419.99836,-1726.070774,5
Cell_403,1471.212824,-1712.698977,4
Cell_404,7607.075435,-1729.914509,1
Cell_405,1831.435444,-1723.405834,4
Cell_406,5065.355605,-1720.831726,5
Cell_407,2349.474271,-1720.222803,4
Cell_408,12812.4376,-1741.92309,2
Cell_409,9733.717968,-1736.826853,1
Cell_410,4820.26272,-1761.052397,5
Cell_411,3513.174203,-1762.37251,5
Cell_412,733.2044486,-1771.327964,2
Cell_413,8600.527367,-1774.047519,6
Cell_414,4057.067258,-1769.616765,5
Cell_415,6136.400387,-1775.368065,1
Cell_417,10084.82156,-1763.12151,1
Cell_418,4429.864529,-1793.252778,5
Cell_419,9595.376568,-1791.37673,6
Cell_420,204.1443283,-1795.103389,2
Cell_421,3672.704542,-1792.467975,5
Cell_422,10459.30294,-1792.198539,1
Cell_423,5896.952767,-1780.505563,1
Cell_424,4560.327047,-1782.574335,5
Cell_425,5415.581635,-1823.50746,5
Cell_426,6628.495738,-1848.103152,1
Cell_428,11077.68543,-1823.641872,1
Cell_429,10945.8718,-1827.346471,1
Cell_430,12398.75402,-1850.679313,2
Cell_431,2935.454495,-1864.351122,5
Cell_433,11521.91249,-1855.559806,1
Cell_434,3673.236283,-1916.250626,5
Cell_435,4553.741418,-1882.765294,5
Cell_436,7434.632677,-1879.208222,1
Cell_437,6522.662375,-1887.098177,1
Cell_438,9102.990122,-1894.617237,6
Cell_439,9521.011094,-1887.813525,6
Cell_440,1536.771251,-1891.643547,4
Cell_441,13458.36075,-1876.392086,3
Cell_442,3242.135307,-1879.975846,5
Cell_443,7074.874134,-1912.112263,1
Cell_444,11999.20099,-1906.708169,2
Cell_446,8733.114543,-1890.691411,6
Cell_447,8474.954368,-1922.11161,6
Cell_448,6337.715992,-1926.723436,1
Cell_449,4077.513386,-1944.415975,5
Cell_450,8905.059567,-1946.883204,6
Cell_451,2229.736591,-1914.575559,4
Cell_452,4247.094198,-1951.053044,5
Cell_453,8262.11387,-1938.938501,6
Cell_454,10193.01468,-1947.499548,1
Cell_455,2129.23685,-1940.493049,4
Cell_456,5990.443538,-1951.102764,1
Cell_457,11876.67751,-1965.245521,2
Cell_458,13693.87027,-1979.586538,3
Cell_459,13803.29844,-1978.040691,3
Cell_460,8074.151014,-1971.472262,6
Cell_461,1327.441244,-1995.007222,4
Cell_462,9605.875577,-2014.575785,6
Cell_463,12071.3769,-2002.164508,2
Cell_464,1674.539889,-2012.004793,4
Cell_465,11673.33458,-2048.199762,2
Cell_466,2221.314026,-2048.078264,4
Cell_467,12249.32705,-2019.002629,2
Cell_468,2522.381536,-2026.619048,4
Cell_470,9914.660956,-2043.864086,1
Cell_471,2086.16673,-2050.769796,4
Cell_472,5163.644534,-2058.563995,5
Cell_473,12614.59712,-2083.294497,2
Cell_474,3174.178235,-2071.441656,5
Cell_476,4701.313735,-2088.959975,5
Cell_477,6500.393471,-2062.276355,1
Cell_478,11264.25266,-2100.919202,1
Cell_480,9130.210667,-2110.974119,6
Cell_481,10750.38759,-2129.216723,2
Cell_482,3428.016943,-2106.30173,5
Cell_483,337.5853823,-2104.651669,2
Cell_484,12088.09801,-2121.443256,2
Cell_485,3812.059186,-2124.069967,5
Cell_486,5413.996319,-2132.800573,5
Cell_487,8682.971725,-2126.942972,6
Cell_488,10433.53764,-2137.16958,1
Cell_489,12316.57809,-2127.005312,2
Cell_493,11364.69609,-2163.473833,1
Cell_494,11064.72638,-2149.46333,1
Cell_495,2620.13863,-2182.843313,4
Cell_496,8496.021766,-2185.271869,6
Cell_497,12201.3947,-2176.772833,2
Cell_498,6304.272741,-2183.450408,1
Cell_500,5189.62386,-2246.767949,5
Cell_501,3177.204981,-2189.509691,5
Cell_503,13042.42154,-2206.336792,2
Cell_504,3705.11209,-2216.756605,5
Cell_505,9477.672615,-2217.968937,6
Cell_506,7248.250865,-2222.635944,2
Cell_507,7624.078644,-2212.610267,2
Cell_508,2081.323182,-2257.276475,4
Cell_509,8784.933235,-2217.863617,6
Cell_510,4035.588925,-2205.416488,5
Cell_511,11604.55997,-2249.071797,1
Cell_512,3560.021199,-2230.532759,5
Cell_514,6576.766605,-2262.367478,1
Cell_515,12233.93524,-2282.49812,2
Cell_516,10307.79124,-2276.357497,1
Cell_517,6417.216565,-2279.929575,1
Cell_518,1581.492563,-2294.606012,4
Cell_519,10558.71813,-2298.180105,2
Cell_520,6947.637525,-2306.617524,2
Cell_521,9010.966353,-2302.794322,6
Cell_522,3166.387578,-2301.763275,5
Cell_523,12545.92648,-2277.131395,2
Cell_524,3356.399368,-2300.641684,5
Cell_525,3607.285243,-2318.858218,5
Cell_527,9188.236512,-2302.844704,6
Cell_528,1357.300604,-2342.230696,4
Cell_529,8217.042637,-2311.102144,6
Cell_530,9380.862028,-2317.153569,6
Cell_531,9794.001457,-2320.601415,6
Cell_532,11382.334,-2373.467845,1
Cell_534,4021.15359,-2358.057091,5
Cell_535,1433.919922,-2363.556545,4
Cell_536,10183.90162,-2359.51417,6
Cell_537,12979.171,-2367.484685,2
Cell_538,2676.556677,-2385.187655,4
Cell_539,6299.526419,-2384.847407,1
Cell_540,10913.24751,-2382.218522,2
Cell_541,3861.974472,-2394.681947,5
Cell_542,9879.706017,-2402.255124,6
Cell_544,11910.41163,-2418.077576,1
Cell_545,56.79647508,-2397.136956,2
Cell_547,12793.88623,-2400.143998,2
Cell_548,4897.680806,-2403.217499,5
Cell_549,9065.103145,-2435.425819,6
Cell_550,1519.775072,-2442.446327,4
Cell_551,12339.97593,-2476.581853,2
Cell_552,8971.452568,-2480.758554,6
Cell_553,8762.017299,-2481.335664,6
Cell_554,10775.79796,-2477.902323,2
Cell_555,5875.078689,-2468.329309,1
Cell_556,9214.418371,-2491.567373,6
Cell_557,7949.356977,-2481.9148,6
Cell_558,8375.271878,-2507.426026,6
Cell_559,4675.608399,-2501.907358,5
Cell_560,8619.853754,-2505.944156,6
Cell_561,10357.30265,-2515.348144,1
Cell_562,10908.30012,-2515.18375,2
Cell_563,9323.361405,-2518.036211,6
Cell_564,11593.62642,-2542.120059,1
Cell_565,11701.31883,-2543.315617,1
Cell_566,6260.788398,-2527.967242,1
Cell_567,3188.882249,-2567.109017,7
Cell_568,1894.225019,-2578.283265,4
Cell_569,7833.776541,-2592.445322,6
Cell_570,5160.499736,-2568.470474,5
Cell_571,4750.559977,-2604.13095,5
Cell_573,9406.123972,-2577.819253,6
Cell_575,9640.303374,-2588.301899,6
Cell_576,10758.18429,-2600.279782,2
Cell_577,12354.71446,-2600.379061,2
Cell_578,3543.304808,-2602.215424,7
Cell_580,11423.22778,-2617.730719,1
Cell_581,4380.546016,-2625.934426,5
Cell_582,8859.519299,-2609.608929,6
Cell_584,11070.15712,-2634.445308,2
Cell_585,12081.76484,-2619.721785,1
Cell_588,8246.641002,-2650.385605,6
Cell_589,8470.13893,-2634.552703,6
Cell_591,6267.937186,-2662.712458,1
Cell_592,6510.625669,-2635.121041,1
Cell_593,7153.176271,-2640.240331,2
Cell_594,12681.63482,-2654.794945,2
Cell_595,8105.333287,-2696.45746,6
Cell_596,7388.566166,-2676.173517,2
Cell_597,3604.544609,-2686.614136,7
Cell_599,10480.24865,-2700.224668,2
Cell_600,12540.94286,-2688.598349,2
Cell_601,5183.156845,-2704.91577,5
Cell_602,5835.864819,-2696.002208,1
Cell_603,9499.308781,-2715.613075,6
Cell_604,1302.519166,-2723.030044,4
Cell_605,9599.846281,-2713.125517,6
Cell_606,12245.15578,-2707.899738,2
Cell_607,13766.04038,-2718.985103,3
Cell_609,13659.66596,-2725.695117,3
Cell_610,7883.186998,-2720.150614,6
Cell_611,9169.415214,-2727.002135,6
Cell_612,12035.2129,-2730.176918,1
Cell_613,10107.57192,-2753.158816,6
Cell_614,7146.918527,-2762.671524,2
Cell_615,4501.693934,-2749.463001,5
Cell_616,13152.81229,-2755.952675,1
Cell_617,8902.434525,-2774.296158,6
Cell_618,11024.43956,-2761.817234,2
Cell_619,4278.245867,-2773.7608,5
Cell_620,6125.498392,-2756.518527,1
Cell_621,3308.459789,-2755.244857,7
Cell_622,7457.719665,-2762.800417,2
Cell_623,9888.003609,-2774.235115,6
Cell_625,10876.80291,-2805.530424,2
Cell_626,12590.2378,-2814.244811,2
Cell_627,7895.625664,-2823.621359,6
Cell_628,8243.272921,-2836.964487,6
Cell_629,5898.841771,-2819.309582,1
Cell_630,6639.105102,-2828.540112,1
Cell_631,2876.790803,-2823.883221,4
Cell_632,11668.68745,-2821.165185,1
Cell_633,6494.381793,-2835.134236,1
Cell_634,2423.914653,-2856.557161,4
Cell_635,3480.760387,-2841.649556,7
Cell_637,6720.130916,-2835.816769,1
Cell_638,7023.097568,-2851.625966,1
Cell_639,10540.23349,-2860.314114,2
Cell_640,13118.95259,-2869.30891,1
Cell_642,10007.90707,-2862.776946,6
Cell_643,11886.48149,-2864.191277,1
Cell_644,9342.740478,-2883.394956,6
Cell_646,11330.10406,-2889.416554,2
Cell_647,153.1697842,-2884.209353,2
Cell_648,8815.986072,-2901.769072,6
Cell_649,9542.045269,-2895.484959,6
Cell_651,3882.583426,-2913.063015,7
Cell_652,2398.603376,-2948.4212,4
Cell_653,8501.546103,-2934.131655,6
Cell_654,12926.02697,-2967.259017,1
Cell_655,3129.341525,-2963.402725,7
Cell_656,788.2033156,-2940.752011,2
Cell_657,629.8147022,-2968.124262,2
Cell_658,139.7977276,-2972.393315,2
Cell_659,2617.700548,-2972.791706,4
Cell_661,9938.92294,-2987.083465,6
Cell_662,10407.89625,-2975.62866,6
Cell_663,4379.092705,-2990.079326,5
Cell_664,10044.18796,-2981.734307,6
Cell_665,5883.443242,-2986.698885,1
Cell_666,4932.75169,-2986.115508,5
Cell_667,11722.59235,-2967.600984,1
Cell_668,10839.36055,-3006.045529,2
Cell_670,2835.458721,-3002.106462,4
Cell_671,11273.08507,-2999.802419,2
Cell_672,12515.51334,-3001.374874,2
Cell_673,1547.149635,-3013.925911,8
Cell_674,1244.64314,-3048.445379,4
Cell_675,13673.5453,-3012.435189,3
Cell_677,3691.825082,-3024.478445,7
Cell_678,9453.903777,-3035.831658,6
Cell_679,8243.873991,-3026.989014,6
Cell_680,2358.069306,-3043.66646,4
Cell_681,3817.791589,-3058.446526,7
Cell_682,8978.076134,-3061.686982,6
Cell_683,9279.678231,-3050.132592,6
Cell_684,10130.15096,-3068.433038,6
Cell_685,12377.32702,-3068.518192,2
Cell_686,8573.483809,-3067.279503,6
Cell_687,2728.159892,-3085.260454,4
Cell_688,9121.914787,-3070.532382,6
Cell_689,752.2757795,-3086.247947,2
Cell_690,2569.610201,-3095.052126,4
Cell_691,5730.760681,-3076.250562,1
Cell_692,5889.519798,-3106.562413,1
Cell_693,3605.783277,-3104.644058,7
Cell_694,8421.822259,-3087.301004,6
Cell_695,1971.5563,-3089.067376,4
Cell_696,5281.154065,-3111.867838,5
Cell_697,12520.83092,-3119.364126,2
Cell_698,5162.241008,-3109.734608,5
Cell_699,12843.98582,-3102.689538,1
Cell_700,3109.371816,-3115.296883,7
Cell_701,6561.960854,-3126.322111,1
Cell_702,7830.611671,-3152.971415,6
Cell_703,964.3409373,-3156.994676,2
Cell_705,8632.113785,-3152.707748,6
Cell_706,10847.15583,-3134.113163,2
Cell_709,10537.95959,-3176.67656,1
Cell_710,4695.361761,-3208.645961,5
Cell_711,7599.75808,-3194.717226,1
Cell_712,13191.12101,-3199.390687,1
Cell_714,3493.991928,-3211.808976,7
Cell_715,1957.646923,-3218.701813,4
Cell_716,2296.23107,-3240.326354,4
Cell_717,9433.626521,-3237.342963,6
Cell_720,4851.73779,-3222.546926,5
Cell_721,3163.12751,-3261.271814,7
Cell_723,9179.914874,-3251.387792,6
Cell_724,5420.877745,-3292.023159,1
Cell_726,3398.559896,-3276.195313,7
Cell_727,4023.736671,-3294.917972,7
Cell_729,3834.500067,-3289.026277,7
Cell_731,2607.825089,-3307.973513,4
Cell_733,8987.674426,-3300.910896,6
Cell_736,4817.730286,-3353.129096,5
Cell_738,12381.58483,-3345.11007,2
Cell_739,2867.611056,-3324.503643,4
Cell_740,8490.711435,-3372.493134,6
Cell_741,13336.23015,-3368.385928,1
Cell_742,3517.274737,-3374.082248,7
Cell_743,8228.238071,-3367.202386,10
Cell_744,2287.453808,-3369.2414,4
Cell_745,3293.569457,-3367.380328,7
Cell_746,7617.10794,-3355.626268,10
Cell_747,6150.335023,-3418.905993,1
Cell_748,6928.143421,-3400.297115,10
Cell_749,1369.396909,-3414.776011,8
Cell_750,7824.126729,-3414.199082,10
Cell_751,13568.30246,-3446.25915,1
Cell_752,2826.704963,-3478.282484,4
Cell_753,10959.17054,-3460.281255,2
Cell_754,6394.790091,-3460.967364,1
Cell_755,7990.409355,-3482.447073,10
Cell_756,2258.627074,-3489.197704,4
Cell_758,7090.425116,-3469.077298,10
Cell_759,3410.134152,-3543.61174,7
Cell_762,9857.723982,-3496.256791,6
Cell_763,9392.922945,-3495.693496,6
Cell_764,1501.323899,-3497.694268,8
Cell_765,8820.197089,-3515.396501,6
Cell_766,4729.792426,-3524.964147,5
Cell_768,8236.942512,-3519.266953,10
Cell_769,12119.74165,-3520.7511,2
Cell_770,5463.881488,-3538.706864,1
Cell_771,6352.536599,-3533.610872,1
Cell_772,8686.976694,-3553.297292,6
Cell_773,7471.354924,-3569.817449,10
Cell_775,8911.174744,-3555.404067,6
Cell_776,4185.25332,-3567.887342,9
Cell_777,7130.722304,-3569.700834,10
Cell_778,11851.66993,-3558.216117,2
Cell_779,11246.72456,-3575.22711,2
Cell_780,12516.29752,-3568.843745,2
Cell_781,5946.968056,-3618.711804,1
Cell_782,3807.418459,-3605.964162,9
Cell_783,1103.228938,-3607.852505,3
Cell_785,7270.183201,-3609.4439,10
Cell_786,1601.965296,-3611.8315,8
Cell_787,4482.72179,-3657.349825,5
Cell_788,4799.313382,-3636.806262,5
Cell_789,738.7914232,-3633.987455,2
Cell_790,7679.134629,-3652.242566,10
Cell_791,11784.41926,-3671.182052,2
Cell_792,12202.97698,-3657.136735,2
Cell_793,6667.059837,-3653.1263,1
Cell_794,2969.760395,-3621.284632,4
Cell_796,7952.439248,-3664.417752,10
Cell_798,12375.09034,-3671.05266,2
Cell_799,10333.01835,-3695.358571,2
Cell_800,6525.965982,-3709.466486,1
Cell_801,10033.63704,-3712.83521,2
Cell_802,1651.940743,-3723.521471,8
Cell_803,3609.479379,-3714.085778,9
Cell_804,5773.305834,-3762.986766,1
Cell_805,8453.771814,-3728.040719,6
Cell_806,3776.40296,-3744.232494,9
Cell_807,8712.713638,-3742.989139,6
Cell_808,9047.867991,-3744.645924,6
Cell_809,8203.847209,-3735.348857,10
Cell_810,8582.778913,-3762.574696,6
Cell_811,5417.186598,-3775.660066,2
Cell_812,9408.947315,-3763.201903,6
Cell_813,6032.54697,-3774.396988,1
Cell_814,9550.15698,-3795.349041,6
Cell_815,672.3368717,-3810.069466,2
Cell_816,3902.030204,-3796.885822,9
Cell_817,4230.941938,-3809.16905,5
Cell_818,5895.48472,-3791.680519,1
Cell_819,9276.418333,-3811.685833,6
Cell_820,3048.62499,-3808.400903,4
Cell_821,6704.930692,-3811.354298,1
Cell_822,12560.93252,-3808.828342,2
Cell_823,10333.05026,-3816.279203,2
Cell_824,1844.427432,-3810.702025,8
Cell_825,2236.438418,-3841.228693,8
Cell_826,108.0154077,-3832.48502,2
Cell_827,1438.320624,-3826.689947,8
Cell_828,8879.554696,-3829.403181,6
Cell_829,3578.123488,-3838.770496,9
Cell_830,7448.770509,-3819.146733,10
Cell_831,10576.75195,-3822.140579,2
Cell_833,6302.396339,-3841.697612,1
Cell_834,12992.62084,-3845.929662,1
Cell_836,2725.083333,-3874.883493,4
Cell_837,3774.118693,-3865.109568,9
Cell_838,4009.71321,-3865.105002,9
Cell_839,10959.01314,-3894.057625,2
Cell_841,9777.324634,-3914.921599,2
Cell_842,12823.94759,-3842.263228,1
Cell_843,1749.115809,-3885.929344,8
Cell_844,3282.649567,-3904.619699,7
Cell_845,5861.074998,-3897.44338,1
Cell_846,7759.277459,-3892.388741,10
Cell_847,1063.211756,-3894.467434,3
Cell_848,11682.88409,-3914.266658,2
Cell_849,6156.493931,-3933.71358,1
Cell_851,7133.851343,-3923.460747,10
Cell_852,13123.78823,-3866.355258,1
Cell_853,5178.465414,-3925.994064,2
Cell_854,7322.985409,-3939.730184,10
Cell_855,8919.350394,-3961.097332,6
Cell_856,3863.665487,-3937.316738,9
Cell_857,8513.791838,-3981.253359,6
Cell_858,12887.39808,-3975.558913,1
Cell_859,782.4121626,-3939.209302,2
Cell_860,12078.41095,-3982.058951,2
Cell_861,7935.386519,-3958.63811,10
Cell_862,9099.131546,-3967.934321,6
Cell_864,3750.048137,-3970.447491,9
Cell_865,1034.226384,-3998.237649,3
Cell_866,4769.42744,-3992.342338,5
Cell_867,9235.258141,-3998.992143,6
Cell_868,3456.81554,-3988.73538,7
Cell_869,12491.70865,-4008.238636,1
Cell_870,10157.43979,-4012.130249,2
Cell_871,10538.73879,-4038.884352,2
Cell_872,748.4462719,-4043.66686,2
Cell_873,5588.019769,-4023.03061,2
Cell_874,11490.64479,-4026.507804,2
Cell_875,1772.644381,-4035.454186,8
Cell_876,8191.03877,-4025.356562,10
Cell_877,11777.84634,-4081.345457,2
Cell_878,271.628762,-4060.636914,2
Cell_879,3342.285057,-4059.946276,5
Cell_880,5852.13855,-4056.02815,2
Cell_881,7719.532058,-4061.326034,10
Cell_882,6884.285561,-4043.07874,1
Cell_883,9016.514427,-4071.174286,6
Cell_884,10429.48807,-4068.428283,2
Cell_885,1366.691427,-4064.546274,8
Cell_887,10954.61297,-4066.948556,2
Cell_888,8054.225614,-4090.966643,10
Cell_889,520.0736071,-4119.050015,2
Cell_890,8786.693621,-4055.975525,6
Cell_891,7196.321908,-4122.946661,10
Cell_892,8234.372738,-4125.408719,10
Cell_893,11660.28853,-4105.897793,2
Cell_894,2319.614682,-4116.463077,4
Cell_895,8336.307029,-4104.684523,6
Cell_896,9305.391759,-4114.559399,6
Cell_898,3783.482253,-4135.830634,9
Cell_899,5578.88008,-4178.390568,2
Cell_900,12762.89105,-4156.292058,1
Cell_901,1439.416896,-4167.933231,8
Cell_902,1985.521717,-4168.474,8
Cell_903,2951.094661,-4220.889064,4
Cell_904,7337.274407,-4179.941776,10
Cell_905,4685.492398,-4187.108967,11
Cell_906,3669.961091,-4214.540659,1
Cell_907,4449.727996,-4209.015422,11
Cell_908,6790.297631,-4214.6635,1
Cell_909,11957.34489,-4245.794391,2
Cell_910,10013.786,-4243.505356,1
Cell_911,7844.891001,-4251.748892,10
Cell_912,8104.474935,-4266.155013,10
Cell_913,10382.00836,-4228.647506,2
Cell_914,1356.266999,-4256.028791,8
Cell_915,5847.958099,-4281.23314,2
Cell_916,5332.543066,-4260.01607,2
Cell_917,12070.10283,-4271.171404,2
Cell_918,9367.796592,-4242.780461,6
Cell_919,10767.54698,-4272.920073,2
Cell_922,11290.03509,-4284.933691,2
Cell_923,5750.941156,-4303.824215,2
Cell_924,10252.27598,-4289.637516,2
Cell_925,7737.191931,-4299.386972,10
Cell_926,8943.660747,-4304.834861,6
Cell_927,12646.78718,-4309.792703,1
Cell_928,6303.050603,-4309.255987,2
Cell_929,9083.162116,-4314.891491,6
Cell_931,6712.63666,-4330.937317,2
Cell_932,1948.369929,-4352.741416,8
Cell_933,10098.50818,-4373.875122,1
Cell_934,8753.996938,-4325.895948,6
Cell_935,2537.575518,-4336.26566,4
Cell_936,10545.86142,-4326.389863,2
Cell_937,505.1563925,-4349.022069,2
Cell_938,11370.78375,-4339.963224,2
Cell_939,9717.470658,-4324.272182,1
Cell_940,9939.48537,-4341.076058,1
Cell_941,3660.994,-4358.552076,5
Cell_942,6479.992011,-4357.088459,2
Cell_943,7993.258298,-4362.059554,10
Cell_944,5090.320231,-4366.631366,1
Cell_945,5594.584489,-4379.427704,2
Cell_946,9282.318675,-4384.267124,6
Cell_947,13005.22422,-4365.377463,1
Cell_948,11466.86831,-4387.958868,2
Cell_949,4026.926391,-4400.282842,11
Cell_950,12262.63683,-4374.919696,2
Cell_951,11857.50862,-4379.162456,2
Cell_952,3128.709638,-4388.197638,1
Cell_953,10907.85657,-4409.327734,2
Cell_954,4428.767044,-4436.620332,11
Cell_955,5348.317915,-4438.997714,1
Cell_956,5698.067746,-4435.666116,2
Cell_957,8476.764994,-4457.631163,6
Cell_958,1048.8455,-4449.125868,8
Cell_959,8161.660191,-4444.022699,10
Cell_960,8604.725312,-4446.922116,6
Cell_961,7998.739683,-4458.298256,10
Cell_962,9095.532619,-4441.630531,6
Cell_963,4914.179944,-4457.843414,1
Cell_964,9745.209134,-4459.440287,1
Cell_966,10372.13197,-4461.246797,2
Cell_968,2850.963281,-4462.509912,5
Cell_969,7353.469873,-4484.15194,10
Cell_970,3300.397051,-4502.871599,1
Cell_971,5954.833001,-4494.795173,2
Cell_972,12773.07548,-4496.903962,1
Cell_973,7217.102049,-4512.548663,2
Cell_974,11523.03046,-4523.45853,2
Cell_975,1761.801257,-4522.620332,8
Cell_976,6377.528024,-4532.38831,2
Cell_977,2160.076777,-4533.918141,8
Cell_978,4667.585571,-4535.211528,11
Cell_979,1527.942831,-4568.551407,8
Cell_980,3020.769765,-4585.12125,1
Cell_981,2673.164092,-4595.941678,4
Cell_982,8958.317873,-4606.870877,1
Cell_983,12504.3072,-4606.074753,1
Cell_984,875.4499161,-4599.630461,3
Cell_985,8133.257246,-4604.29225,10
Cell_986,1030.086808,-4611.247096,8
Cell_987,7737.279278,-4601.050046,6
Cell_988,12274.83279,-4608.401142,1
Cell_989,3712.863922,-4610.232475,11
Cell_990,6594.734809,-4615.532012,2
Cell_991,789.2481446,-4603.150636,3
Cell_992,5386.766296,-4617.030554,1
Cell_993,9737.277294,-4635.883442,1
Cell_994,4308.290651,-4639.493375,11
Cell_995,9161.504535,-4620.636368,1
Cell_996,6711.153801,-4613.825096,1
Cell_997,10022.46812,-4595.155886,1
Cell_999,3258.622659,-4655.707882,1
Cell_1000,4690.949621,-4651.410669,11
Cell_1001,1400.286577,-4631.991017,8
Cell_1002,10503.71728,-4660.15579,2
Cell_1003,11439.90426,-4660.364142,2
Cell_1004,4090.799375,-4671.376105,11
Cell_1005,7869.89598,-4685.837283,6
Cell_1006,3735.951705,-4693.144086,11
Cell_1007,9277.507732,-4693.204447,1
Cell_1008,463.1961611,-4696.77243,3
Cell_1009,10673.24841,-4714.933306,2
Cell_1010,8658.989516,-4699.540573,6
Cell_1011,8795.684211,-4709.182235,1
Cell_1012,2944.235429,-4720.446926,1
Cell_1013,8071.622312,-4716.891453,6
Cell_1014,11142.13082,-4749.690812,2
Cell_1015,13656.69964,-4746.997492,3
Cell_1016,11393.03633,-4761.438815,2
Cell_1018,6947.481365,-4727.70733,2
Cell_1019,12685.37486,-4757.397723,1
Cell_1020,6671.797571,-4759.836091,2
Cell_1021,12162.60076,-4753.718498,1
Cell_1022,1455.58651,-4786.724832,8
Cell_1023,10793.01803,-4802.818491,2
Cell_1024,3258.451582,-4807.018061,1
Cell_1025,9756.848209,-4809.139538,1
Cell_1026,9081.348613,-4802.743026,1
Cell_1027,5880.686285,-4829.817897,1
Cell_1028,10929.02494,-4845.151262,2
Cell_1029,6842.852587,-4838.293791,2
Cell_1030,5687.235389,-4832.35107,1
Cell_1031,7069.765558,-4845.148515,2
Cell_1032,6167.756344,-4819.371919,2
Cell_1033,8765.659682,-4834.117671,1
Cell_1034,9276.601283,-4849.864908,1
Cell_1035,10248.47481,-4837.002185,1
Cell_1036,4249.138526,-4834.26838,11
Cell_1037,11957.45939,-4864.747591,2
Cell_1038,10609.80859,-4861.93247,2
Cell_1039,12114.74794,-4864.03364,2
Cell_1040,1023.31014,-4854.666838,3
Cell_1041,3046.811097,-4844.692547,1
Cell_1042,7865.059959,-4867.803467,6
Cell_1043,8394.983725,-4872.101129,6
Cell_1044,10119.84291,-4870.221032,1
Cell_1045,842.5700968,-4893.062303,3
Cell_1046,9393.687806,-4903.030657,1
Cell_1047,4584.756619,-4904.720601,11
Cell_1048,8583.070188,-4887.521195,1
Cell_1049,9172.86116,-4935.006354,1
Cell_1050,9650.695279,-4921.405576,1
Cell_1051,4041.876326,-4901.124512,11
Cell_1052,5699.339796,-4934.11633,1
Cell_1053,8195.403889,-4927.949964,6
Cell_1054,3535.82452,-4894.466825,11
Cell_1055,13126.98298,-4913.066552,3
Cell_1056,4356.126633,-4942.568804,11
Cell_1057,677.3316228,-4945.222692,3
Cell_1058,11435.86055,-4935.042816,2
Cell_1059,6305.091072,-4947.554446,2
Cell_1060,5356.608803,-4949.992482,1
Cell_1062,213.6043514,-4960.114175,3
Cell_1063,2768.651476,-4948.617266,1
Cell_1064,12374.41464,-4997.381725,1
Cell_1065,10335.23159,-4980.541901,2
Cell_1066,10894.33928,-4983.923325,2
Cell_1067,1207.147072,-4989.700715,8
Cell_1068,5059.993477,-4995.468282,1
Cell_1069,1619.644713,-5004.534876,12
Cell_1070,5871.027391,-4999.140835,1
Cell_1071,11721.76532,-5009.525703,2
Cell_1072,2333.329644,-5022.111152,4
Cell_1073,4758.513979,-5013.326883,1
Cell_1074,8392.493327,-5039.310847,6
Cell_1075,4546.445977,-5051.36839,11
Cell_1076,7628.100344,-5065.34679,6
Cell_1077,3732.993006,-5057.86275,11
Cell_1079,6323.003486,-5099.724596,2
Cell_1080,8125.53949,-5116.642902,13
Cell_1081,11455.95061,-5065.297459,2
Cell_1084,5099.358392,-5128.501909,1
Cell_1085,8956.435847,-5116.178313,1
Cell_1087,9585.862366,-5115.956167,1
Cell_1088,1640.18271,-5144.729481,12
Cell_1090,3971.618438,-5120.008521,11
Cell_1091,12029.27663,-5111.778308,2
Cell_1092,5963.200513,-5139.95463,1
Cell_1093,7139.688811,-5151.383275,2
Cell_1094,4724.305121,-5164.537198,1
Cell_1095,8335.73856,-5158.91443,6
Cell_1096,4308.793918,-5153.41345,11
Cell_1097,2199.362811,-5191.572043,4
Cell_1098,4145.083322,-5178.386778,11
Cell_1099,7461.343878,-5179.970385,2
Cell_1100,8010.726624,-5189.958615,13
Cell_1101,11876.14516,-5195.253217,2
Cell_1102,10177.06357,-5221.91262,2
Cell_1103,3092.626318,-5230.781287,14
Cell_1104,3217.152181,-5214.259373,14
Cell_1105,11720.69037,-5214.526041,2
Cell_1106,6841.927597,-5218.465397,2
Cell_1107,12031.64315,-5240.458956,2
Cell_1108,4275.467182,-5251.468076,11
Cell_1109,5682.662515,-5220.318316,1
Cell_1110,11304.75362,-5245.656002,2
Cell_1111,5943.833992,-5245.847477,1
Cell_1113,2704.089767,-5263.918398,5
Cell_1114,10530.67618,-5228.978127,2
Cell_1115,8413.2022,-5256.586163,6
Cell_1116,4893.315023,-5254.890722,1
Cell_1117,9597.72913,-5262.33314,1
Cell_1118,9870.7576,-5254.658769,1
Cell_1119,3425.731388,-5267.689221,14
Cell_1120,7917.066073,-5279.242485,13
Cell_1121,2121.305519,-5265.150813,4
Cell_1122,4055.87745,-5293.611448,11
Cell_1123,8082.411744,-5290.478839,13
Cell_1124,804.0709485,-5294.890851,3
Cell_1125,13793.77897,-5269.990542,16
Cell_1126,1120.089232,-5312.119981,3
Cell_1128,10297.42449,-5293.987824,2
Cell_1129,8154.213289,-5333.981374,13
Cell_1130,9093.85426,-5332.888311,1
Cell_1132,444.9808431,-5297.057501,3
Cell_1133,5550.5369,-5340.317832,1
Cell_1134,4877.651652,-5345.22861,1
Cell_1135,5060.38164,-5358.771653,2
Cell_1136,1614.133689,-5340.904041,12
Cell_1137,8600.627329,-5351.967523,15
Cell_1138,3728.360371,-5373.589717,14
Cell_1140,11593.85996,-5375.847468,2
Cell_1142,7877.095031,-5391.007274,13
Cell_1143,11238.42107,-5392.225418,2
Cell_1145,8315.636265,-5375.577906,13
Cell_1146,9511.050434,-5386.732087,1
Cell_1147,3148.153815,-5390.848063,14
Cell_1148,6459.446216,-5421.067623,2
Cell_1149,10049.1893,-5438.163344,2
Cell_1150,9283.805459,-5408.233886,1
Cell_1152,3564.296697,-5417.760306,14
Cell_1153,8145.936414,-5431.765135,13
Cell_1154,6831.566087,-5442.322323,2
Cell_1155,747.5497278,-5438.391778,3
Cell_1156,11000.71659,-5455.111365,2
Cell_1157,11814.21365,-5446.952894,2
Cell_1158,1299.053538,-5447.838946,12
Cell_1159,3324.231055,-5469.60343,14
Cell_1160,7145.499203,-5473.074516,2
Cell_1162,905.7540484,-5478.052195,3
Cell_1163,7682.922459,-5474.165912,6
Cell_1164,9543.265104,-5484.224128,1
Cell_1165,6031.044146,-5481.628112,1
Cell_1166,8603.584569,-5489.35122,15
Cell_1168,9179.735103,-5478.307697,1
Cell_1169,1933.584387,-5499.658727,12
Cell_1170,8738.365443,-5494.411103,15
Cell_1172,10718.0306,-5500.080294,2
Cell_1174,2701.344576,-5519.122238,1
Cell_1175,7291.186135,-5519.571355,6
Cell_1177,9411.3714,-5513.372514,1
Cell_1178,2592.866809,-5536.651276,5
Cell_1179,1587.491857,-5539.823523,12
Cell_1181,3459.556997,-5574.667003,14
Cell_1182,8510.198336,-5579.547454,15
Cell_1183,9683.665043,-5574.620203,1
Cell_1184,4777.129034,-5589.928128,2
Cell_1185,298.6749825,-5625.013032,3
Cell_1186,6192.011547,-5576.930847,1
Cell_1187,9559.260785,-5614.156341,1
Cell_1188,11300.84534,-5614.324487,2
Cell_1189,3688.904463,-5604.143161,14
Cell_1190,8697.967531,-5607.877322,15
Cell_1191,12057.90221,-5590.103643,2
Cell_1192,3955.135167,-5622.570699,14
Cell_1193,10629.77933,-5632.873071,2
Cell_1194,13802.69573,-5619.669011,16
Cell_1195,1960.838603,-5634.072206,4
Cell_1196,10352.19604,-5638.210142,2
Cell_1198,3234.826117,-5639.844202,14
Cell_1200,9963.441994,-5643.975795,2
Cell_1201,5017.594553,-5604.583475,2
Cell_1202,11637.49915,-5657.500753,2
Cell_1203,10205.45987,-5665.055167,2
Cell_1204,2165.139393,-5702.730308,4
Cell_1205,10093.02801,-5700.659026,2
Cell_1206,9259.977207,-5699.384231,1
Cell_1207,9005.417953,-5708.065132,1
Cell_1208,4352.665683,-5707.53994,14
Cell_1210,7465.713954,-5717.676757,6
Cell_1212,656.0813779,-5735.392638,3
Cell_1213,9855.723322,-5735.016891,2
Cell_1214,8515.455211,-5723.233265,15
Cell_1215,8260.456108,-5736.308615,15
Cell_1216,12246.16993,-5748.320791,2
Cell_1217,10863.32751,-5764.087986,2
Cell_1218,831.4332619,-5788.600375,3
Cell_1219,1346.553745,-5776.786672,12
Cell_1220,9139.473332,-5760.661379,1
Cell_1221,4914.397938,-5773.65622,2
Cell_1222,11656.61607,-5789.804401,2
Cell_1223,12113.17395,-5783.996227,2
Cell_1224,8639.328248,-5780.988375,15
Cell_1225,1779.783404,-5791.636795,12
Cell_1227,6243.206118,-5790.509256,2
Cell_1228,1965.506913,-5782.007846,12
Cell_1229,4747.846313,-5796.732441,2
Cell_1230,7799.224487,-5792.33626,6
Cell_1231,5929.976057,-5830.415473,1
Cell_1232,11223.38649,-5809.536438,2
Cell_1233,11341.05743,-5799.412784,2
Cell_1234,2459.188762,-5795.196441,4
Cell_1235,6584.1257,-5804.807656,2
Cell_1236,242.4266215,-5865.237064,3
Cell_1237,3686.609711,-5813.298357,14
Cell_1238,8047.409523,-5787.34201,6
Cell_1239,1207.886701,-5801.058912,4
Cell_1240,3540.793529,-5818.417217,14
Cell_1241,4461.304863,-5813.480462,14
Cell_1242,13711.94081,-5804.279013,16
Cell_1243,5278.455911,-5862.599713,2
Cell_1244,5634.78506,-5855.74811,1
Cell_1245,12376.26221,-5848.988549,2
Cell_1246,9818.203315,-5853.133187,2
Cell_1247,3352.370097,-5875.663237,14
Cell_1248,3820.329176,-5872.275273,14
Cell_1251,9341.546272,-5889.062468,1
Cell_1252,13697.79558,-5906.86266,16
Cell_1253,8589.662454,-5910.105486,15
Cell_1254,2174.812102,-5900.265752,4
Cell_1255,6607.550465,-5918.408095,2
Cell_1256,11741.89586,-5903.16122,2
Cell_1257,1948.176853,-5946.402677,12
Cell_1258,13509.94257,-5927.290105,16
Cell_1259,3958.880473,-5923.481336,14
Cell_1260,4262.054931,-5935.269893,14
Cell_1261,5491.268404,-5948.412319,1
Cell_1262,10318.90297,-5931.605902,2
Cell_1263,728.0904092,-5942.469459,3
Cell_1264,7866.524504,-5960.937032,6
Cell_1265,9968.631235,-5946.014086,2
Cell_1266,1587.036926,-5943.947724,12
Cell_1267,10509.73285,-5955.744063,2
Cell_1268,13026.75686,-5966.527378,3
Cell_1269,11344.63465,-5970.762133,2
Cell_1270,3756.848872,-5980.941196,14
Cell_1271,2757.143534,-5939.024742,14
Cell_1272,11623.46499,-5977.463688,2
Cell_1273,10784.39118,-6007.749327,2
Cell_1274,8401.201052,-5991.895363,15
Cell_1275,9088.74238,-6026.205677,1
Cell_1276,11074.60112,-6013.705018,2
Cell_1277,12101.78674,-6002.505306,2
Cell_1278,1700.514535,-6002.721215,12
Cell_1279,3038.962275,-5991.748568,14
Cell_1280,8872.474363,-6012.21171,15
Cell_1281,13714.64021,-6003.00884,16
Cell_1282,510.352247,-6014.825196,3
Cell_1283,4090.08867,-5992.087035,14
Cell_1284,7603.242515,-6005.138279,6
Cell_1285,12332.66749,-6011.356078,2
Cell_1286,13489.00709,-6025.105065,16
Cell_1287,13601.93034,-6029.965509,16
Cell_1288,4808.104826,-6039.165089,2
Cell_1289,4197.609385,-6029.340662,14
Cell_1290,2928.35333,-6017.85333,14
Cell_1291,8600.73071,-6060.772002,15
Cell_1292,2611.79828,-6074.539931,14
Cell_1293,9331.849741,-6078.611252,1
Cell_1294,3797.379074,-6078.584061,14
Cell_1295,9747.09481,-6058.615779,2
Cell_1297,3456.322411,-6105.014213,14
Cell_1299,4038.808168,-6116.883833,14
Cell_1300,9219.449418,-6119.052188,1
Cell_1301,12775.48416,-6113.203128,1
Cell_1302,13723.24145,-6113.418872,16
Cell_1303,2415.870106,-6132.389827,4
Cell_1304,6421.831022,-6084.851914,2
Cell_1305,7309.338465,-6144.782302,6
Cell_1306,12071.52153,-6142.376185,2
Cell_1307,1650.617265,-6145.610092,12
Cell_1308,5566.115426,-6146.112079,1
Cell_1309,3142.265354,-6162.60655,14
Cell_1310,6147.652068,-6169.18115,2
Cell_1311,12473.65973,-6179.267975,1
Cell_1312,3917.342684,-6173.243797,14
Cell_1314,5806.159338,-6190.726849,2
Cell_1316,13746.18961,-6188.828912,16
Cell_1317,2967.646447,-6199.95206,14
Cell_1318,3630.073964,-6201.601351,14
Cell_1319,1812.14113,-6159.401199,12
Cell_1320,2132.390265,-6168.302551,4
Cell_1321,9995.779349,-6184.006503,2
Cell_1322,655.3741228,-6193.480007,3
Cell_1323,1537.412578,-6210.292264,12
Cell_1324,7880.187838,-6218.5066,6
Cell_1325,5908.531053,-6193.965796,2
Cell_1326,8226.188049,-6225.021748,15
Cell_1327,10414.00838,-6227.12569,2
Cell_1329,4658.963597,-6195.408859,1
Cell_1330,4243.329068,-6237.123039,14
Cell_1331,6662.451994,-6257.734131,2
Cell_1332,11194.21909,-6273.643807,2
Cell_1333,1282.916713,-6257.342726,12
Cell_1334,8347.204758,-6261.082693,15
Cell_1335,12016.09903,-6287.276753,2
Cell_1336,7007.245987,-6252.8358,2
Cell_1337,12196.35125,-6260.029142,2
Cell_1338,10858.91922,-6282.746843,2
Cell_1340,13749.63606,-6300.751218,16
Cell_1342,7434.681045,-6279.291568,6
Cell_1346,6079.556229,-6325.804537,2
Cell_1347,1509.507542,-6315.422908,12
Cell_1348,9860.083656,-6320.769511,1
Cell_1349,10155.23162,-6333.675534,2
Cell_1350,11290.69409,-6321.137404,2
Cell_1351,11700.30322,-6336.213485,2
Cell_1352,885.3753868,-6328.64575,4
Cell_1353,7046.381808,-6344.315565,2
Cell_1354,9382.737258,-6308.367986,1
Cell_1355,5910.400401,-6341.23568,2
Cell_1356,3881.968621,-6329.439604,14
Cell_1357,7745.022766,-6335.154672,6
Cell_1358,10564.99386,-6321.672451,2
Cell_1359,11435.30175,-6350.473835,2
Cell_1360,1210.551305,-6352.122229,4
Cell_1361,3362.832091,-6353.474907,14
Cell_1362,9674.209096,-6362.788904,1
Cell_1363,668.8180716,-6377.663122,4
Cell_1364,4429.318072,-6379.089805,14
Cell_1365,6735.648859,-6365.706287,2
Cell_1366,12836.44514,-6347.700433,1
Cell_1368,7618.382698,-6382.390323,6
Cell_1369,13539.36536,-6375.001996,16
Cell_1370,2614.562212,-6387.177521,1
Cell_1371,3147.233612,-6382.532098,14
Cell_1373,1559.172307,-6403.563813,12
Cell_1375,9018.155516,-6377.419665,1
Cell_1377,2412.408234,-6365.152339,4
Cell_1378,7298.99902,-6379.26572,6
Cell_1379,8542.131656,-6402.613791,15
Cell_1380,4608.706896,-6380.487456,1
Cell_1381,12169.63576,-6401.176321,2
Cell_1382,3586.132257,-6400.34892,14
Cell_1383,4005.014202,-6404.411871,14
Cell_1385,9495.290017,-6404.294179,1
Cell_1387,13653.53175,-6418.719694,16
Cell_1390,10739.6027,-6435.096319,2
