coord_x,coord_y,pred
4980.777664,-49.77124718,6
8729.177425,-53.47311392,10
11547.56636,-46.31549263,15
3280.980264,-37.61281062,13
7582.793601,-45.35031185,3
4691.683641,-50.13700344,1
12817.14381,-48.95782821,5
3426.174916,-91.88149725,3
5157.435324,-84.14511967,6
1480.039064,-61.31039593,9
9461.603944,-55.56052131,10
12633.15804,-58.75377178,5
10688.07921,-73.60596399,15
12065.72304,-73.3875239,15
13121.71031,-81.66815503,5
4216.013943,-74.05760602,15
569.0051671,-78.53595908,2
2851.339453,-89.30364674,11
1324.545439,-97.24617917,9
3272.789499,-134.0175016,13
9137.06547,-125.9406405,10
9265.449905,-122.7530938,10
3603.864778,-138.4808499,6
9856.904745,-126.7916739,10
9993.97546,-133.4635544,15
11006.36566,-135.4782993,2
11766.12332,-133.0926944,15
4510.0782,-143.7522198,1
12922.53095,-127.1659613,5
13714.76039,-154.9392547,0
9423.857943,-159.9070197,10
2553.534047,-168.3947694,9
6873.340536,-157.0903639,2
7081.700869,-173.7048045,3
5523.493848,-177.9487931,13
4053.372718,-166.7445374,1
6314.988253,-157.1312199,3
1033.021933,-159.9845518,3
2246.444957,-187.9717784,13
2811.95398,-173.6381426,11
11304.52257,-170.8976356,15
8723.938968,-197.6951882,10
10627.52156,-188.5845105,15
11822.76153,-214.4548412,15
934.0705425,-184.9060413,0
10469.80467,-224.0120279,15
5405.770695,-217.9780704,4
12753.13117,-253.0161473,5
1346.582012,-255.1228003,9
2669.917972,-235.1176622,11
6022.428538,-239.6047689,2
8838.501324,-247.5229863,10
2801.523311,-282.032729,11
3288.222702,-253.9837923,13
1020.539606,-297.1043588,0
9739.765545,-258.2641502,10
10631.29537,-305.8981014,15
3603.870642,-289.7450627,1
6890.985099,-292.287538,2
12261.38978,-307.4996457,15
907.5889339,-326.160108,0
7611.680855,-311.7727903,3
1540.947871,-312.2009951,11
221.4811141,-311.7581076,6
10343.77875,-323.9742171,15
2668.30173,-324.6981745,11
13298.49053,-341.4209232,2
4919.207391,-341.8150003,13
8243.814303,-347.414516,10
8525.112071,-350.1960665,10
4367.885552,-362.9529848,1
9874.984246,-354.5161569,10
4236.005533,-373.7048832,1
4009.928922,-356.9109477,6
8916.875945,-364.500091,10
3486.997622,-377.9730038,1
1196.07499,-356.8812524,9
11586.14685,-398.0127776,15
113.5500837,-393.3266555,7
11266.30268,-366.4395556,15
9341.23564,-364.4475446,10
9724.855301,-398.2109253,10
2213.414954,-389.2617677,11
5937.64717,-416.5598511,2
563.1795238,-414.4234716,6
4112.985993,-439.3453151,1
7674.855404,-427.938334,3
12637.86625,-438.6461564,2
1467.218541,-445.3098393,11
8116.014514,-444.1738962,10
7820.84131,-448.1179098,10
12177.44165,-441.4962934,2
4900.319013,-473.9714099,6
6866.153738,-453.6164143,13
1275.974944,-453.5991584,9
10801.31497,-484.0729586,14
5641.312541,-482.4385219,6
9934.88573,-464.7853141,10
9067.296395,-483.4840335,10
8947.835059,-501.5311683,10
10643.39587,-519.3427151,14
2229.6226,-538.5165622,13
2784.774247,-542.4450907,9
1263.369701,-561.44617,9
3535.085669,-542.8382405,1
3946.098924,-581.927921,6
7586.721426,-567.037644,3
7417.800834,-600.3370602,3
1362.963547,-590.4434941,9
8636.667564,-586.4473935,14
9373.896544,-620.5926933,10
9657.675083,-615.9554936,15
1841.65684,-632.9355458,13
5819.910819,-603.3552328,2
10940.97025,-639.9638448,5
3404.896346,-635.1078405,13
12572.14919,-628.1883816,7
4779.012955,-632.0201952,1
11057.10921,-643.6434382,2
11168.43221,-655.3500152,2
4292.127796,-637.8552811,1
10519.83428,-646.1267343,5
7097.457481,-676.3642469,10
1671.390329,-668.3987541,11
4545.621457,-676.2134362,1
5950.098746,-673.994259,6
6704.93077,-686.2334026,13
1317.434011,-692.6813449,9
3561.400046,-685.5635496,6
11700.77948,-680.2501614,0
3223.25251,-667.8535137,14
3731.806612,-680.9378688,1
3913.011419,-697.5043075,6
9213.22739,-708.3771486,8
12084.39777,-695.1128037,0
5614.94271,-711.5579402,5
12519.81956,-718.9760603,7
13014.97455,-719.7083195,0
6393.110025,-740.7602456,1
13535.7159,-741.6231363,2
6932.335108,-713.6905892,13
4401.292595,-732.3090575,6
1122.092526,-730.0242621,9
5458.770682,-720.2836756,1
10025.15935,-756.3313501,15
10403.33466,-748.7111282,15
8280.727639,-770.2260492,10
9465.485737,-750.672868,10
12132.39378,-790.8235075,0
4188.768834,-772.7336667,1
11060.37728,-778.4997174,0
9881.110543,-801.1502806,10
5276.054602,-795.4436134,6
8461.276511,-771.2752859,10
818.8129784,-796.3022371,0
7467.520177,-806.139305,3
1440.032916,-813.5073337,9
1555.084237,-793.4481003,9
4648.338249,-791.5435454,1
4754.171814,-813.9931034,6
6967.80465,-831.0357598,9
11574.51064,-817.9962917,0
2837.487376,-842.3512755,13
3234.984106,-840.0728374,3
7907.473267,-831.1210202,6
9231.321375,-838.3152303,3
12877.20055,-800.5469782,2
11373.04051,-842.5637495,2
13055.21507,-826.7362001,0
13185.68796,-840.0530683,2
4038.056257,-828.5061547,1
11875.32811,-826.961514,0
12336.85685,-839.0049395,0
5526.636273,-844.9705406,6
10719.6234,-855.1961462,2
10356.89031,-861.6840534,5
3550.542352,-843.3590226,1
10953.94462,-875.4612732,0
8471.899556,-874.9891569,10
4976.649382,-859.7859316,1
12690.87799,-864.8534292,15
11714.54698,-886.4602851,2
4411.11572,-889.5402086,6
13788.87947,-881.0151926,0
6485.447184,-893.6447184,3
4637.071612,-900.6077301,1
9517.001178,-914.0714959,10
888.5757216,-900.4687245,0
3716.099686,-895.1677064,1
4138.46534,-921.8537627,1
8235.884082,-933.8971898,8
6364.388638,-948.9359736,3
1004.054456,-910.2877265,9
12384.0592,-932.5363625,3
12538.38191,-952.6380231,15
10618.73933,-977.3800035,7
7647.799541,-972.9126442,2
11272.80828,-988.9543336,15
10170.07953,-994.6602967,0
11875.10164,-1008.209675,15
13789.85372,-1034.748836,0
9584.549181,-1013.09538,2
8028.457284,-1024.276891,3
10793.50352,-1036.54203,15
2758.04929,-1040.187375,11
6528.879457,-1041.316871,6
12850.60255,-1056.857094,5
7451.838361,-1045.029443,5
11622.24374,-1048.029177,7
9090.296832,-1049.552382,0
5726.848008,-1047.930825,6
9885.527299,-1062.934997,2
1158.263108,-1049.030786,3
4688.951023,-1067.625064,1
10169.63613,-1071.756783,0
1401.77517,-1073.606667,11
5973.407988,-1080.024389,3
2219.536533,-1065.068283,13
6861.253837,-1087.373807,13
5350.215683,-1092.243988,6
3621.745719,-1094.893311,4
4779.453811,-1120.637429,1
12342.63191,-1114.80846,6
5714.348834,-1140.039323,6
12462.33504,-1126.377806,4
8655.813806,-1158.379926,0
3505.288579,-1141.849857,4
4218.858736,-1178.457255,3
8232.02705,-1137.581525,0
3237.838676,-1155.9822,1
4097.700735,-1167.065644,0
4985.351918,-1138.504387,1
8388.112646,-1179.313096,0
9025.98479,-1174.273609,0
7018.495565,-1165.756492,13
11466.45738,-1179.740183,15
1651.975832,-1173.20165,11
10526.49813,-1176.527332,4
11021.97408,-1193.664369,15
6833.349399,-1185.312384,13
13748.3293,-1176.369952,0
5269.87147,-1207.216956,6
1782.293957,-1199.785105,11
7913.049481,-1202.243205,0
1410.565238,-1200.837076,9
9967.592261,-1219.417949,15
9134.174336,-1216.956772,0
2631.988962,-1228.553615,11
9536.791261,-1238.492762,10
4676.966339,-1257.905927,1
12803.09614,-1233.088017,5
8358.900085,-1266.294323,0
7821.148222,-1243.66837,0
10336.17704,-1238.510915,2
4518.315806,-1240.460872,1
12926.94379,-1253.750806,0
8008.630756,-1264.676071,0
3399.12656,-1262.722749,1
244.6287344,-1283.544737,3
13013.60849,-1234.754183,0
907.7424593,-1306.317456,0
12211.03348,-1270.908771,3
1874.215606,-1295.189768,11
3682.692973,-1292.338861,1
13102.10535,-1321.464715,0
1420.723105,-1323.806133,9
12084.74349,-1292.026409,15
9336.888855,-1318.031642,10
4339.851015,-1319.225397,1
5111.391516,-1358.138355,1
10808.13406,-1349.898715,5
11487.25877,-1343.883011,15
12785.84334,-1335.477505,2
2678.318271,-1336.960794,11
7341.835791,-1349.881356,13
4549.232661,-1361.531566,1
5286.568025,-1359.002608,1
7801.812567,-1377.105238,3
520.6127119,-1356.900574,7
11263.3327,-1382.350652,2
12231.85193,-1400.638396,3
3418.404811,-1402.99161,7
1884.868435,-1420.552375,11
3651.897559,-1431.522693,1
12515.65684,-1408.845632,0
12814.77586,-1427.900782,2
8606.801303,-1439.08777,10
11921.27912,-1448.923017,15
1381.781234,-1457.678533,13
6039.782731,-1478.457053,4
9338.682104,-1460.402959,10
4828.046897,-1483.085142,1
9021.601372,-1493.968555,10
10070.06564,-1512.123956,2
8652.023366,-1512.21023,10
3892.744397,-1507.413563,1
5940.64993,-1522.741293,13
3372.389304,-1520.333704,7
5579.130818,-1514.155349,2
12309.48134,-1523.199406,15
6613.906114,-1529.334798,3
13328.38158,-1542.737267,3
7285.562084,-1527.725006,8
11480.57165,-1544.270007,15
2670.021292,-1551.714561,9
5232.357458,-1552.627006,7
7951.528514,-1548.538764,2
9329.186836,-1559.203088,10
10198.44467,-1568.587173,2
8815.330976,-1574.954642,10
1263.967651,-1584.250738,6
4811.229308,-1601.983383,6
7712.822645,-1590.685647,3
6921.356061,-1594.49184,2
6774.151265,-1587.388086,3
10561.55147,-1604.571207,2
1630.314853,-1605.284118,9
4273.595708,-1617.951017,1
1891.352522,-1631.125536,11
8604.256725,-1641.993206,10
12538.94821,-1650.73618,15
7384.247604,-1664.426724,2
9048.916102,-1656.910512,10
11095.62516,-1657.234779,15
12375.60245,-1663.428495,15
8721.75059,-1658.361584,10
10370.91862,-1666.206294,2
11912.44519,-1668.47199,15
6650.446786,-1672.995839,3
400.7796357,-1686.336032,6
5471.524021,-1693.791513,2
10638.05823,-1695.155137,2
3419.99836,-1726.070774,6
1471.212824,-1712.698977,11
7607.075435,-1729.914509,3
1831.435444,-1723.405834,11
5065.355605,-1720.831726,6
2349.474271,-1720.222803,13
12812.4376,-1741.92309,2
9733.717968,-1736.826853,10
4820.26272,-1761.052397,1
3513.174203,-1762.37251,1
733.2044486,-1771.327964,6
8600.527367,-1774.047519,10
4057.067258,-1769.616765,15
6136.400387,-1775.368065,13
10084.82156,-1763.12151,3
4429.864529,-1793.252778,6
9595.376568,-1791.37673,10
204.1443283,-1795.103389,0
3672.704542,-1792.467975,1
10459.30294,-1792.198539,2
5896.952767,-1780.505563,6
4560.327047,-1782.574335,2
5415.581635,-1823.50746,2
6628.495738,-1848.103152,7
11077.68543,-1823.641872,5
10945.8718,-1827.346471,15
12398.75402,-1850.679313,15
2935.454495,-1864.351122,9
11521.91249,-1855.559806,15
3673.236283,-1916.250626,6
4553.741418,-1882.765294,2
7434.632677,-1879.208222,0
6522.662375,-1887.098177,0
9102.990122,-1894.617237,3
9521.011094,-1887.813525,5
1536.771251,-1891.643547,11
13458.36075,-1876.392086,7
3242.135307,-1879.975846,1
7074.874134,-1912.112263,0
11999.20099,-1906.708169,2
8733.114543,-1890.691411,3
8474.954368,-1922.11161,10
6337.715992,-1926.723436,7
4077.513386,-1944.415975,1
8905.059567,-1946.883204,1
2229.736591,-1914.575559,11
4247.094198,-1951.053044,1
8262.11387,-1938.938501,8
10193.01468,-1947.499548,15
2129.23685,-1940.493049,11
5990.443538,-1951.102764,7
11876.67751,-1965.245521,2
13693.87027,-1979.586538,0
13803.29844,-1978.040691,7
8074.151014,-1971.472262,10
1327.441244,-1995.007222,13
9605.875577,-2014.575785,4
12071.3769,-2002.164508,14
1674.539889,-2012.004793,11
11673.33458,-2048.199762,15
2221.314026,-2048.078264,11
12249.32705,-2019.002629,14
2522.381536,-2026.619048,13
9914.660956,-2043.864086,15
2086.16673,-2050.769796,11
5163.644534,-2058.563995,3
12614.59712,-2083.294497,15
3174.178235,-2071.441656,3
4701.313735,-2088.959975,1
6500.393471,-2062.276355,7
11264.25266,-2100.919202,15
9130.210667,-2110.974119,8
10750.38759,-2129.216723,3
3428.016943,-2106.30173,1
337.5853823,-2104.651669,6
12088.09801,-2121.443256,14
3812.059186,-2124.069967,1
5413.996319,-2132.800573,6
8682.971725,-2126.942972,3
10433.53764,-2137.16958,15
12316.57809,-2127.005312,14
11364.69609,-2163.473833,13
11064.72638,-2149.46333,5
2620.13863,-2182.843313,11
8496.021766,-2185.271869,10
12201.3947,-2176.772833,15
6304.272741,-2183.450408,0
5189.62386,-2246.767949,1
3177.204981,-2189.509691,9
13042.42154,-2206.336792,7
3705.11209,-2216.756605,1
9477.672615,-2217.968937,10
7248.250865,-2222.635944,3
7624.078644,-2212.610267,10
2081.323182,-2257.276475,13
8784.933235,-2217.863617,10
4035.588925,-2205.416488,1
11604.55997,-2249.071797,15
3560.021199,-2230.532759,1
6576.766605,-2262.367478,3
12233.93524,-2282.49812,15
10307.79124,-2276.357497,10
6417.216565,-2279.929575,0
1581.492563,-2294.606012,13
10558.71813,-2298.180105,10
6947.637525,-2306.617524,3
9010.966353,-2302.794322,10
3166.387578,-2301.763275,0
12545.92648,-2277.131395,15
3356.399368,-2300.641684,1
3607.285243,-2318.858218,1
9188.236512,-2302.844704,2
1357.300604,-2342.230696,9
8217.042637,-2311.102144,10
9380.862028,-2317.153569,10
9794.001457,-2320.601415,10
11382.334,-2373.467845,5
4021.15359,-2358.057091,1
1433.919922,-2363.556545,11
10183.90162,-2359.51417,15
12979.171,-2367.484685,7
2676.556677,-2385.187655,13
6299.526419,-2384.847407,3
10913.24751,-2382.218522,5
3861.974472,-2394.681947,1
9879.706017,-2402.255124,10
11910.41163,-2418.077576,15
56.79647508,-2397.136956,6
12793.88623,-2400.143998,2
4897.680806,-2403.217499,6
9065.103145,-2435.425819,10
1519.775072,-2442.446327,11
12339.97593,-2476.581853,5
8971.452568,-2480.758554,10
8762.017299,-2481.335664,7
10775.79796,-2477.902323,15
5875.078689,-2468.329309,3
9214.418371,-2491.567373,10
7949.356977,-2481.9148,10
8375.271878,-2507.426026,10
4675.608399,-2501.907358,1
8619.853754,-2505.944156,7
10357.30265,-2515.348144,7
10908.30012,-2515.18375,5
9323.361405,-2518.036211,10
11593.62642,-2542.120059,7
11701.31883,-2543.315617,7
6260.788398,-2527.967242,1
3188.882249,-2567.109017,6
1894.225019,-2578.283265,13
7833.776541,-2592.445322,10
5160.499736,-2568.470474,3
4750.559977,-2604.13095,1
9406.123972,-2577.819253,10
9640.303374,-2588.301899,10
10758.18429,-2600.279782,3
12354.71446,-2600.379061,15
3543.304808,-2602.215424,3
11423.22778,-2617.730719,5
4380.546016,-2625.934426,7
8859.519299,-2609.608929,10
11070.15712,-2634.445308,15
12081.76484,-2619.721785,15
8246.641002,-2650.385605,4
8470.13893,-2634.552703,10
6267.937186,-2662.712458,1
6510.625669,-2635.121041,3
7153.176271,-2640.240331,7
12681.63482,-2654.794945,15
8105.333287,-2696.45746,4
7388.566166,-2676.173517,3
3604.544609,-2686.614136,3
10480.24865,-2700.224668,15
12540.94286,-2688.598349,15
5183.156845,-2704.91577,6
5835.864819,-2696.002208,6
9499.308781,-2715.613075,3
1302.519166,-2723.030044,13
9599.846281,-2713.125517,15
12245.15578,-2707.899738,15
13766.04038,-2718.985103,9
13659.66596,-2725.695117,9
7883.186998,-2720.150614,10
9169.415214,-2727.002135,10
12035.2129,-2730.176918,15
10107.57192,-2753.158816,10
7146.918527,-2762.671524,6
4501.693934,-2749.463001,1
13152.81229,-2755.952675,0
8902.434525,-2774.296158,8
11024.43956,-2761.817234,15
4278.245867,-2773.7608,0
6125.498392,-2756.518527,13
3308.459789,-2755.244857,1
7457.719665,-2762.800417,3
9888.003609,-2774.235115,15
10876.80291,-2805.530424,15
12590.2378,-2814.244811,15
7895.625664,-2823.621359,10
8243.272921,-2836.964487,4
5898.841771,-2819.309582,13
6639.105102,-2828.540112,11
2876.790803,-2823.883221,13
11668.68745,-2821.165185,15
6494.381793,-2835.134236,13
2423.914653,-2856.557161,11
3480.760387,-2841.649556,3
6720.130916,-2835.816769,11
7023.097568,-2851.625966,10
10540.23349,-2860.314114,15
13118.95259,-2869.30891,0
10007.90707,-2862.776946,10
11886.48149,-2864.191277,3
9342.740478,-2883.394956,10
11330.10406,-2889.416554,4
153.1697842,-2884.209353,13
8815.986072,-2901.769072,10
9542.045269,-2895.484959,10
3882.583426,-2913.063015,6
2398.603376,-2948.4212,11
8501.546103,-2934.131655,10
12926.02697,-2967.259017,4
3129.341525,-2963.402725,13
788.2033156,-2940.752011,3
629.8147022,-2968.124262,0
139.7977276,-2972.393315,13
2617.700548,-2972.791706,11
9938.92294,-2987.083465,0
10407.89625,-2975.62866,15
4379.092705,-2990.079326,10
10044.18796,-2981.734307,0
5883.443242,-2986.698885,3
4932.75169,-2986.115508,1
11722.59235,-2967.600984,0
10839.36055,-3006.045529,15
2835.458721,-3002.106462,11
11273.08507,-2999.802419,3
12515.51334,-3001.374874,5
1547.149635,-3013.925911,13
1244.64314,-3048.445379,0
13673.5453,-3012.435189,0
3691.825082,-3024.478445,1
9453.903777,-3035.831658,10
8243.873991,-3026.989014,10
2358.069306,-3043.66646,11
3817.791589,-3058.446526,6
8978.076134,-3061.686982,10
9279.678231,-3050.132592,3
10130.15096,-3068.433038,13
12377.32702,-3068.518192,15
8573.483809,-3067.279503,10
2728.159892,-3085.260454,11
9121.914787,-3070.532382,8
752.2757795,-3086.247947,3
2569.610201,-3095.052126,11
5730.760681,-3076.250562,3
5889.519798,-3106.562413,14
3605.783277,-3104.644058,1
8421.822259,-3087.301004,10
1971.5563,-3089.067376,11
5281.154065,-3111.867838,0
12520.83092,-3119.364126,5
5162.241008,-3109.734608,0
12843.98582,-3102.689538,7
3109.371816,-3115.296883,1
6561.960854,-3126.322111,3
7830.611671,-3152.971415,14
964.3409373,-3156.994676,13
8632.113785,-3152.707748,10
10847.15583,-3134.113163,5
10537.95959,-3176.67656,2
4695.361761,-3208.645961,2
7599.75808,-3194.717226,13
13191.12101,-3199.390687,0
3493.991928,-3211.808976,1
1957.646923,-3218.701813,11
2296.23107,-3240.326354,11
9433.626521,-3237.342963,10
4851.73779,-3222.546926,6
3163.12751,-3261.271814,1
9179.914874,-3251.387792,10
5420.877745,-3292.023159,1
3398.559896,-3276.195313,1
4023.736671,-3294.917972,2
3834.500067,-3289.026277,1
2607.825089,-3307.973513,13
8987.674426,-3300.910896,10
4817.730286,-3353.129096,7
12381.58483,-3345.11007,5
2867.611056,-3324.503643,13
8490.711435,-3372.493134,10
13336.23015,-3368.385928,2
3517.274737,-3374.082248,0
8228.238071,-3367.202386,8
2287.453808,-3369.2414,11
3293.569457,-3367.380328,1
7617.10794,-3355.626268,5
6150.335023,-3418.905993,3
6928.143421,-3400.297115,6
1369.396909,-3414.776011,9
7824.126729,-3414.199082,7
13568.30246,-3446.25915,13
2826.704963,-3478.282484,9
10959.17054,-3460.281255,15
6394.790091,-3460.967364,0
7990.409355,-3482.447073,14
2258.627074,-3489.197704,11
7090.425116,-3469.077298,13
3410.134152,-3543.61174,4
9857.723982,-3496.256791,10
9392.922945,-3495.693496,10
1501.323899,-3497.694268,11
8820.197089,-3515.396501,10
4729.792426,-3524.964147,3
8236.942512,-3519.266953,10
12119.74165,-3520.7511,15
5463.881488,-3538.706864,7
6352.536599,-3533.610872,0
8686.976694,-3553.297292,10
7471.354924,-3569.817449,4
8911.174744,-3555.404067,10
4185.25332,-3567.887342,6
7130.722304,-3569.700834,13
11851.66993,-3558.216117,2
11246.72456,-3575.22711,5
12516.29752,-3568.843745,2
5946.968056,-3618.711804,7
3807.418459,-3605.964162,1
1103.228938,-3607.852505,9
7270.183201,-3609.4439,10
1601.965296,-3611.8315,9
4482.72179,-3657.349825,1
4799.313382,-3636.806262,3
738.7914232,-3633.987455,3
7679.134629,-3652.242566,10
11784.41926,-3671.182052,2
12202.97698,-3657.136735,7
6667.059837,-3653.1263,3
2969.760395,-3621.284632,13
7952.439248,-3664.417752,10
12375.09034,-3671.05266,2
10333.01835,-3695.358571,15
6525.965982,-3709.466486,3
10033.63704,-3712.83521,15
1651.940743,-3723.521471,9
3609.479379,-3714.085778,1
5773.305834,-3762.986766,3
8453.771814,-3728.040719,10
3776.40296,-3744.232494,1
8712.713638,-3742.989139,10
9047.867991,-3744.645924,10
8203.847209,-3735.348857,8
8582.778913,-3762.574696,10
5417.186598,-3775.660066,14
9408.947315,-3763.201903,10
6032.54697,-3774.396988,3
9550.15698,-3795.349041,8
672.3368717,-3810.069466,3
3902.030204,-3796.885822,1
4230.941938,-3809.16905,3
5895.48472,-3791.680519,7
9276.418333,-3811.685833,10
3048.62499,-3808.400903,13
6704.930692,-3811.354298,0
12560.93252,-3808.828342,5
10333.05026,-3816.279203,15
1844.427432,-3810.702025,11
2236.438418,-3841.228693,13
108.0154077,-3832.48502,4
1438.320624,-3826.689947,9
8879.554696,-3829.403181,2
3578.123488,-3838.770496,1
7448.770509,-3819.146733,0
10576.75195,-3822.140579,15
6302.396339,-3841.697612,3
12992.62084,-3845.929662,0
2725.083333,-3874.883493,9
3774.118693,-3865.109568,1
4009.71321,-3865.105002,6
10959.01314,-3894.057625,15
9777.324634,-3914.921599,15
12823.94759,-3842.263228,7
1749.115809,-3885.929344,11
3282.649567,-3904.619699,1
5861.074998,-3897.44338,7
7759.277459,-3892.388741,10
1063.211756,-3894.467434,9
11682.88409,-3914.266658,15
6156.493931,-3933.71358,7
7133.851343,-3923.460747,3
13123.78823,-3866.355258,0
5178.465414,-3925.994064,3
7322.985409,-3939.730184,3
8919.350394,-3961.097332,3
3863.665487,-3937.316738,1
8513.791838,-3981.253359,10
12887.39808,-3975.558913,0
782.4121626,-3939.209302,13
12078.41095,-3982.058951,6
7935.386519,-3958.63811,10
9099.131546,-3967.934321,10
3750.048137,-3970.447491,1
1034.226384,-3998.237649,9
4769.42744,-3992.342338,6
9235.258141,-3998.992143,10
3456.81554,-3988.73538,6
12491.70865,-4008.238636,10
10157.43979,-4012.130249,5
10538.73879,-4038.884352,0
748.4462719,-4043.66686,13
5588.019769,-4023.03061,14
11490.64479,-4026.507804,15
1772.644381,-4035.454186,11
8191.03877,-4025.356562,10
11777.84634,-4081.345457,15
271.628762,-4060.636914,4
3342.285057,-4059.946276,1
5852.13855,-4056.02815,6
7719.532058,-4061.326034,3
6884.285561,-4043.07874,3
9016.514427,-4071.174286,10
10429.48807,-4068.428283,0
1366.691427,-4064.546274,11
10954.61297,-4066.948556,15
8054.225614,-4090.966643,10
520.0736071,-4119.050015,6
8786.693621,-4055.975525,10
7196.321908,-4122.946661,4
8234.372738,-4125.408719,10
11660.28853,-4105.897793,15
2319.614682,-4116.463077,13
8336.307029,-4104.684523,3
9305.391759,-4114.559399,8
3783.482253,-4135.830634,13
5578.88008,-4178.390568,14
12762.89105,-4156.292058,0
1439.416896,-4167.933231,11
1985.521717,-4168.474,9
2951.094661,-4220.889064,1
7337.274407,-4179.941776,13
4685.492398,-4187.108967,6
3669.961091,-4214.540659,1
4449.727996,-4209.015422,6
6790.297631,-4214.6635,3
11957.34489,-4245.794391,5
10013.786,-4243.505356,7
7844.891001,-4251.748892,10
8104.474935,-4266.155013,8
10382.00836,-4228.647506,5
1356.266999,-4256.028791,11
5847.958099,-4281.23314,13
5332.543066,-4260.01607,13
12070.10283,-4271.171404,15
9367.796592,-4242.780461,10
10767.54698,-4272.920073,5
11290.03509,-4284.933691,15
5750.941156,-4303.824215,4
10252.27598,-4289.637516,5
7737.191931,-4299.386972,10
8943.660747,-4304.834861,10
12646.78718,-4309.792703,0
6303.050603,-4309.255987,3
9083.162116,-4314.891491,10
6712.63666,-4330.937317,3
1948.369929,-4352.741416,13
10098.50818,-4373.875122,7
8753.996938,-4325.895948,10
2537.575518,-4336.26566,11
10545.86142,-4326.389863,2
505.1563925,-4349.022069,3
11370.78375,-4339.963224,15
9717.470658,-4324.272182,14
9939.48537,-4341.076058,8
3660.994,-4358.552076,13
6479.992011,-4357.088459,3
7993.258298,-4362.059554,14
5090.320231,-4366.631366,1
5594.584489,-4379.427704,3
9282.318675,-4384.267124,10
13005.22422,-4365.377463,2
11466.86831,-4387.958868,15
4026.926391,-4400.282842,6
12262.63683,-4374.919696,5
11857.50862,-4379.162456,2
3128.709638,-4388.197638,1
10907.85657,-4409.327734,15
4428.767044,-4436.620332,7
5348.317915,-4438.997714,13
5698.067746,-4435.666116,3
8476.764994,-4457.631163,10
1048.8455,-4449.125868,13
8161.660191,-4444.022699,10
8604.725312,-4446.922116,10
7998.739683,-4458.298256,8
9095.532619,-4441.630531,10
4914.179944,-4457.843414,6
9745.209134,-4459.440287,10
10372.13197,-4461.246797,15
2850.963281,-4462.509912,13
7353.469873,-4484.15194,3
3300.397051,-4502.871599,6
5954.833001,-4494.795173,3
12773.07548,-4496.903962,7
7217.102049,-4512.548663,10
11523.03046,-4523.45853,2
1761.801257,-4522.620332,9
6377.528024,-4532.38831,3
2160.076777,-4533.918141,13
4667.585571,-4535.211528,1
1527.942831,-4568.551407,11
3020.769765,-4585.12125,6
2673.164092,-4595.941678,6
8958.317873,-4606.870877,7
12504.3072,-4606.074753,5
875.4499161,-4599.630461,9
8133.257246,-4604.29225,10
1030.086808,-4611.247096,9
7737.279278,-4601.050046,8
12274.83279,-4608.401142,2
3712.863922,-4610.232475,1
6594.734809,-4615.532012,3
789.2481446,-4603.150636,9
5386.766296,-4617.030554,4
9737.277294,-4635.883442,15
4308.290651,-4639.493375,1
9161.504535,-4620.636368,2
6711.153801,-4613.825096,3
10022.46812,-4595.155886,5
3258.622659,-4655.707882,1
4690.949621,-4651.410669,1
1400.286577,-4631.991017,11
10503.71728,-4660.15579,6
11439.90426,-4660.364142,5
4090.799375,-4671.376105,1
7869.89598,-4685.837283,8
3735.951705,-4693.144086,1
9277.507732,-4693.204447,2
463.1961611,-4696.77243,0
10673.24841,-4714.933306,2
8658.989516,-4699.540573,10
8795.684211,-4709.182235,10
2944.235429,-4720.446926,1
8071.622312,-4716.891453,10
11142.13082,-4749.690812,6
13656.69964,-4746.997492,2
11393.03633,-4761.438815,7
6947.481365,-4727.70733,7
12685.37486,-4757.397723,2
6671.797571,-4759.836091,3
12162.60076,-4753.718498,2
1455.58651,-4786.724832,11
10793.01803,-4802.818491,7
3258.451582,-4807.018061,1
9756.848209,-4809.139538,15
9081.348613,-4802.743026,10
5880.686285,-4829.817897,13
10929.02494,-4845.151262,3
6842.852587,-4838.293791,6
5687.235389,-4832.35107,13
7069.765558,-4845.148515,10
6167.756344,-4819.371919,3
8765.659682,-4834.117671,10
9276.601283,-4849.864908,15
10248.47481,-4837.002185,13
4249.138526,-4834.26838,1
11957.45939,-4864.747591,2
10609.80859,-4861.93247,6
12114.74794,-4864.03364,2
1023.31014,-4854.666838,9
3046.811097,-4844.692547,13
7865.059959,-4867.803467,8
8394.983725,-4872.101129,13
10119.84291,-4870.221032,4
842.5700968,-4893.062303,14
9393.687806,-4903.030657,15
4584.756619,-4904.720601,6
8583.070188,-4887.521195,10
9172.86116,-4935.006354,15
9650.695279,-4921.405576,15
4041.876326,-4901.124512,7
5699.339796,-4934.11633,13
8195.403889,-4927.949964,10
3535.82452,-4894.466825,1
13126.98298,-4913.066552,0
4356.126633,-4942.568804,1
677.3316228,-4945.222692,9
11435.86055,-4935.042816,14
6305.091072,-4947.554446,3
5356.608803,-4949.992482,0
213.6043514,-4960.114175,3
2768.651476,-4948.617266,6
12374.41464,-4997.381725,7
10335.23159,-4980.541901,2
10894.33928,-4983.923325,3
1207.147072,-4989.700715,13
5059.993477,-4995.468282,1
1619.644713,-5004.534876,11
5871.027391,-4999.140835,0
11721.76532,-5009.525703,5
2333.329644,-5022.111152,13
4758.513979,-5013.326883,1
8392.493327,-5039.310847,4
4546.445977,-5051.36839,1
7628.100344,-5065.34679,2
3732.993006,-5057.86275,1
6323.003486,-5099.724596,6
8125.53949,-5116.642902,8
11455.95061,-5065.297459,14
5099.358392,-5128.501909,6
8956.435847,-5116.178313,2
9585.862366,-5115.956167,15
1640.18271,-5144.729481,11
3971.618438,-5120.008521,1
12029.27663,-5111.778308,15
5963.200513,-5139.95463,3
7139.688811,-5151.383275,10
4724.305121,-5164.537198,6
8335.73856,-5158.91443,13
4308.793918,-5153.41345,1
2199.362811,-5191.572043,11
4145.083322,-5178.386778,1
7461.343878,-5179.970385,6
8010.726624,-5189.958615,10
11876.14516,-5195.253217,15
10177.06357,-5221.91262,15
3092.626318,-5230.781287,1
3217.152181,-5214.259373,1
11720.69037,-5214.526041,15
6841.927597,-5218.465397,0
12031.64315,-5240.458956,15
4275.467182,-5251.468076,1
5682.662515,-5220.318316,3
11304.75362,-5245.656002,7
5943.833992,-5245.847477,3
2704.089767,-5263.918398,0
10530.67618,-5228.978127,6
8413.2022,-5256.586163,10
4893.315023,-5254.890722,6
9597.72913,-5262.33314,15
9870.7576,-5254.658769,15
3425.731388,-5267.689221,6
7917.066073,-5279.242485,10
2121.305519,-5265.150813,11
4055.87745,-5293.611448,1
8082.411744,-5290.478839,8
804.0709485,-5294.890851,14
13793.77897,-5269.990542,7
1120.089232,-5312.119981,13
10297.42449,-5293.987824,15
8154.213289,-5333.981374,8
9093.85426,-5332.888311,15
444.9808431,-5297.057501,3
5550.5369,-5340.317832,3
4877.651652,-5345.22861,6
5060.38164,-5358.771653,6
1614.133689,-5340.904041,11
8600.627329,-5351.967523,10
3728.360371,-5373.589717,6
11593.85996,-5375.847468,15
7877.095031,-5391.007274,10
11238.42107,-5392.225418,5
8315.636265,-5375.577906,10
9511.050434,-5386.732087,10
3148.153815,-5390.848063,1
6459.446216,-5421.067623,3
10049.1893,-5438.163344,7
9283.805459,-5408.233886,8
3564.296697,-5417.760306,1
8145.936414,-5431.765135,10
6831.566087,-5442.322323,7
747.5497278,-5438.391778,14
11000.71659,-5455.111365,6
11814.21365,-5446.952894,15
1299.053538,-5447.838946,9
3324.231055,-5469.60343,1
7145.499203,-5473.074516,10
905.7540484,-5478.052195,3
7682.922459,-5474.165912,10
9543.265104,-5484.224128,10
6031.044146,-5481.628112,3
8603.584569,-5489.35122,10
9179.735103,-5478.307697,8
1933.584387,-5499.658727,11
8738.365443,-5494.411103,10
10718.0306,-5500.080294,6
2701.344576,-5519.122238,3
7291.186135,-5519.571355,3
9411.3714,-5513.372514,10
2592.866809,-5536.651276,7
1587.491857,-5539.823523,11
3459.556997,-5574.667003,6
8510.198336,-5579.547454,10
9683.665043,-5574.620203,7
4777.129034,-5589.928128,6
298.6749825,-5625.013032,13
6192.011547,-5576.930847,3
9559.260785,-5614.156341,8
11300.84534,-5614.324487,15
3688.904463,-5604.143161,1
8697.967531,-5607.877322,10
12057.90221,-5590.103643,5
3955.135167,-5622.570699,6
10629.77933,-5632.873071,15
13802.69573,-5619.669011,0
1960.838603,-5634.072206,11
10352.19604,-5638.210142,15
3234.826117,-5639.844202,4
9963.441994,-5643.975795,15
5017.594553,-5604.583475,15
11637.49915,-5657.500753,15
10205.45987,-5665.055167,15
2165.139393,-5702.730308,11
10093.02801,-5700.659026,15
9259.977207,-5699.384231,5
9005.417953,-5708.065132,15
4352.665683,-5707.53994,6
7465.713954,-5717.676757,10
656.0813779,-5735.392638,3
9855.723322,-5735.016891,15
8515.455211,-5723.233265,10
8260.456108,-5736.308615,5
12246.16993,-5748.320791,5
10863.32751,-5764.087986,7
831.4332619,-5788.600375,4
1346.553745,-5776.786672,13
9139.473332,-5760.661379,15
4914.397938,-5773.65622,1
11656.61607,-5789.804401,8
12113.17395,-5783.996227,15
8639.328248,-5780.988375,10
1779.783404,-5791.636795,11
6243.206118,-5790.509256,3
1965.506913,-5782.007846,11
4747.846313,-5796.732441,6
7799.224487,-5792.33626,4
5929.976057,-5830.415473,4
11223.38649,-5809.536438,15
11341.05743,-5799.412784,15
2459.188762,-5795.196441,13
6584.1257,-5804.807656,3
242.4266215,-5865.237064,0
3686.609711,-5813.298357,3
8047.409523,-5787.34201,2
1207.886701,-5801.058912,11
3540.793529,-5818.417217,3
4461.304863,-5813.480462,6
13711.94081,-5804.279013,0
5278.455911,-5862.599713,15
5634.78506,-5855.74811,6
12376.26221,-5848.988549,2
9818.203315,-5853.133187,15
3352.370097,-5875.663237,1
3820.329176,-5872.275273,3
9341.546272,-5889.062468,5
13697.79558,-5906.86266,12
8589.662454,-5910.105486,8
2174.812102,-5900.265752,13
6607.550465,-5918.408095,4
11741.89586,-5903.16122,7
1948.176853,-5946.402677,11
13509.94257,-5927.290105,0
3958.880473,-5923.481336,1
4262.054931,-5935.269893,1
5491.268404,-5948.412319,1
10318.90297,-5931.605902,15
728.0904092,-5942.469459,9
7866.524504,-5960.937032,10
9968.631235,-5946.014086,15
1587.036926,-5943.947724,11
10509.73285,-5955.744063,5
13026.75686,-5966.527378,0
11344.63465,-5970.762133,15
3756.848872,-5980.941196,3
2757.143534,-5939.024742,6
11623.46499,-5977.463688,7
10784.39118,-6007.749327,7
8401.201052,-5991.895363,10
9088.74238,-6026.205677,15
11074.60112,-6013.705018,15
12101.78674,-6002.505306,15
1700.514535,-6002.721215,11
3038.962275,-5991.748568,1
8872.474363,-6012.21171,10
13714.64021,-6003.00884,12
510.352247,-6014.825196,9
4090.08867,-5992.087035,1
7603.242515,-6005.138279,10
12332.66749,-6011.356078,2
13489.00709,-6025.105065,0
13601.93034,-6029.965509,12
4808.104826,-6039.165089,5
4197.609385,-6029.340662,1
2928.35333,-6017.85333,1
8600.73071,-6060.772002,14
2611.79828,-6074.539931,4
9331.849741,-6078.611252,10
3797.379074,-6078.584061,1
9747.09481,-6058.615779,15
3456.322411,-6105.014213,6
4038.808168,-6116.883833,1
9219.449418,-6119.052188,10
12775.48416,-6113.203128,0
13723.24145,-6113.418872,12
2415.870106,-6132.389827,13
6421.831022,-6084.851914,7
7309.338465,-6144.782302,10
12071.52153,-6142.376185,15
1650.617265,-6145.610092,11
5566.115426,-6146.112079,6
3142.265354,-6162.60655,1
6147.652068,-6169.18115,3
12473.65973,-6179.267975,7
3917.342684,-6173.243797,1
5806.159338,-6190.726849,7
13746.18961,-6188.828912,12
2967.646447,-6199.95206,1
3630.073964,-6201.601351,3
1812.14113,-6159.401199,11
2132.390265,-6168.302551,13
9995.779349,-6184.006503,15
655.3741228,-6193.480007,13
1537.412578,-6210.292264,11
7880.187838,-6218.5066,5
5908.531053,-6193.965796,7
8226.188049,-6225.021748,10
10414.00838,-6227.12569,15
4658.963597,-6195.408859,3
4243.329068,-6237.123039,1
6662.451994,-6257.734131,14
11194.21909,-6273.643807,15
1282.916713,-6257.342726,11
8347.204758,-6261.082693,10
12016.09903,-6287.276753,15
7007.245987,-6252.8358,10
12196.35125,-6260.029142,15
10858.91922,-6282.746843,5
13749.63606,-6300.751218,12
7434.681045,-6279.291568,10
6079.556229,-6325.804537,3
1509.507542,-6315.422908,11
9860.083656,-6320.769511,15
10155.23162,-6333.675534,5
11290.69409,-6321.137404,15
11700.30322,-6336.213485,15
885.3753868,-6328.64575,11
7046.381808,-6344.315565,10
9382.737258,-6308.367986,15
5910.400401,-6341.23568,3
3881.968621,-6329.439604,6
7745.022766,-6335.154672,10
10564.99386,-6321.672451,14
11435.30175,-6350.473835,5
1210.551305,-6352.122229,11
3362.832091,-6353.474907,1
9674.209096,-6362.788904,2
668.8180716,-6377.663122,9
4429.318072,-6379.089805,3
6735.648859,-6365.706287,3
12836.44514,-6347.700433,0
7618.382698,-6382.390323,10
13539.36536,-6375.001996,0
2614.562212,-6387.177521,1
3147.233612,-6382.532098,6
1559.172307,-6403.563813,11
9018.155516,-6377.419665,8
2412.408234,-6365.152339,13
7298.99902,-6379.26572,10
8542.131656,-6402.613791,13
4608.706896,-6380.487456,3
12169.63576,-6401.176321,15
3586.132257,-6400.34892,1
4005.014202,-6404.411871,6
9495.290017,-6404.294179,15
13653.53175,-6418.719694,0
10739.6027,-6435.096319,15
