"","x","y","c","z"
"1",4980.77766400437,-49.7712471841081,0,0
"2",8729.17742496234,-53.4731139181829,0,0
"3",11547.5663592033,-46.3154926267552,8,1
"4",3280.98026374809,-37.6128106216919,0,0
"5",7582.7936012936,-45.3503118503119,0,0
"6",4691.68364091336,-50.1370034407257,0,0
"7",12817.1438092502,-48.9578282102844,8,1
"8",3426.17491573532,-91.8814972503104,0,0
"9",5157.43532364691,-84.1451196662778,0,0
"10",1480.03906415414,-61.3103959347872,4,4
"11",9461.6039444092,-55.560521307883,0,0
"12",12633.1580395099,-58.7537717762774,8,1
"13",10688.0792073018,-73.6059639909978,8,1
"14",12065.7230404305,-73.387523897189,8,1
"15",13121.7103054117,-81.6681550276835,8,1
"16",4216.01394316592,-74.0576060211319,0,0
"17",569.0051671412,-78.5359590846778,3,0
"18",2851.33945257587,-89.3036467377822,1,4
"19",1324.54543851399,-97.2461791676463,13,4
"20",3272.78949903661,-134.017501605652,0,0
"21",9137.06547002019,-125.940640515031,0,0
"22",9265.44990480723,-122.753093764874,0,0
"23",3603.86477798965,-138.480849904658,0,0
"24",9856.90474543043,-126.791673874186,0,0
"25",9993.97545980305,-133.463554420883,0,0
"26",11006.3656633222,-135.478299311883,3,1
"27",11766.1233230968,-133.09269435914,7,1
"28",4510.07820014798,-143.752219755827,0,0
"29",12922.5309491059,-127.165961273939,0,1
"30",13714.760391198,-154.939254700278,12,6
"31",9423.85794334975,-159.907019704434,0,0
"32",2553.5340472268,-168.394769357496,13,4
"33",6873.34053559167,-157.090363927672,0,0
"34",7081.70086906616,-173.704804460113,0,0
"35",5523.49384813687,-177.948793063042,1,0
"36",4053.37271828073,-166.744537361748,0,0
"37",6314.98825331971,-157.131219903692,0,0
"38",1033.02193261284,-159.984551811825,0,0
"39",2246.44495746005,-187.971778377257,1,4
"40",2811.9539800995,-173.638142620232,1,4
"41",11304.5225693904,-170.897635587676,8,1
"42",8723.93896783845,-197.695188232361,0,0
"43",10627.5215613383,-188.584510532838,4,1
"44",11822.7615325532,-214.454841187367,8,1
"45",934.070542464949,-184.906041253762,3,0
"46",10469.8046691225,-224.012027872709,8,1
"47",5405.77069525377,-217.978070370535,0,0
"48",12753.1311715064,-253.016147252309,8,1
"49",1346.58201173148,-255.122800347599,13,4
"50",2669.91797211224,-235.117662248236,1,4
"51",6022.42853763543,-239.604768888679,0,0
"52",8838.50132353736,-247.522986332451,0,0
"53",2801.52331057217,-282.032728985166,1,4
"54",3288.22270203578,-253.983792271886,0,0
"55",1020.53960603521,-297.10435875943,0,0
"56",9739.76554460112,-258.264150202286,0,0
"57",10631.2953748989,-305.898101436438,8,1
"58",3603.87064228061,-289.745062682466,0,0
"59",6890.98509870919,-292.287537965072,5,0
"60",12261.3897756032,-307.499645689219,8,1
"61",907.588933873144,-326.160107962213,4,0
"62",7611.68085453359,-311.772790280496,0,0
"63",1540.94787131792,-312.200995081133,1,4
"64",221.481114078596,-311.758107592522,0,0
"65",10343.7787463678,-323.974217056409,8,1
"66",2668.30172990538,-324.698174519736,1,4
"67",13298.4905328049,-341.420923234992,7,6
"68",4919.20739077879,-341.815000287803,1,0
"69",8243.81430278756,-347.414515972738,0,0
"70",8525.11207060524,-350.196066496747,0,0
"71",4367.88555209669,-362.952984801319,0,0
"72",9874.98424563017,-354.516156853726,0,0
"73",4236.00553303738,-373.704883227176,0,0
"74",4009.92892156863,-356.910947712418,4,0
"75",8916.87594464172,-364.500091049804,0,0
"76",3486.99762234991,-377.973003764613,0,0
"77",1196.07499021526,-356.881252446184,12,4
"78",11586.1468478908,-398.012777551596,8,1
"79",113.550083713411,-393.326655504878,5,0
"80",11266.3026763171,-366.439555630365,8,1
"81",9341.23563988095,-364.447544642857,0,0
"82",9724.85530067392,-398.210925349922,0,0
"83",2213.41495375128,-389.261767728674,1,4
"84",5937.64716957449,-416.559851052257,0,0
"85",563.179523752922,-414.423471611395,0,0
"86",4112.98599258685,-439.345315059047,0,0
"87",7674.85540375312,-427.938333953538,0,0
"88",12637.8662477558,-438.646156357108,8,1
"89",1467.21854131886,-445.309839315526,1,4
"90",8116.01451434879,-444.173896247241,0,0
"91",7820.84131018956,-448.117909797371,0,0
"92",12177.4416515293,-441.49629338701,7,1
"93",4900.31901316451,-473.971409908552,0,0
"94",6866.15373823581,-453.616414333314,1,0
"95",1275.97494437458,-453.599158363161,2,4
"96",10801.3149677679,-484.072958635509,2,1
"97",5641.3125413477,-482.438521878839,0,0
"98",9934.88572977532,-464.785314137702,0,0
"99",9067.2963953309,-483.484033527022,0,0
"100",8947.83505884917,-501.531168265039,0,0
"101",10643.3958699809,-519.342715105162,2,1
"102",2229.62260021884,-538.516562220233,1,4
"103",2784.77424734861,-542.445090660281,13,4
"104",1263.36970054387,-561.446169975755,12,4
"105",3535.08566867684,-542.838240510819,0,0
"106",3946.09892384106,-581.927921002838,0,0
"107",7586.72142552283,-567.037644046095,0,0
"108",7417.80083410977,-600.337060206753,0,0
"109",1362.96354728888,-590.443494145977,12,4
"110",8636.66756388416,-586.447393526405,2,0
"111",9373.89654363832,-620.592693335834,0,0
"112",9657.67508261049,-615.955493597687,0,0
"113",1841.65684008547,-632.935545767738,1,4
"114",5819.910818515,-603.355232794896,3,0
"115",10940.9702494706,-639.963844842725,8,1
"116",3404.89634551495,-635.107840531561,1,0
"117",12572.1491870356,-628.1883816087,5,1
"118",4779.01295474712,-632.020195208518,0,0
"119",11057.1092074005,-643.643438197394,8,1
"120",11168.432211101,-655.350015165302,0,1
"121",4292.12779614861,-637.855281073721,0,0
"122",10519.8342754368,-646.126734326824,8,1
"123",7097.45748148148,-676.36424691358,0,0
"124",1671.39032927915,-668.398754078908,1,4
"125",4545.62145748988,-676.213436234818,0,0
"126",5950.09874580463,-673.994258964847,0,0
"127",6704.93077040118,-686.233402647462,1,0
"128",1317.43401078911,-692.681344875172,12,4
"129",3561.40004600874,-685.563549574419,0,0
"130",11700.779482596,-680.25016137842,3,1
"131",3223.25250982104,-667.853513749454,2,0
"132",3731.80661169943,-680.937868781994,0,0
"133",3913.01141866748,-697.504307488403,12,0
"134",9213.22739018088,-708.377148634985,0,0
"135",12084.3977703076,-695.11280371048,3,1
"136",5614.94271018092,-711.557940167908,0,0
"137",12519.8195570217,-718.976060320452,8,1
"138",13014.974554226,-719.708319538381,3,6
"139",6393.11002536377,-740.760245628087,0,0
"140",13535.7159020087,-741.623136296083,12,6
"141",6932.33510823012,-713.690589188564,1,0
"142",4401.29259485924,-732.30905752754,0,0
"143",1122.09252582045,-730.024262054635,13,4
"144",5458.77068245719,-720.283675555934,0,0
"145",10025.1593450837,-756.331350093943,0,0
"146",10403.3346635968,-748.711128165771,8,1
"147",8280.72763918126,-770.226049178125,0,0
"148",9465.48573683617,-750.672868042245,0,0
"149",12132.3937769838,-790.823507518237,3,1
"150",4188.76883379442,-772.733666737604,0,0
"151",11060.3772752968,-778.499717354438,3,1
"152",9881.11054319503,-801.150280617358,0,0
"153",5276.05460233661,-795.443613433055,0,0
"154",8461.27651143791,-771.275285947712,0,0
"155",818.812978418687,-796.302237147513,0,0
"156",7467.52017731581,-806.139305003567,0,0
"157",1440.03291642979,-813.507333712336,13,4
"158",1555.08423682474,-793.448100311115,13,4
"159",4648.33824891909,-791.543545398394,0,0
"160",4754.17181409295,-813.993103448276,0,0
"161",6967.80464987545,-831.035759756435,12,0
"162",11574.5106369137,-817.996291718171,3,1
"163",2837.48737617253,-842.351275532568,1,4
"164",3234.98410578336,-840.07283736254,0,0
"165",7907.47326669275,-831.121020241187,0,0
"166",9231.32137477206,-838.315230317926,0,0
"167",12877.2005459624,-800.546978161503,3,6
"168",11373.0405127394,-842.563749538429,3,1
"169",13055.2150655688,-826.736200060994,12,6
"170",13185.6879583173,-840.053068313392,8,6
"171",4038.05625687497,-828.506154732596,0,0
"172",11875.3281057941,-826.961514008392,3,1
"173",12336.8568548387,-839.004939516129,3,1
"174",5526.63627304434,-844.970540607872,0,0
"175",10719.6233977027,-855.19614616281,3,1
"176",10356.8903061224,-861.684053408598,8,1
"177",3550.54235197368,-843.359022556391,0,0
"178",10953.944621983,-875.461273231856,3,1
"179",8471.8995556966,-874.989156881413,0,0
"180",4976.64938157286,-859.785931609233,0,0
"181",12690.8779859485,-864.853429240549,8,1
"182",11714.546982948,-886.460285132383,8,1
"183",4411.11572035535,-889.540208574739,0,0
"184",13788.8794679443,-881.015192586522,3,6
"185",6485.44718427191,-893.644718427191,0,0
"186",4637.07161224967,-900.607730070911,0,0
"187",9517.00117824489,-914.071495899708,0,0
"188",888.575721599763,-900.468724493582,13,4
"189",3716.09968592695,-895.16770640623,0,0
"190",4138.46534008683,-921.853762662808,0,0
"191",8235.8840819569,-933.897189765317,5,0
"192",6364.38863806036,-948.935973550428,0,0
"193",1004.05445609724,-910.287726534732,2,4
"194",12384.0592048401,-932.536362513891,0,1
"195",12538.3819110379,-952.63802306425,8,1
"196",10618.7393288281,-977.380003465604,5,1
"197",7647.79954080796,-972.912644180834,3,0
"198",11272.8082758621,-988.954333643989,8,1
"199",10170.0795342896,-994.660296718412,3,1
"200",11875.1016393443,-1008.20967534555,8,1
"201",13789.8537227788,-1034.74883589671,3,6
"202",9584.54918115649,-1013.09538010514,3,0
"203",8028.45728418523,-1024.27689126121,0,0
"204",10793.5035220716,-1036.54203005501,8,1
"205",2758.04929012593,-1040.18737466913,1,4
"206",6528.87945675833,-1041.31687053558,0,0
"207",12850.6025466121,-1056.8570941337,8,6
"208",7451.83836065574,-1045.02944262295,0,0
"209",11622.2437411139,-1048.02917722693,5,1
"210",9090.29683240296,-1049.55238218876,3,0
"211",5726.84800769277,-1047.93082516978,0,0
"212",9885.52729885058,-1062.93499651689,3,0
"213",1158.26310786106,-1049.03078610603,0,0
"214",4688.9510230179,-1067.62506393862,0,0
"215",10169.6361287147,-1071.75678336307,3,1
"216",1401.77516956083,-1073.60666698735,1,4
"217",5973.407987993,-1080.02438922705,0,0
"218",2219.53653306944,-1065.0682830282,1,4
"219",6861.2538373425,-1087.37380679649,1,0
"220",5350.21568260503,-1092.24398802283,0,0
"221",3621.74571943527,-1094.8933113047,5,0
"222",4779.45381114903,-1120.63742889647,0,0
"223",12342.631908863,-1114.80845960972,8,1
"224",5714.3488341457,-1140.03932288236,0,0
"225",12462.3350361393,-1126.37780555405,8,1
"226",8655.81380587146,-1158.37992594552,3,0
"227",3505.28857933663,-1141.84985707155,1,0
"228",4218.85873637244,-1178.45725470388,7,0
"229",8232.02705035971,-1137.58152517986,12,0
"230",3237.83867554615,-1155.98219953943,0,0
"231",4097.70073501457,-1167.06564440502,12,0
"232",4985.35191814236,-1138.50438749327,0,0
"233",8388.11264633814,-1179.31309556221,3,0
"234",9025.98478950835,-1174.27360919816,3,0
"235",7018.49556481778,-1165.75649246553,1,0
"236",11466.4573799521,-1179.74018263255,8,1
"237",1651.97583221983,-1173.20164991576,1,4
"238",10526.4981299,-1176.52733223045,5,1
"239",11021.9740761766,-1193.66436893466,8,1
"240",6833.34939851943,-1185.31238433066,0,0
"241",13748.3292997961,-1176.36995241332,12,6
"242",5269.87147044106,-1207.21695617986,3,0
"243",1782.29395716027,-1199.78510477738,1,4
"244",7913.0494814614,-1202.24320477191,3,0
"245",1410.56523822563,-1200.83707557503,2,4
"246",9967.59226133354,-1219.41794940693,8,1
"247",9134.17433593084,-1216.9567715147,3,0
"248",2631.98896156991,-1228.55361523187,1,4
"249",9536.7912614039,-1238.49276181859,0,0
"250",4676.96633872673,-1257.90592731116,0,0
"251",12803.0961441532,-1233.08801663306,8,6
"252",8358.90008519867,-1266.29432267059,3,0
"253",7821.14822222222,-1243.66837037037,3,0
"254",10336.1770421714,-1238.51091533329,8,1
"255",4518.31580575317,-1240.46087225487,0,0
"256",12926.9437903226,-1253.75080645161,12,6
"257",8008.63075592228,-1264.67607133351,3,0
"258",3399.12655999172,-1262.72274869246,0,0
"259",244.62873437323,-1283.5447369415,7,5
"260",13013.608494085,-1234.75418309709,12,6
"261",907.742459310139,-1306.31745557712,12,0
"262",12211.033476899,-1270.90877055599,0,1
"263",1874.215606339,-1295.1897680294,1,4
"264",3682.6929732128,-1292.33886085076,0,0
"265",13102.105345912,-1321.46471513134,12,6
"266",1420.72310467505,-1323.80613318635,13,4
"267",12084.7434885198,-1292.02640893003,8,1
"268",9336.88885520482,-1318.03164197203,0,0
"269",4339.85101451478,-1319.22539706665,0,0
"270",5111.39151635282,-1358.13835480674,0,0
"271",10808.1340617,-1349.89871480221,8,1
"272",11487.2587749701,-1343.88301090176,8,1
"273",12785.8433375416,-1335.47750487777,3,6
"274",2678.31827065443,-1336.96079360379,1,4
"275",7341.83579132732,-1349.8813559322,1,0
"276",4549.23266112142,-1361.53156603435,0,0
"277",5286.56802465721,-1359.00260797408,0,0
"278",7801.81256681316,-1377.1052381518,0,0
"279",520.612711903984,-1356.90057441741,5,0
"280",11263.3326962062,-1382.3506516073,12,1
"281",12231.8519279469,-1400.63839648335,0,1
"282",3418.40481140481,-1402.99160974161,6,0
"283",1884.86843485864,-1420.55237540076,1,4
"284",3651.89755877544,-1431.52269267633,0,0
"285",12515.6568408804,-1408.84563172695,3,1
"286",12814.7758576219,-1427.90078239188,3,6
"287",8606.80130259485,-1439.08777008167,0,0
"288",11921.2791181025,-1448.92301736083,8,1
"289",1381.78123420742,-1457.67853332585,1,4
"290",6039.78273141318,-1478.45705305023,3,0
"291",9338.68210351012,-1460.40295926211,0,0
"292",4828.04689740893,-1483.08514198298,0,0
"293",9021.60137181543,-1493.96855513985,0,0
"294",10070.0656436488,-1512.12395566922,8,1
"295",8652.02336561743,-1512.21023002421,0,0
"296",3892.74439703385,-1507.41356311363,0,0
"297",5940.64992972044,-1522.74129314384,12,0
"298",3372.38930368017,-1520.33370399788,5,0
"299",5579.13081754254,-1514.15534918675,5,0
"300",12309.4813442914,-1523.19940579542,8,1
"301",6613.9061138651,-1529.33479795704,0,0
"302",13328.3815760462,-1542.73726683424,7,6
"303",7285.56208438432,-1527.72500573263,0,0
"304",11480.5716522246,-1544.27000655356,8,1
"305",2670.02129210266,-1551.71456088292,13,4
"306",5232.35745799305,-1552.62700647705,5,0
"307",7951.52851418002,-1548.53876387176,0,0
"308",9329.18683551161,-1559.20308796641,0,0
"309",10198.4446711116,-1568.58717285302,3,1
"310",8815.33097604097,-1574.95464244346,0,0
"311",1263.9676511955,-1584.25073839662,0,0
"312",4811.22930794449,-1601.98338348228,0,0
"313",7712.82264520873,-1590.6856465975,0,0
"314",6921.35606120047,-1594.49183993723,7,0
"315",6774.15126525079,-1587.38808555505,0,0
"316",10561.551474051,-1604.57120655552,8,1
"317",1630.31485312371,-1605.28411844672,13,4
"318",4273.59570847207,-1617.95101738809,0,0
"319",1891.3525220681,-1631.12553593947,13,4
"320",8604.25672490294,-1641.99320576816,0,0
"321",12538.9482071713,-1650.73618027888,8,1
"322",7384.24760449121,-1664.42672388455,0,0
"323",9048.91610213653,-1656.91051210384,0,0
"324",11095.6251592194,-1657.23477862129,8,1
"325",12375.6024527758,-1663.42849499979,8,1
"326",8721.75058988585,-1658.36158408265,0,0
"327",10370.9186189889,-1666.20629389374,3,1
"328",11912.44519203,-1668.47198960439,8,1
"329",6650.44678580955,-1672.99583889037,0,0
"330",400.779635743956,-1686.33603152625,0,0
"331",5471.52402069475,-1693.79151268785,4,0
"332",10638.0582331594,-1695.15513721932,8,1
"333",3419.99835967193,-1726.07077415483,0,0
"334",1471.21282393505,-1712.69897675453,1,4
"335",7607.07543458484,-1729.91450910969,0,0
"336",1831.43544414646,-1723.40583438235,1,4
"337",5065.35560468041,-1720.83172618821,0,0
"338",2349.47427137824,-1720.22280345895,1,4
"339",12812.437598143,-1741.92309005257,8,1
"340",9733.71796782536,-1736.82685311007,0,0
"341",4820.26272042616,-1761.05239713446,0,0
"342",3513.17420292333,-1762.37251047098,0,0
"343",733.204448608299,-1771.32796397594,0,0
"344",8600.52736682524,-1774.04751947305,0,0
"345",4057.06725762727,-1769.61676492104,0,0
"346",6136.40038709677,-1775.36806451613,1,0
"347",10084.8215580897,-1763.12151002753,0,0
"348",4429.86452889543,-1793.25277791872,0,0
"349",9595.37656813654,-1791.37672966134,0,0
"350",204.144328327922,-1795.1033887987,12,0
"351",3672.70454240922,-1792.46797534504,0,0
"352",10459.3029420193,-1792.19853854236,0,1
"353",5896.95276747603,-1780.50556294171,0,0
"354",4560.3270471464,-1782.57433534208,4,0
"355",5415.58163512858,-1823.50745997089,0,0
"356",6628.49573774243,-1848.10315235425,0,0
"357",11077.6854345165,-1823.6418715923,8,1
"358",10945.871798263,-1827.34647092536,8,1
"359",12398.7540188524,-1850.67931317714,8,1
"360",2935.45449456547,-1864.35112189206,13,4
"361",11521.9124850359,-1855.55980646449,8,1
"362",3673.23628272704,-1916.25062645814,0,0
"363",4553.74141814578,-1882.76529417065,4,0
"364",7434.63267714091,-1879.20822207042,3,0
"365",6522.66237549969,-1887.09817738329,5,0
"366",9102.99012175511,-1894.61723715445,0,0
"367",9521.0110938902,-1887.81352475732,3,0
"368",1536.77125105902,-1891.64354702062,1,4
"369",13458.3607497597,-1876.39208586991,5,6
"370",3242.13530671275,-1879.97584613651,0,0
"371",7074.87413357518,-1912.11226274535,12,0
"372",11999.2009871887,-1906.70816926404,7,1
"373",8733.11454342273,-1890.69141123882,3,0
"374",8474.9543678419,-1922.11161015046,0,0
"375",6337.71599220948,-1926.72343648561,0,0
"376",4077.51338601726,-1944.41597451818,0,0
"377",8905.05956667298,-1946.88320384057,0,0
"378",2229.73659133346,-1914.5755585603,1,4
"379",4247.09419758329,-1951.05304404895,0,0
"380",8262.11386990767,-1938.93850086068,5,0
"381",10193.0146763722,-1947.49954751131,8,1
"382",2129.23684964885,-1940.49304858822,13,4
"383",5990.44353835522,-1951.10276434001,5,0
"384",11876.6775137112,-1965.24552102377,7,1
"385",13693.8702714831,-1979.58653803006,3,6
"386",13803.2984370716,-1978.04069097889,5,6
"387",8074.15101361706,-1971.47226235825,0,0
"388",1327.44124367553,-1995.00722213155,1,4
"389",9605.87557720607,-2014.57578525397,0,0
"390",12071.3768993552,-2002.16450798991,7,1
"391",1674.53988868275,-2012.00479282622,1,4
"392",11673.3345761063,-2048.19976225212,8,1
"393",2221.31402557148,-2048.07826423867,1,4
"394",12249.3270460358,-2019.00262858767,2,1
"395",2522.38153606693,-2026.61904761905,3,4
"396",9914.66095563813,-2043.86408629024,0,0
"397",2086.16673001394,-2050.76979602179,1,4
"398",5163.64453437695,-2058.5639953749,0,0
"399",12614.597120524,-2083.294497482,8,1
"400",3174.17823483468,-2071.4416558188,0,0
"401",4701.31373479896,-2088.95997516707,0,0
"402",6500.39347098424,-2062.2763548836,4,0
"403",11264.2526635491,-2100.91920165839,8,1
"404",9130.21066694609,-2110.97411850998,0,0
"405",10750.3875932221,-2129.21672332464,0,1
"406",3428.0169431836,-2106.30172953514,0,0
"407",337.585382271664,-2104.65166867427,0,0
"408",12088.0980120785,-2121.44325616507,2,1
"409",3812.05918591859,-2124.0699669967,0,0
"410",5413.99631929211,-2132.80057255456,0,0
"411",8682.97172519376,-2126.94297196441,0,0
"412",10433.5376389937,-2137.16958047692,8,1
"413",12316.5780895306,-2127.00531190411,8,1
"414",11364.6960888216,-2163.47383295483,1,1
"415",11064.7263847088,-2149.46332963726,8,1
"416",2620.13862968723,-2182.8433125972,1,4
"417",8496.02176591376,-2185.27186858316,0,0
"418",12201.3946967388,-2176.77283348573,8,1
"419",6304.27274110902,-2183.4504084014,12,0
"420",5189.62386015736,-2246.76794943543,0,0
"421",3177.20498061788,-2189.50969106073,5,0
"422",13042.421541944,-2206.33679161389,0,1
"423",3705.11208967174,-2216.75660528423,0,0
"424",9477.67261483265,-2217.96893735543,0,0
"425",7248.25086539273,-2222.63594405201,0,0
"426",7624.07864447564,-2212.6102666934,0,0
"427",2081.32318160798,-2257.27647486292,1,4
"428",8784.93323505635,-2217.86361690998,0,0
"429",4035.58892480237,-2205.416488181,0,0
"430",11604.5599727009,-2249.07179662174,8,1
"431",3560.02119940243,-2230.53275947926,0,0
"432",6576.76660536333,-2262.36747786664,0,0
"433",12233.9352375888,-2282.49811980097,8,1
"434",10307.7912354021,-2276.3574971683,0,0
"435",6417.21656472144,-2279.92957513639,12,0
"436",1581.49256332068,-2294.60601157508,13,4
"437",10558.7181253721,-2298.18010546908,8,1
"438",6947.63752539966,-2306.61752393077,0,0
"439",9010.96635317484,-2302.79432209825,0,0
"440",3166.3875777388,-2301.76327539467,13,4
"441",12545.9264799716,-2277.13139548623,8,1
"442",3356.39936842105,-2300.64168421053,0,0
"443",3607.28524324997,-2318.85821824064,0,0
"444",9188.23651235642,-2302.8447035619,12,0
"445",1357.3006037496,-2342.23069590086,13,4
"446",8217.04263712283,-2311.10214444584,0,0
"447",9380.86202759448,-2317.15356928614,0,0
"448",9794.00145658846,-2320.60141497165,0,0
"449",11382.3340013599,-2373.46784525641,8,1
"450",4021.15358965291,-2358.05709089072,0,0
"451",1433.91992155581,-2363.55654518712,13,4
"452",10183.9016224986,-2359.51416982152,8,1
"453",12979.170995447,-2367.48468543046,5,1
"454",2676.55667697926,-2385.18765532282,1,4
"455",6299.52641914698,-2384.84740718012,0,0
"456",10913.2475122232,-2382.21852171412,8,1
"457",3861.97447172822,-2394.68194730902,0,0
"458",9879.70601698795,-2402.25512435787,0,0
"459",11910.4116254507,-2418.07757584587,8,1
"460",56.7964750785811,-2397.13695554558,0,0
"461",12793.8862342237,-2400.14399765189,8,1
"462",4897.68080648165,-2403.21749860309,0,0
"463",9065.10314547838,-2435.42581913499,4,0
"464",1519.77507205459,-2442.44632668667,1,4
"465",12339.9759254627,-2476.58185342671,12,1
"466",8971.45256760863,-2480.75855363112,0,0
"467",8762.01729855696,-2481.33566370888,12,0
"468",10775.7979558506,-2477.90232337601,8,1
"469",5875.07868852459,-2468.32930948833,0,0
"470",9214.41837114169,-2491.56737324904,0,0
"471",7949.35697661109,-2481.91480025945,0,0
"472",8375.27187818853,-2507.42602621458,0,0
"473",4675.60839898706,-2501.90735790658,0,0
"474",8619.85375365616,-2505.94415556278,5,0
"475",10357.3026543566,-2515.34814387382,5,1
"476",10908.3001222169,-2515.18375046496,3,1
"477",9323.36140485804,-2518.03621098507,0,0
"478",11593.6264224631,-2542.12005925527,5,1
"479",11701.3188294455,-2543.31561670624,5,1
"480",6260.7883979929,-2527.96724187166,0,0
"481",3188.88224918258,-2567.10901738083,0,0
"482",1894.22501876118,-2578.28326502338,1,4
"483",7833.77654065251,-2592.44532194027,0,0
"484",5160.49973558963,-2568.47047417592,0,0
"485",4750.55997691443,-2604.13094984964,0,0
"486",9406.12397229236,-2577.81925292937,0,0
"487",9640.3033738938,-2588.30189896755,0,0
"488",10758.1842894263,-2600.27978213072,7,1
"489",12354.7144576242,-2600.37906137184,8,1
"490",3543.30480755675,-2602.21542365713,0,0
"491",11423.2277834155,-2617.730719049,8,1
"492",4380.54601577091,-2625.93442622951,5,0
"493",8859.51929908785,-2609.60892942871,0,0
"494",11070.157117198,-2634.44530758868,8,1
"495",12081.7648413216,-2619.72178517978,8,1
"496",8246.64100150602,-2650.38560491968,12,0
"497",8470.13893025315,-2634.55270253954,0,0
"498",6267.93718580459,-2662.71245831467,0,0
"499",6510.6256690455,-2635.12104148082,0,0
"500",7153.17627094676,-2640.24033090575,5,0
"501",12681.6348201125,-2654.794944587,8,1
"502",8105.33328673935,-2696.45745969621,12,0
"503",7388.56616571893,-2676.17351746548,0,0
"504",3604.54460921356,-2686.61413638021,0,0
"505",10480.2486473849,-2700.22466769087,8,1
"506",12540.9428600375,-2688.59834861456,8,1
"507",5183.15684492249,-2704.91577033783,0,0
"508",5835.86481939113,-2696.002208318,0,0
"509",9499.3087808919,-2715.61307469281,12,0
"510",1302.51916601917,-2723.03004403004,1,4
"511",9599.84628111604,-2713.12551703392,0,0
"512",12245.1557839673,-2707.89973844812,8,1
"513",13766.0403840443,-2718.98510343462,5,6
"514",13659.6659620991,-2725.69511661808,5,6
"515",7883.18699776786,-2720.15061383929,3,0
"516",9169.41521352313,-2727.00213523132,0,0
"517",12035.2129042486,-2730.17691819911,8,1
"518",10107.5719233433,-2753.15881628569,0,0
"519",7146.91852659361,-2762.67152447071,0,0
"520",4501.69393366558,-2749.46300051555,0,0
"521",13152.8122854276,-2755.95267522316,12,6
"522",8902.43452508004,-2774.29615795091,5,0
"523",11024.4395615199,-2761.81723442953,5,1
"524",4278.2458673132,-2773.76080008816,12,0
"525",6125.49839151674,-2756.51852734422,1,0
"526",3308.45978876156,-2755.24485710341,0,0
"527",7457.71966467747,-2762.80041678507,0,0
"528",9888.0036085161,-2774.2351148711,0,0
"529",10876.8029094978,-2805.5304238355,8,1
"530",12590.2377992909,-2814.24481096371,8,1
"531",7895.62566358984,-2823.6213592233,0,0
"532",8243.27292066978,-2836.9644866868,12,0
"533",5898.84177090838,-2819.30958150501,1,0
"534",6639.10510185686,-2828.54011177213,1,0
"535",2876.79080292787,-2823.88322065151,1,4
"536",11668.6874494781,-2821.16518469054,8,1
"537",6494.38179324533,-2835.13423624207,3,0
"538",2423.91465338315,-2856.55716064757,1,4
"539",3480.76038725292,-2841.64955627269,4,0
"540",6720.1309161541,-2835.81676918096,12,0
"541",7023.09756834967,-2851.62596639744,0,0
"542",10540.2334902296,-2860.31411353587,8,1
"543",13118.9525909592,-2869.30891049414,7,6
"544",10007.9070657066,-2862.77694644464,0,0
"545",11886.4814898202,-2864.19127721849,0,1
"546",9342.74047839792,-2883.394956425,0,0
"547",11330.1040604737,-2889.41655397205,0,0
"548",153.169784172662,-2884.20935251799,0,0
"549",8815.9860724234,-2901.76907179441,0,0
"550",9542.04526928676,-2895.48495875789,0,0
"551",3882.58342555023,-2913.06301487766,0,0
"552",2398.60337589645,-2948.42119993003,1,4
"553",8501.54610302566,-2934.13165453849,0,0
"554",12926.0269693172,-2967.25901685002,3,6
"555",3129.34152475766,-2963.40272465287,1,4
"556",788.203315584759,-2940.75201087572,0,0
"557",629.814702199964,-2968.12426220712,12,0
"558",139.797727572995,-2972.39331483683,1,4
"559",2617.70054773083,-2972.7917057903,1,4
"560",9938.92293977813,-2987.08346539884,12,0
"561",10407.8962522046,-2975.62865961199,8,1
"562",4379.09270480837,-2990.07932635555,0,0
"563",10044.1879565295,-2981.7343072629,12,0
"564",5883.44324216676,-2986.69888475836,0,0
"565",4932.75169036061,-2986.11550797503,0,0
"566",11722.5923477757,-2967.60098427096,3,1
"567",10839.3605512828,-3006.04552854657,8,1
"568",2835.45872052425,-3002.10646183596,1,4
"569",11273.0850732018,-2999.8024188415,0,1
"570",12515.5133428829,-3001.37487399862,8,1
"571",1547.14963544588,-3013.92591138531,1,4
"572",1244.64313953972,-3048.44537850098,13,4
"573",13673.5452957704,-3012.43518870074,12,6
"574",3691.82508151189,-3024.47844463229,0,0
"575",9453.90377671513,-3035.83165804626,0,0
"576",8243.87399066191,-3026.98901400714,0,0
"577",2358.06930645778,-3043.66645968666,1,4
"578",3817.7915890338,-3058.4465264839,0,0
"579",8978.07613412229,-3061.68698224852,0,0
"580",9279.6782309322,-3050.13259180791,0,0
"581",10130.1509634269,-3068.43303784702,1,0
"582",12377.3270163067,-3068.5181920572,8,1
"583",8573.48380871977,-3067.27950310559,0,0
"584",2728.15989223381,-3085.26045449221,1,4
"585",9121.914787297,-3070.53238214215,0,0
"586",752.275779467681,-3086.24794676806,0,0
"587",2569.61020112931,-3095.05212562415,1,4
"588",5730.76068124009,-3076.25056217053,0,0
"589",5889.51979805979,-3106.56241338349,2,0
"590",3605.78327727054,-3104.64405848836,0,0
"591",8421.82225890769,-3087.30100426469,0,0
"592",1971.55629979862,-3089.06737588653,1,4
"593",5281.15406509095,-3111.86783813884,4,0
"594",12520.8309223301,-3119.36412621359,8,1
"595",5162.24100777706,-3109.73460790667,4,0
"596",12843.9858186141,-3102.68953804348,5,6
"597",3109.37181630445,-3115.29688268266,0,0
"598",6561.96085357941,-3126.32211087881,0,0
"599",7830.61167143088,-3152.97141470255,2,0
"600",964.340937256162,-3156.99467572406,1,4
"601",8632.11378494923,-3152.70774794825,0,0
"602",10847.1558341369,-3134.11316297011,8,1
"603",10537.9595878051,-3176.67655997721,12,1
"604",4695.36176132003,-3208.64596124328,12,0
"605",7599.75807988909,-3194.71722554371,1,0
"606",13191.1210088692,-3199.39068736142,12,6
"607",3493.99192767194,-3211.8089764288,0,0
"608",1957.64692291535,-3218.70181334454,1,4
"609",2296.23107022723,-3240.32635408801,1,4
"610",9433.62652103095,-3237.34296253713,0,0
"611",4851.73779034315,-3222.54692610455,0,0
"612",3163.12751021859,-3261.27181446597,0,0
"613",9179.91487405773,-3251.38779187351,0,0
"614",5420.87774547804,-3292.02315891473,0,0
"615",3398.55989583333,-3276.1953125,0,0
"616",4023.73667103065,-3294.91797210058,3,0
"617",3834.50006669334,-3289.02627717754,0,0
"618",2607.82508939213,-3307.97351344193,1,4
"619",8987.67442593426,-3300.9108959928,0,0
"620",4817.73028557269,-3353.12909620269,5,0
"621",12381.5848299285,-3345.11007049864,9,2
"622",2867.6110561353,-3324.5036433969,1,4
"623",8490.71143458002,-3372.49313430374,0,0
"624",13336.2301492537,-3368.38592750533,6,6
"625",3517.27473739496,-3374.08224789916,3,0
"626",8228.23807147135,-3367.20238570573,0,0
"627",2287.45380835381,-3369.2414004914,1,4
"628",3293.56945744838,-3367.38032819199,0,0
"629",7617.10794013191,-3355.62626839168,0,0
"630",6150.33502349322,-3418.90599330697,0,0
"631",6928.14342101706,-3400.29711535862,0,0
"632",1369.39690909828,-3414.77601103314,13,4
"633",7824.12672901383,-3414.19908159265,5,0
"634",13568.302459877,-3446.25914954252,1,4
"635",2826.70496300607,-3478.28248399701,13,4
"636",10959.1705438492,-3460.28125489214,9,2
"637",6394.79009075024,-3460.96736373372,12,0
"638",7990.40935493733,-3482.44707276062,2,0
"639",2258.62707381582,-3489.19770377495,1,4
"640",7090.42511623748,-3469.07729792561,0,0
"641",3410.13415154749,-3543.61173959445,5,0
"642",9857.7239821843,-3496.25679066558,0,0
"643",9392.92294487144,-3495.693496157,0,0
"644",1501.32389880685,-3497.69426751592,1,4
"645",8820.19708933271,-3515.39650100635,0,0
"646",4729.7924257715,-3524.96414723535,0,0
"647",8236.94251152528,-3519.26695299263,0,0
"648",12119.7416504623,-3520.75110019445,9,2
"649",5463.88148755811,-3538.70686354936,5,0
"650",6352.53659924147,-3533.61087231353,12,0
"651",8686.97669414105,-3553.29729181047,0,0
"652",7471.35492414211,-3569.81744920737,12,0
"653",8911.17474449479,-3555.40406701085,0,0
"654",4185.25331976869,-3567.88734204326,0,0
"655",7130.72230401178,-3569.70083425347,1,0
"656",11851.6699343466,-3558.21611655724,6,2
"657",11246.7245597259,-3575.22710972986,9,2
"658",12516.2975236819,-3568.84374524078,6,2
"659",5946.96805596036,-3618.71180413873,3,0
"660",3807.4184593706,-3605.96416157821,0,0
"661",1103.22893804999,-3607.85250499597,13,4
"662",7270.18320065319,-3609.44390011567,0,0
"663",1601.96529572473,-3611.83149966773,12,4
"664",4482.72179038497,-3657.34982501381,0,0
"665",4799.31338158559,-3636.80626157213,0,0
"666",738.791423195008,-3633.98745501964,0,0
"667",7679.13462878093,-3652.2425664528,0,0
"668",11784.4192567688,-3671.18205229085,6,2
"669",12202.9769822683,-3657.13673469388,5,2
"670",6667.05983698893,-3653.12630044397,0,0
"671",2969.76039516662,-3621.28463218644,1,4
"672",7952.43924828093,-3664.41775151879,0,0
"673",12375.0903405142,-3671.05266002625,6,2
"674",10333.0183532712,-3695.35857070491,9,2
"675",6525.96598222495,-3709.46648570553,0,0
"676",10033.6370362504,-3712.83520957236,8,1
"677",1651.94074316582,-3723.52147105364,13,4
"678",3609.4793792517,-3714.08577806123,0,0
"679",5773.3058335528,-3762.98676586779,0,0
"680",8453.77181362668,-3728.0407187698,0,0
"681",3776.40295989989,-3744.23249360683,0,0
"682",8712.71363808085,-3742.98913864753,0,0
"683",9047.86799129015,-3744.64592406097,0,0
"684",8203.84720924514,-3735.34885665109,0,0
"685",8582.77891342099,-3762.57469610519,0,0
"686",5417.18659824932,-3775.66006640507,0,0
"687",9408.94731475187,-3763.20190346703,0,0
"688",6032.54696950994,-3774.39698802617,0,0
"689",9550.15698034176,-3795.34904088724,0,0
"690",672.336871682797,-3810.06946612551,0,0
"691",3902.03020412679,-3796.88582176246,0,0
"692",4230.9419382311,-3809.16905042206,0,0
"693",5895.48471953578,-3791.68051948052,5,0
"694",9276.41833274282,-3811.68583286936,0,0
"695",3048.62498964289,-3808.40090314028,1,4
"696",6704.9306915925,-3811.35429821508,12,0
"697",12560.9325237758,-3808.82834237208,9,2
"698",10333.0502597607,-3816.2792034005,9,2
"699",1844.42743235979,-3810.70202472675,1,4
"700",2236.43841770309,-3841.22869265006,1,4
"701",108.015407661031,-3832.48502032955,3,0
"702",1438.32062400575,-3826.68994714425,13,4
"703",8879.55469589512,-3829.40318074361,0,0
"704",3578.12348802277,-3838.77049569136,0,0
"705",7448.77050882658,-3819.14673348684,12,0
"706",10576.7519473684,-3822.14057894737,9,2
"707",6302.39633888397,-3841.69761181402,0,0
"708",12992.6208418047,-3845.92966215339,11,3
"709",2725.08333333333,-3874.88349341871,4,4
"710",3774.11869254341,-3865.10956758597,0,0
"711",4009.71320954206,-3865.10500231283,0,0
"712",10959.0131366885,-3894.05762505702,9,2
"713",9777.32463435618,-3914.92159890583,8,1
"714",12823.9475934354,-3842.2632280605,5,3
"715",1749.11580903051,-3885.92934354239,1,4
"716",3282.64956680346,-3904.61969904241,0,0
"717",5861.07499814361,-3897.44338011435,5,0
"718",7759.27745934107,-3892.38874132066,0,0
"719",1063.21175624663,-3894.46743363892,3,4
"720",11682.8840924432,-3914.26665809521,9,2
"721",6156.49393147399,-3933.71357989331,5,0
"722",7133.85134295381,-3923.46074708279,0,0
"723",13123.7882286521,-3866.35525758645,11,3
"724",5178.46541359105,-3925.99406437866,0,0
"725",7322.98540894392,-3939.73018376844,0,0
"726",8919.35039422691,-3961.0973317297,0,0
"727",3863.66548732205,-3937.31673826973,12,0
"728",8513.79183816106,-3981.25335870156,0,0
"729",12887.3980826295,-3975.55891349007,11,3
"730",782.412162597436,-3939.20930232558,1,4
"731",12078.4109492417,-3982.05895119503,9,2
"732",7935.38651854641,-3958.63810958388,0,0
"733",9099.13154589979,-3967.93432123571,0,0
"734",3750.0481367683,-3970.44749074293,0,0
"735",1034.22638436482,-3998.23764929424,13,4
"736",4769.42744002534,-3992.34233793163,0,0
"737",9235.25814054998,-3998.99214316892,0,0
"738",3456.81554017125,-3988.73537985061,0,0
"739",12491.708645337,-4008.23863550412,9,2
"740",10157.4397865006,-4012.13024945328,9,2
"741",10538.7387891761,-4038.88435150118,7,2
"742",748.446271929825,-4043.66686016512,1,4
"743",5588.01976940911,-4023.03060968732,0,0
"744",11490.6447906408,-4026.50780433939,9,2
"745",1772.64438073394,-4035.45418577982,13,4
"746",8191.03876990665,-4025.35656232839,0,0
"747",11777.8463350367,-4081.34545672309,8,2
"748",271.628762002964,-4060.636914352,4,0
"749",3342.2850573666,-4059.94627572391,0,0
"750",5852.1385496336,-4056.02815040243,0,0
"751",7719.53205760505,-4061.32603406326,0,0
"752",6884.28556092324,-4043.07873983236,0,0
"753",9016.51442730768,-4071.17428558195,0,0
"754",10429.4880681818,-4068.42828282828,7,2
"755",1366.69142717974,-4064.54627374574,12,4
"756",10954.6129744569,-4066.94855574123,9,2
"757",8054.22561352856,-4090.96664260672,0,0
"758",520.073607123539,-4119.05001456331,0,2
"759",8786.69362053737,-4055.97552497364,0,0
"760",7196.32190846463,-4122.94666121001,0,0
"761",8234.37273771905,-4125.40871875898,0,0
"762",11660.2885340336,-4105.89779321445,9,2
"763",2319.61468244385,-4116.46307655156,1,4
"764",8336.3070285817,-4104.68452273953,12,0
"765",9305.39175919389,-4114.55939926834,3,0
"766",3783.48225340487,-4135.83063351218,1,0
"767",5578.88007991168,-4178.39056831923,2,0
"768",12762.8910543131,-4156.29205842081,11,3
"769",1439.41689574963,-4167.93323112709,1,4
"770",1985.52171713765,-4168.47400013489,13,4
"771",2951.09466105562,-4220.88906352989,0,0
"772",7337.27440683813,-4179.94177622753,0,0
"773",4685.49239766082,-4187.1089668616,0,0
"774",3669.96109109624,-4214.54065877509,0,0
"775",4449.72799606633,-4209.01542175138,0,0
"776",6790.2976307996,-4214.66349950642,0,0
"777",11957.344885078,-4245.79439085388,9,2
"778",10013.7860017002,-4243.50535562482,5,1
"779",7844.89100133511,-4251.74889185581,0,0
"780",8104.47493461203,-4266.15501307759,0,0
"781",10382.0083625459,-4228.6475060185,9,2
"782",1356.26699854802,-4256.02879070732,1,4
"783",5847.95809949586,-4281.233139922,1,0
"784",5332.54306606581,-4260.01607006207,1,0
"785",12070.1028261932,-4271.17140413748,9,2
"786",9367.79659245322,-4242.78046061113,0,0
"787",10767.5469839296,-4272.92007331522,9,2
"788",11290.0350909939,-4284.93369108726,9,2
"789",5750.94115620874,-4303.82421493771,0,0
"790",10252.2759773014,-4289.63751576292,10,2
"791",7737.19193081118,-4299.38697171097,0,0
"792",8943.66074735293,-4304.83486064289,0,0
"793",12646.787178181,-4309.79270347584,11,3
"794",6303.05060330425,-4309.25598663449,0,0
"795",9083.16211638103,-4314.89149063372,0,0
"796",6712.63666030939,-4330.93731722823,0,0
"797",1948.36992930483,-4352.7414155866,13,4
"798",10098.508183591,-4373.87512188327,5,1
"799",8753.99693815064,-4325.89594815269,0,0
"800",2537.57551808922,-4336.26565975881,1,4
"801",10545.8614186142,-4326.38986264863,6,2
"802",505.156392526115,-4349.02206855966,0,0
"803",11370.7837543972,-4339.96322353694,9,2
"804",9717.47065765134,-4324.27218217771,2,1
"805",9939.48536980557,-4341.07605794891,8,1
"806",3660.99400018749,-4358.55207649761,1,0
"807",6479.99201061911,-4357.08845922661,0,0
"808",7993.25829825409,-4362.05955420606,0,0
"809",5090.32023079697,-4366.63136594943,0,0
"810",5594.58448898425,-4379.42770422314,0,0
"811",9282.31867523733,-4384.26712357924,0,0
"812",13005.2242157842,-4365.37746253746,6,3
"813",11466.8683113852,-4387.95886814469,9,2
"814",4026.92639117164,-4400.28284221648,0,0
"815",12262.6368314314,-4374.91969609831,9,2
"816",11857.5086245949,-4379.16245600585,7,2
"817",3128.70963809844,-4388.19763776218,0,0
"818",10907.8565669549,-4409.32773428371,9,2
"819",4428.76704374812,-4436.6203323656,5,0
"820",5348.31791534764,-4438.99771368273,1,0
"821",5698.0677461996,-4435.66611588456,5,0
"822",8476.76499357771,-4457.63116292856,0,0
"823",1048.84549964564,-4449.1258681786,1,4
"824",8161.66019132332,-4444.02269866577,0,0
"825",8604.72531236126,-4446.92211581151,0,0
"826",7998.73968317359,-4458.29825612354,0,0
"827",9095.53261856138,-4441.63053097345,0,0
"828",4914.1799443316,-4457.84341382683,0,0
"829",9745.20913400275,-4459.44028747643,8,1
"830",10372.1319670808,-4461.24679683718,9,2
"831",2850.96328109098,-4462.5099124771,1,0
"832",7353.46987295305,-4484.15194011873,0,0
"833",3300.39705146036,-4502.87159944367,0,0
"834",5954.83300091275,-4494.79517257699,0,0
"835",12773.075481843,-4496.90396227976,5,3
"836",7217.10204932268,-4512.54866273011,0,0
"837",11523.0304638365,-4523.45852987421,9,2
"838",1761.8012567325,-4522.62033213645,13,4
"839",6377.52802425318,-4532.38830967169,0,0
"840",2160.07677738255,-4533.91814108191,1,4
"841",4667.58557059961,-4535.21152804642,0,0
"842",1527.94283139123,-4568.55140668255,13,4
"843",3020.76976450799,-4585.12125035043,0,0
"844",2673.16409151194,-4595.94167771883,0,0
"845",8958.31787279045,-4606.8708767689,5,0
"846",12504.307201048,-4606.07475334671,9,2
"847",875.449916092819,-4599.63046120016,13,4
"848",8133.25724624303,-4604.29224975077,0,0
"849",1030.08680778277,-4611.24709571663,13,4
"850",7737.27927848269,-4601.05004642115,0,0
"851",12274.8327928751,-4608.4011418132,3,2
"852",3712.86392212533,-4610.23247481917,0,0
"853",6594.73480905499,-4615.53201229071,0,0
"854",789.248144610184,-4603.15063560879,13,4
"855",5386.76629618504,-4617.03055400592,12,0
"856",9737.27729442432,-4635.88344222892,8,1
"857",4308.29065063282,-4639.49337490257,0,0
"858",9161.50453474971,-4620.63636819161,12,0
"859",6711.15380097332,-4613.8250964927,0,0
"860",10022.4681232978,-4595.15588635801,8,1
"861",3258.62265862639,-4655.70788195742,0,0
"862",4690.94962092078,-4651.41066915724,0,0
"863",1400.28657695605,-4631.99101651321,1,4
"864",10503.7172767842,-4660.1557896856,0,0
"865",11439.9042575952,-4660.36414206247,9,2
"866",4090.79937489441,-4671.37610519795,0,0
"867",7869.89597963483,-4685.83728347378,0,0
"868",3735.95170482952,-4693.14408559144,0,0
"869",9277.50773195876,-4693.20444737473,12,0
"870",463.196161116766,-4696.77242983859,12,4
"871",10673.2484120409,-4714.93330571665,8,2
"872",8658.98951578692,-4699.54057329859,0,0
"873",8795.68421052631,-4709.18223486645,0,0
"874",2944.23542869594,-4720.44692595417,0,0
"875",8071.62231201205,-4716.89145322559,0,0
"876",11142.1308248779,-4749.69081172492,9,2
"877",13656.6996411899,-4746.9974921872,6,3
"878",11393.0363326094,-4761.43881476885,5,2
"879",6947.48136543536,-4727.70733014512,5,0
"880",12685.3748589372,-4757.39772336981,7,3
"881",6671.79757130754,-4759.83609149958,12,0
"882",12162.6007632055,-4753.7184976903,9,2
"883",1455.58651010952,-4786.724831508,1,4
"884",10793.0180262502,-4802.81849144376,5,2
"885",3258.45158247747,-4807.01806050444,0,0
"886",9756.84820941647,-4809.13953826577,8,1
"887",9081.34861317384,-4802.74302572954,0,0
"888",5880.68628475852,-4829.81789671754,1,0
"889",10929.0249367706,-4845.15126236855,8,2
"890",6842.85258730651,-4838.29379115386,0,0
"891",5687.23538884788,-4832.35107025431,1,0
"892",7069.76555771921,-4845.14851485148,0,0
"893",6167.75634367455,-4819.37191927475,0,0
"894",8765.6596818599,-4834.11767105129,0,0
"895",9276.60128344265,-4849.86490822441,0,0
"896",10248.4748124963,-4837.00218508238,1,4
"897",4249.13852638405,-4834.26837967091,0,0
"898",11957.4593943565,-4864.74759119064,9,2
"899",10609.8085930033,-4861.93246989103,9,2
"900",12114.7479389747,-4864.0336397233,12,2
"901",1023.31014044582,-4854.66683846583,13,4
"902",3046.81109660024,-4844.69254749968,1,0
"903",7865.05995911878,-4867.80346733288,0,0
"904",8394.98372468004,-4872.10112869092,1,0
"905",10119.8429081467,-4870.22103213242,3,1
"906",842.57009684603,-4893.06230255321,2,4
"907",9393.68780599405,-4903.03065660032,8,1
"908",4584.75661943206,-4904.72060068876,0,0
"909",8583.0701883101,-4887.52119507622,0,0
"910",9172.86115956475,-4935.00635434837,8,1
"911",9650.69527882313,-4921.40557646254,8,1
"912",4041.87632565186,-4901.12451160195,5,0
"913",5699.33979612233,-4934.11633020188,0,0
"914",8195.40388886561,-4927.94996438,0,0
"915",3535.82451968041,-4894.46682521444,0,0
"916",13126.9829827367,-4913.0665518514,11,3
"917",4356.126633493,-4942.56880435288,0,0
"918",677.331622752167,-4945.22269179352,13,4
"919",11435.8605518679,-4935.04281639146,2,2
"920",6305.09107156937,-4947.55444581702,0,0
"921",5356.60880293814,-4949.99248249742,12,0
"922",213.604351392524,-4960.11417522753,0,4
"923",2768.65147561207,-4948.61726608465,0,0
"924",12374.4146386946,-4997.38172494173,15,2
"925",10335.2315930388,-4980.54190093708,6,2
"926",10894.3392759188,-4983.92332540989,8,2
"927",1207.14707156003,-4989.7007145177,12,4
"928",5059.9934769599,-4995.46828246559,0,0
"929",1619.64471330879,-5004.53487638085,1,4
"930",5871.02739135787,-4999.140834667,12,0
"931",11721.7653159964,-5009.52570305413,9,2
"932",2333.32964429803,-5022.11115223748,1,4
"933",4758.5139786864,-5013.32688277523,0,0
"934",8392.49332686241,-5039.31084688182,2,0
"935",4546.44597676186,-5051.36838961885,0,0
"936",7628.10034420832,-5065.34678988327,0,0
"937",3732.99300589391,-5057.86275049116,0,0
"938",6323.00348550954,-5099.72459599776,0,0
"939",8125.53948953255,-5116.6429022082,12,0
"940",11455.9506064431,-5065.29745897591,3,2
"941",5099.35839243499,-5128.50190943808,0,0
"942",8956.43584740977,-5116.17831288186,5,0
"943",9585.86236552511,-5115.95616657933,8,1
"944",1640.18270971635,-5144.72948098974,1,4
"945",3971.61843823453,-5120.00852050144,0,0
"946",12029.2766349517,-5111.77830845023,8,2
"947",5963.2005125528,-5139.95462958569,0,0
"948",7139.68881064967,-5151.38327508224,0,0
"949",4724.30512087341,-5164.53719781648,0,0
"950",8335.73856025479,-5158.91443023746,1,0
"951",4308.79391765273,-5153.41344969749,0,0
"952",2199.36281070746,-5191.57204315761,1,4
"953",4145.0833217351,-5178.38677800974,0,0
"954",7461.3438782824,-5179.97038509155,0,0
"955",8010.72662406155,-5189.95861512688,0,0
"956",11876.1451639685,-5195.25321710253,9,2
"957",10177.0635702557,-5221.9126202205,9,2
"958",3092.62631768628,-5230.7812866024,0,0
"959",3217.15218132243,-5214.2593728698,0,0
"960",11720.6903672463,-5214.52604145944,8,2
"961",6841.92759737493,-5218.46539674423,4,0
"962",12031.6431539749,-5240.45895623077,8,2
"963",4275.46718207637,-5251.46807615441,0,0
"964",5682.66251490659,-5220.31831632878,0,0
"965",11304.7536167481,-5245.65600158001,5,2
"966",5943.83399209486,-5245.84747733085,4,0
"967",2704.08976712726,-5263.91839791284,12,0
"968",10530.6761761627,-5228.97812726443,9,2
"969",8413.20220013402,-5256.58616260889,0,0
"970",4893.31502281502,-5254.89072189072,0,0
"971",9597.72912972309,-5262.33314009003,8,1
"972",9870.75760034621,-5254.65876879801,8,1
"973",3425.73138753459,-5267.68922124127,0,0
"974",7917.06607312559,-5279.24248486971,0,0
"975",2121.30551893012,-5265.1508130847,1,4
"976",4055.87744975189,-5293.61144804772,0,0
"977",8082.41174446611,-5290.47883931644,5,0
"978",804.070948469007,-5294.89085138163,0,4
"979",13793.7789690116,-5269.9905419298,13,3
"980",1120.08923186796,-5312.1199809554,1,4
"981",10297.4244855249,-5293.98782382598,9,2
"982",8154.21328943949,-5333.9813739929,5,0
"983",9093.85425966075,-5332.88831143987,8,1
"984",444.980843141965,-5297.05750060053,0,4
"985",5550.5369000943,-5340.31783215048,0,0
"986",4877.65165233137,-5345.22861023087,0,0
"987",5060.38163978218,-5358.77165313881,0,0
"988",1614.13368859154,-5340.90404138628,1,4
"989",8600.62732947349,-5351.96752306857,0,0
"990",3728.36037143247,-5373.58971732896,0,0
"991",11593.8599594868,-5375.84746792708,9,2
"992",7877.09503138382,-5391.00727400716,0,0
"993",11238.4210702341,-5392.2254180602,9,2
"994",8315.63626504157,-5375.57790631617,0,0
"995",9511.05043432482,-5386.73208739142,0,1
"996",3148.15381518919,-5390.84806333304,0,0
"997",6459.44621611677,-5421.06762336972,0,0
"998",10049.1893012238,-5438.16334386103,5,1
"999",9283.80545874449,-5408.23388620617,8,1
"1000",3564.29669729157,-5417.76030602138,0,0
"1001",8145.93641375689,-5431.76513520609,0,0
"1002",6831.56608691027,-5442.32232328068,5,0
"1003",747.549727758629,-5438.39177781108,2,4
"1004",11000.7165871122,-5455.11136459357,9,2
"1005",11814.2136461092,-5446.95289443814,9,2
"1006",1299.05353753807,-5447.8389460211,13,4
"1007",3324.23105504191,-5469.60343039834,0,0
"1008",7145.49920295065,-5473.07451630044,0,0
"1009",905.754048447538,-5478.05219486081,0,4
"1010",7682.92245870935,-5474.16591179976,0,0
"1011",9543.26510440532,-5484.22412777378,0,1
"1012",6031.04414571742,-5481.62811192787,0,0
"1013",8603.58456888686,-5489.35122034672,0,0
"1014",9179.7351028612,-5478.30769685505,5,1
"1015",1933.58438696815,-5499.65872724411,1,4
"1016",8738.36544260177,-5494.4111027353,0,0
"1017",10718.0306028633,-5500.08029420778,8,2
"1018",2701.34457647996,-5519.12223751902,0,0
"1019",7291.18613497457,-5519.57135530196,0,0
"1020",9411.37139977722,-5513.3725136583,5,1
"1021",2592.866808688,-5536.65127587644,13,4
"1022",1587.49185667752,-5539.82352256864,1,4
"1023",3459.5569966854,-5574.6670029303,0,0
"1024",8510.19833564494,-5579.54745393303,0,0
"1025",9683.66504275204,-5574.62020282362,5,1
"1026",4777.12903376454,-5589.92812777285,0,0
"1027",298.674982545962,-5625.01303234815,1,4
"1028",6192.01154734411,-5576.93084665999,0,0
"1029",9559.26078466181,-5614.15634061187,0,1
"1030",11300.8453376572,-5614.32448654492,9,2
"1031",3688.9044627034,-5604.14316094732,0,0
"1032",8697.96753138075,-5607.87732217573,0,0
"1033",12057.9022146858,-5590.1036431838,6,2
"1034",3955.13516738482,-5622.57069937024,0,0
"1035",10629.7793306745,-5632.87307092076,9,2
"1036",13802.6957269531,-5619.66901085461,14,3
"1037",1960.83860288826,-5634.07220649619,1,4
"1038",10352.1960371252,-5638.2101422727,9,2
"1039",3234.82611658629,-5639.84420213881,5,0
"1040",9963.44199369808,-5643.97579490118,8,1
"1041",5017.59455309902,-5604.58347505669,0,0
"1042",11637.4991467577,-5657.50075286087,9,2
"1043",10205.4598697443,-5665.05516712959,8,1
"1044",2165.13939280884,-5702.73030825911,1,4
"1045",10093.0280069058,-5700.65902551314,8,1
"1046",9259.97720661659,-5699.38423132028,8,1
"1047",9005.4179528678,-5708.06513243595,8,1
"1048",4352.66568333717,-5707.53994007836,0,0
"1049",7465.71395423553,-5717.67675721986,0,0
"1050",656.0813779331,-5735.39263831525,2,4
"1051",9855.72332249483,-5735.01689117858,8,1
"1052",8515.45521077283,-5723.23326502732,0,0
"1053",8260.45610824866,-5736.30861462898,0,0
"1054",12246.169925283,-5748.32079101606,9,2
"1055",10863.3275085324,-5764.08798634812,6,2
"1056",831.433261860091,-5788.60037523452,4,4
"1057",1346.55374458428,-5776.78667216835,12,4
"1058",9139.47333150985,-5760.6613785558,8,1
"1059",4914.39793840143,-5773.65622012552,0,0
"1060",11656.6160711267,-5789.80440147392,9,2
"1061",12113.1739483057,-5783.99622694735,9,2
"1062",8639.32824839358,-5780.98837494482,0,0
"1063",1779.78340445709,-5791.63679468943,1,4
"1064",6243.20611801855,-5790.50925597,0,0
"1065",1965.50691320092,-5782.00784593438,1,4
"1066",4747.84631310718,-5796.73244147157,0,0
"1067",7799.22448705313,-5792.33626019174,0,0
"1068",5929.97605659351,-5830.4154725195,0,0
"1069",11223.3864921532,-5809.53643814728,8,2
"1070",11341.0574327266,-5799.41278411565,4,2
"1071",2459.18876166828,-5795.1964408884,1,4
"1072",6584.12569964899,-5804.80765582013,0,0
"1073",242.426621481691,-5865.2370642317,4,4
"1074",3686.60971115538,-5813.2983565737,0,0
"1075",8047.40952334959,-5787.34200994833,12,0
"1076",1207.88670136532,-5801.05891227276,1,4
"1077",3540.79352888024,-5818.41721693195,0,0
"1078",4461.30486290246,-5813.48046240566,0,0
"1079",13711.9408061732,-5804.27901309778,11,3
"1080",5278.45591132183,-5862.59971286434,0,0
"1081",5634.78506002668,-5855.74811027123,0,0
"1082",12376.262214235,-5848.98854850169,6,2
"1083",9818.20331545588,-5853.13318706322,8,1
"1084",3352.37009674582,-5875.66323658751,0,0
"1085",3820.32917616021,-5872.27527281449,0,0
"1086",9341.54627249357,-5889.06246786632,0,1
"1087",13697.795579682,-5906.86265994572,11,3
"1088",8589.66245442493,-5910.1054855817,12,0
"1089",2174.81210191083,-5900.26575208231,1,4
"1090",6607.55046548592,-5918.40809491371,0,0
"1091",11741.8958634953,-5903.16122026887,5,2
"1092",1948.17685254027,-5946.40267657993,1,4
"1093",13509.9425658329,-5927.29010489254,11,3
"1094",3958.8804727019,-5923.48133612419,0,0
"1095",4262.05493105931,-5935.26989312808,0,0
"1096",5491.26840422518,-5948.41231939779,0,0
"1097",10318.9029732809,-5931.60590245874,8,2
"1098",728.090409201301,-5942.46945882784,13,4
"1099",7866.52450422383,-5960.93703193338,0,0
"1100",9968.63123543124,-5946.01408591409,8,1
"1101",1587.0369261477,-5943.94772360042,1,4
"1102",10509.7328511151,-5955.74406268837,9,2
"1103",13026.7568587106,-5966.52737768633,11,3
"1104",11344.6346523242,-5970.76213343578,9,2
"1105",3756.84887168506,-5980.94119584912,0,0
"1106",2757.1435340522,-5939.02474195118,0,0
"1107",11623.4649862974,-5977.46368815808,5,2
"1108",10784.3911843876,-6007.74932705249,5,2
"1109",8401.20105150808,-5991.89536308653,0,0
"1110",9088.74238047809,-6026.20567729084,8,1
"1111",11074.6011220108,-6013.70501770771,9,2
"1112",12101.7867436232,-6002.50530627444,9,2
"1113",1700.51453451685,-6002.72121492575,1,4
"1114",3038.9622746961,-5991.74856783569,0,0
"1115",8872.47436321535,-6012.21171022163,0,0
"1116",13714.640208717,-6003.00883977901,11,3
"1117",510.352246957005,-6014.82519553848,13,4
"1118",4090.08866966318,-5992.08703519935,0,0
"1119",7603.24251485528,-6005.13827870424,0,0
"1120",12332.6674879784,-6011.35607836903,8,2
"1121",13489.0070894807,-6025.10506482723,13,3
"1122",13601.9303365676,-6029.96550939964,13,3
"1123",4808.10482567536,-6039.16508889402,0,0
"1124",4197.6093851366,-6029.340661717,0,0
"1125",2928.35332973847,-6017.85332973847,0,0
"1126",8600.730709846,-6060.77200205867,2,0
"1127",2611.79828027967,-6074.5399313849,4,0
"1128",9331.84974116792,-6078.61125238398,0,0
"1129",3797.37907429505,-6078.58406079256,0,0
"1130",9747.09480963712,-6058.61577929804,8,1
"1131",3456.32241111598,-6105.01421348091,0,0
"1132",4038.80816762162,-6116.88383327716,0,0
"1133",9219.44941768964,-6119.05218759836,0,0
"1134",12775.4841592499,-6113.20312786141,3,2
"1135",13723.2414519413,-6113.41887242856,14,3
"1136",2415.87010598655,-6132.38982722741,1,4
"1137",6421.83102216301,-6084.85191352792,5,0
"1138",7309.3384645943,-6144.7823021154,0,0
"1139",12071.5215311005,-6142.3761848876,8,2
"1140",1650.61726524221,-6145.61009243825,1,4
"1141",5566.11542649728,-6146.1120790482,0,0
"1142",3142.26535413571,-6162.60655027241,0,0
"1143",6147.65206847877,-6169.18115024069,0,0
"1144",12473.6597316316,-6179.26797499891,5,2
"1145",3917.34268400982,-6173.24379668808,0,0
"1146",5806.1593382673,-6190.72684868462,5,0
"1147",13746.1896085694,-6188.82891180298,14,3
"1148",2967.64644663936,-6199.95205974464,0,0
"1149",3630.07396377034,-6201.60135093645,0,0
"1150",1812.14113011853,-6159.40119881465,1,4
"1151",2132.39026518966,-6168.30255119167,1,4
"1152",9995.77934886969,-6184.00650257485,8,1
"1153",655.374122807018,-6193.48000730994,1,4
"1154",1537.41257796926,-6210.29226416308,1,4
"1155",7880.18783813027,-6218.50660030297,0,0
"1156",5908.53105305957,-6193.96579589347,5,0
"1157",8226.1880489335,-6225.0217482225,0,0
"1158",10414.0083815217,-6227.12569033851,9,2
"1159",4658.96359673667,-6195.40885930551,0,0
"1160",4243.32906772833,-6237.12303900659,0,0
"1161",6662.45199445022,-6257.73413111342,0,0
"1162",11194.2190889371,-6273.64380666333,9,2
"1163",1282.91671293726,-6257.34272626319,1,4
"1164",8347.20475793355,-6261.08269323619,0,0
"1165",12016.0990271779,-6287.27675260655,9,2
"1166",7007.24598707526,-6252.83580015287,0,0
"1167",12196.3512478281,-6260.02914231559,9,2
"1168",10858.919222289,-6282.74684305472,9,2
"1169",13749.6360628619,-6300.75121771896,14,3
"1170",7434.68104529617,-6279.29156794425,0,0
"1171",6079.55622865245,-6325.80453695946,0,0
"1172",1509.50754157535,-6315.42290834085,1,4
"1173",9860.08365605514,-6320.76951099442,8,1
"1174",10155.2316201791,-6333.67553374656,8,1
"1175",11290.6940936283,-6321.13740385528,9,2
"1176",11700.3032239978,-6336.21348472105,9,2
"1177",885.375386844011,-6328.64574965431,1,4
"1178",7046.38180802132,-6344.31556549026,0,0
"1179",9382.7372579282,-6308.3679858891,0,0
"1180",5910.40040131339,-6341.23568040861,0,0
"1181",3881.96862147753,-6329.4396039604,0,0
"1182",7745.02276634298,-6335.1546717465,0,0
"1183",10564.9938580799,-6321.67245080501,2,2
"1184",11435.3017515494,-6350.47383454594,9,2
"1185",1210.55130468903,-6352.12222876202,1,4
"1186",3362.83209062231,-6353.47490679667,0,0
"1187",9674.20909603651,-6362.78890427114,0,1
"1188",668.818071629653,-6377.66312167657,13,4
"1189",4429.31807243059,-6379.08980454305,0,0
"1190",6735.64885928248,-6365.70628700801,0,0
"1191",12836.4451433706,-6347.70043297116,6,2
"1192",7618.38269794721,-6382.39032258064,15,0
"1193",13539.3653628271,-6375.00199622336,11,3
"1194",2614.5622121981,-6387.17752090969,0,0
"1195",3147.23361192681,-6382.53209848656,0,0
"1196",1559.17230701172,-6403.56381331564,1,4
"1197",9018.15551590842,-6377.41966498166,5,0
"1198",2412.40823432284,-6365.15233856204,12,0
"1199",7298.99902045737,-6379.26571977546,0,0
"1200",8542.13165625167,-6402.61379052502,1,0
"1201",4608.70689574017,-6380.48745587197,0,0
"1202",12169.6357644817,-6401.17632111804,9,2
"1203",3586.13225729884,-6400.34892000949,0,0
"1204",4005.01420245849,-6404.41187129634,0,0
"1205",9495.29001733961,-6404.29417884568,0,0
"1206",13653.531752268,-6418.71969426388,11,3
"1207",10739.602698015,-6435.09631913663,9,2
