,coord_x,coord_y,labels
1,4980.777664,-49.77124718,3
2,8729.177425,-53.47311392,2
3,11547.56636,-46.31549263,6
4,3280.980264,-37.61281062,3
5,7582.793601,-45.35031185,5
6,4691.683641,-50.13700344,3
7,12817.14381,-48.95782821,6
8,3426.174916,-91.88149725,3
9,5157.435324,-84.14511967,3
10,1480.039064,-61.31039593,9
11,9461.603944,-55.56052131,2
12,12633.15804,-58.75377178,6
13,10688.07921,-73.60596399,6
14,12065.72304,-73.3875239,6
15,13121.71031,-81.66815503,6
16,4216.013943,-74.05760602,3
17,569.0051671,-78.53595908,8
18,2851.339453,-89.30364674,7
19,1324.545439,-97.24617917,4
20,3272.789499,-134.0175016,3
21,9137.06547,-125.9406405,2
22,9265.449905,-122.7530938,2
23,3603.864778,-138.4808499,3
24,9856.904745,-126.7916739,2
25,9993.97546,-133.4635544,6
26,11006.36566,-135.4782993,8
27,11766.12332,-133.0926944,6
28,4510.0782,-143.7522198,3
29,12922.53095,-127.1659613,6
30,13714.76039,-154.9392547,10
31,9423.857943,-159.9070197,2
32,2553.534047,-168.3947694,4
33,6873.340536,-157.0903639,5
34,7081.700869,-173.7048045,5
35,5523.493848,-177.9487931,7
36,4053.372718,-166.7445374,3
37,6314.988253,-157.1312199,5
38,1033.021933,-159.9845518,5
39,2246.444957,-187.9717784,7
40,2811.95398,-173.6381426,7
41,11304.52257,-170.8976356,6
42,8723.938968,-197.6951882,2
43,10627.52156,-188.5845105,9
44,11822.76153,-214.4548412,6
45,934.0705425,-184.9060413,8
46,10469.80467,-224.0120279,6
47,5405.770695,-217.9780704,3
48,12753.13117,-253.0161473,6
49,1346.582012,-255.1228003,4
50,2669.917972,-235.1176622,7
51,6022.428538,-239.6047689,5
52,8838.501324,-247.5229863,2
53,2801.523311,-282.032729,7
54,3288.222702,-253.9837923,3
55,1020.539606,-297.1043588,25
56,9739.765545,-258.2641502,2
57,10631.29537,-305.8981014,6
58,3603.870642,-289.7450627,3
59,6890.985099,-292.287538,4
60,12261.38978,-307.4996457,6
61,907.5889339,-326.160108,9
62,7611.680855,-311.7727903,5
63,1540.947871,-312.2009951,7
64,221.4811141,-311.7581076,5
65,10343.77875,-323.9742171,6
66,2668.30173,-324.6981745,7
67,13298.49053,-341.4209232,1
68,4919.207391,-341.8150003,7
69,8243.814303,-347.414516,2
70,8525.112071,-350.1960665,2
71,4367.885552,-362.9529848,3
72,9874.984246,-354.5161569,2
73,4236.005533,-373.7048832,3
74,4009.928922,-356.9109477,11
75,8916.875945,-364.500091,2
76,3486.997622,-377.9730038,3
77,1196.07499,-356.8812524,1
78,11586.14685,-398.0127776,6
79,113.5500837,-393.3266555,4
80,11266.30268,-366.4395556,6
81,9341.23564,-364.4475446,2
82,9724.855301,-398.2109253,2
83,2213.414954,-389.2617677,7
84,5937.64717,-416.5598511,5
85,563.1795238,-414.4234716,5
86,4112.985993,-439.3453151,3
87,7674.855404,-427.938334,5
88,12637.86625,-438.6461564,6
89,1467.218541,-445.3098393,7
90,8116.014514,-444.1738962,2
91,7820.84131,-448.1179098,5
92,12177.44165,-441.4962934,23
93,4900.319013,-473.9714099,3
94,6866.153738,-453.6164143,7
95,1275.974944,-453.5991584,1
96,10801.31497,-484.0729586,1
97,5641.312541,-482.4385219,5
98,9934.88573,-464.7853141,2
99,9067.296395,-483.4840335,2
100,8947.835059,-501.5311683,2
101,10643.39587,-519.3427151,6
102,2229.6226,-538.5165622,7
103,2784.774247,-542.4450907,4
104,1263.369701,-561.44617,8
105,3535.085669,-542.8382405,3
106,3946.098924,-581.927921,3
107,7586.721426,-567.037644,5
108,7417.800834,-600.3370602,5
109,1362.963547,-590.4434941,20
110,8636.667564,-586.4473935,1
111,9373.896544,-620.5926933,2
112,9657.675083,-615.9554936,2
113,1841.65684,-632.9355458,7
114,5819.910819,-603.3552328,8
115,10940.97025,-639.9638448,6
116,3404.896346,-635.1078405,7
117,12572.14919,-628.1883816,4
118,4779.012955,-632.0201952,3
119,11057.10921,-643.6434382,6
120,11168.43221,-655.3500152,6
121,4292.127796,-637.8552811,3
122,10519.83428,-646.1267343,6
123,7097.457481,-676.3642469,5
124,1671.390329,-668.3987541,7
125,4545.621457,-676.2134362,3
126,5950.098746,-673.994259,5
127,6704.93077,-686.2334026,7
128,1317.434011,-692.6813449,9
129,3561.400046,-685.5635496,22
130,11700.77948,-680.2501614,8
131,3223.25251,-667.8535137,1
132,3731.806612,-680.9378688,3
133,3913.011419,-697.5043075,10
134,9213.22739,-708.3771486,2
135,12084.39777,-695.1128037,8
136,5614.94271,-711.5579402,3
137,12519.81956,-718.9760603,6
138,13014.97455,-719.7083195,8
139,6393.110025,-740.7602456,5
140,13535.7159,-741.6231363,10
141,6932.335108,-713.6905892,7
142,4401.292595,-732.3090575,3
143,1122.092526,-730.0242621,4
144,5458.770682,-720.2836756,3
145,10025.15935,-756.3313501,6
146,10403.33466,-748.7111282,6
147,8280.727639,-770.2260492,2
148,9465.485737,-750.672868,2
149,12132.39378,-790.8235075,8
150,4188.768834,-772.7336667,3
151,11060.37728,-778.4997174,8
152,9881.110543,-801.1502806,2
153,5276.054602,-795.4436134,3
154,8461.276511,-771.2752859,2
155,818.8129784,-796.3022371,1
156,7467.520177,-806.139305,1
157,1440.032916,-813.5073337,4
158,1555.084237,-793.4481003,4
159,4648.338249,-791.5435454,3
160,4754.171814,-813.9931034,3
161,6967.80465,-831.0357598,4
162,11574.51064,-817.9962917,8
163,2837.487376,-842.3512755,7
164,3234.984106,-840.0728374,3
165,7907.473267,-831.1210202,5
166,9231.321375,-838.3152303,1
167,12877.20055,-800.5469782,6
168,11373.04051,-842.5637495,12
169,13055.21507,-826.7362001,10
170,13185.68796,-840.0530683,6
171,4038.056257,-828.5061547,3
172,11875.32811,-826.961514,8
173,12336.85685,-839.0049395,8
174,5526.636273,-844.9705406,3
175,10719.6234,-855.1961462,8
176,10356.89031,-861.6840534,6
177,3550.542352,-843.3590226,3
178,10953.94462,-875.4612732,8
179,8471.899556,-874.9891569,2
180,4976.649382,-859.7859316,3
181,12690.87799,-864.8534292,6
182,11714.54698,-886.4602851,6
183,4411.11572,-889.5402086,3
184,13788.87947,-881.0151926,8
185,6485.447184,-893.6447184,5
186,4637.071612,-900.6077301,3
187,9517.001178,-914.0714959,2
188,888.5757216,-900.4687245,4
189,3716.099686,-895.1677064,3
190,4138.46534,-921.8537627,3
191,8235.884082,-933.8971898,2
192,6364.388638,-948.9359736,5
193,1004.054456,-910.2877265,4
194,12384.0592,-932.5363625,1
195,12538.38191,-952.6380231,6
196,10618.73933,-977.3800035,4
197,7647.799541,-972.9126442,8
198,11272.80828,-988.9543336,6
199,10170.07953,-994.6602967,8
200,11875.10164,-1008.209675,6
201,13789.85372,-1034.748836,8
202,9584.549181,-1013.09538,8
203,8028.457284,-1024.276891,5
204,10793.50352,-1036.54203,6
205,2758.04929,-1040.187375,7
206,6528.879457,-1041.316871,5
207,12850.60255,-1056.857094,6
208,7451.838361,-1045.029443,6
209,11622.24374,-1048.029177,4
210,9090.296832,-1049.552382,8
211,5726.848008,-1047.930825,3
212,9885.527299,-1062.934997,8
213,1158.263108,-1049.030786,5
214,4688.951023,-1067.625064,3
215,10169.63613,-1071.756783,8
216,1401.77517,-1073.606667,7
217,5973.407988,-1080.024389,5
218,2219.536533,-1065.068283,7
219,6861.253837,-1087.373807,7
220,5350.215683,-1092.243988,3
221,3621.745719,-1094.893311,4
222,4779.453811,-1120.637429,3
223,12342.63191,-1114.80846,6
224,5714.348834,-1140.039323,3
225,12462.33504,-1126.377806,6
226,8655.813806,-1158.379926,8
227,3505.288579,-1141.849857,7
228,4218.858736,-1178.457255,3
229,8232.02705,-1137.581525,8
230,3237.838676,-1155.9822,3
231,4097.700735,-1167.065644,10
232,4985.351918,-1138.504387,3
233,8388.112646,-1179.313096,8
234,9025.98479,-1174.273609,8
235,7018.495565,-1165.756492,7
236,11466.45738,-1179.740183,6
237,1651.975832,-1173.20165,7
238,10526.49813,-1176.527332,4
239,11021.97408,-1193.664369,6
240,6833.349399,-1185.312384,5
241,13748.3293,-1176.369952,1
242,5269.87147,-1207.216956,8
243,1782.293957,-1199.785105,7
244,7913.049481,-1202.243205,8
245,1410.565238,-1200.837076,1
246,9967.592261,-1219.417949,6
247,9134.174336,-1216.956772,8
248,2631.988962,-1228.553615,7
249,9536.791261,-1238.492762,2
250,4676.966339,-1257.905927,3
251,12803.09614,-1233.088017,6
252,8358.900085,-1266.294323,8
253,7821.148222,-1243.66837,8
254,10336.17704,-1238.510915,6
255,4518.315806,-1240.460872,3
256,12926.94379,-1253.750806,10
257,8008.630756,-1264.676071,8
258,3399.12656,-1262.722749,3
259,244.6287344,-1283.544737,1
260,13013.60849,-1234.754183,10
261,907.7424593,-1306.317456,4
262,12211.03348,-1270.908771,6
263,1874.215606,-1295.189768,7
264,3682.692973,-1292.338861,3
265,13102.10535,-1321.464715,8
266,1420.723105,-1323.806133,4
267,12084.74349,-1292.026409,6
268,9336.888855,-1318.031642,2
269,4339.851015,-1319.225397,3
270,5111.391516,-1358.138355,3
271,10808.13406,-1349.898715,6
272,11487.25877,-1343.883011,6
273,12785.84334,-1335.477505,8
274,2678.318271,-1336.960794,7
275,7341.835791,-1349.881356,7
276,4549.232661,-1361.531566,3
277,5286.568025,-1359.002608,3
278,7801.812567,-1377.105238,5
279,520.6127119,-1356.900574,4
280,11263.3327,-1382.350652,10
281,12231.85193,-1400.638396,1
282,3418.404811,-1402.99161,3
283,1884.868435,-1420.552375,7
284,3651.897559,-1431.522693,3
285,12515.65684,-1408.845632,8
286,12814.77586,-1427.900782,8
287,8606.801303,-1439.08777,2
288,11921.27912,-1448.923017,6
289,1381.781234,-1457.678533,7
290,6039.782731,-1478.457053,8
291,9338.682104,-1460.402959,2
292,4828.046897,-1483.085142,3
293,9021.601372,-1493.968555,2
294,10070.06564,-1512.123956,6
295,8652.023366,-1512.21023,2
296,3892.744397,-1507.413563,3
297,5940.64993,-1522.741293,8
298,3372.389304,-1520.333704,4
299,5579.130818,-1514.155349,4
300,12309.48134,-1523.199406,6
301,6613.906114,-1529.334798,5
302,13328.38158,-1542.737267,1
303,7285.562084,-1527.725006,2
304,11480.57165,-1544.270007,6
305,2670.021292,-1551.714561,4
306,5232.357458,-1552.627006,4
307,7951.528514,-1548.538764,1
308,9329.186836,-1559.203088,2
309,10198.44467,-1568.587173,8
310,8815.330976,-1574.954642,2
311,1263.967651,-1584.250738,5
312,4811.229308,-1601.983383,3
313,7712.822645,-1590.685647,1
314,6921.356061,-1594.49184,5
315,6774.151265,-1587.388086,5
316,10561.55147,-1604.571207,6
317,1630.314853,-1605.284118,4
318,4273.595708,-1617.951017,3
319,1891.352522,-1631.125536,4
320,8604.256725,-1641.993206,2
321,12538.94821,-1650.73618,6
322,7384.247604,-1664.426724,5
323,9048.916102,-1656.910512,2
324,11095.62516,-1657.234779,6
325,12375.60245,-1663.428495,6
326,8721.75059,-1658.361584,2
327,10370.91862,-1666.206294,8
328,11912.44519,-1668.47199,6
329,6650.446786,-1672.995839,5
330,400.7796357,-1686.336032,5
331,5471.524021,-1693.791513,9
332,10638.05823,-1695.155137,6
333,3419.99836,-1726.070774,3
334,1471.212824,-1712.698977,7
335,7607.075435,-1729.914509,5
336,1831.435444,-1723.405834,7
337,5065.355605,-1720.831726,3
338,2349.474271,-1720.222803,7
339,12812.4376,-1741.92309,6
340,9733.717968,-1736.826853,2
341,4820.26272,-1761.052397,3
342,3513.174203,-1762.37251,3
343,733.2044486,-1771.327964,5
344,8600.527367,-1774.047519,2
345,4057.067258,-1769.616765,3
346,6136.400387,-1775.368065,7
347,10084.82156,-1763.12151,1
348,4429.864529,-1793.252778,3
349,9595.376568,-1791.37673,2
350,204.1443283,-1795.103389,10
351,3672.704542,-1792.467975,3
352,10459.30294,-1792.198539,1
353,5896.952767,-1780.505563,5
354,4560.327047,-1782.574335,9
355,5415.581635,-1823.50746,1
356,6628.495738,-1848.103152,5
357,11077.68543,-1823.641872,6
358,10945.8718,-1827.346471,6
359,12398.75402,-1850.679313,6
360,2935.454495,-1864.351122,4
361,11521.91249,-1855.559806,6
362,3673.236283,-1916.250626,3
363,4553.741418,-1882.765294,9
364,7434.632677,-1879.208222,8
365,6522.662375,-1887.098177,4
366,9102.990122,-1894.617237,1
367,9521.011094,-1887.813525,8
368,1536.771251,-1891.643547,7
369,13458.36075,-1876.392086,4
370,3242.135307,-1879.975846,3
371,7074.874134,-1912.112263,9
372,11999.20099,-1906.708169,1
373,8733.114543,-1890.691411,8
374,8474.954368,-1922.11161,2
375,6337.715992,-1926.723436,1
376,4077.513386,-1944.415975,3
377,8905.059567,-1946.883204,2
378,2229.736591,-1914.575559,7
379,4247.094198,-1951.053044,3
380,8262.11387,-1938.938501,2
381,10193.01468,-1947.499548,6
382,2129.23685,-1940.493049,4
383,5990.443538,-1951.102764,4
384,11876.67751,-1965.245521,1
385,13693.87027,-1979.586538,8
386,13803.29844,-1978.040691,4
387,8074.151014,-1971.472262,2
388,1327.441244,-1995.007222,7
389,9605.875577,-2014.575785,2
390,12071.3769,-2002.164508,1
391,1674.539889,-2012.004793,7
392,11673.33458,-2048.199762,6
393,2221.314026,-2048.078264,7
394,12249.32705,-2019.002629,1
395,2522.381536,-2026.619048,8
396,9914.660956,-2043.864086,2
397,2086.16673,-2050.769796,7
398,5163.644534,-2058.563995,1
399,12614.59712,-2083.294497,6
400,3174.178235,-2071.441656,3
401,4701.313735,-2088.959975,3
402,6500.393471,-2062.276355,9
403,11264.25266,-2100.919202,6
404,9130.210667,-2110.974119,2
405,10750.38759,-2129.216723,1
406,3428.016943,-2106.30173,3
407,337.5853823,-2104.651669,5
408,12088.09801,-2121.443256,1
409,3812.059186,-2124.069967,3
410,5413.996319,-2132.800573,3
411,8682.971725,-2126.942972,1
412,10433.53764,-2137.16958,6
413,12316.57809,-2127.005312,6
414,11364.69609,-2163.473833,7
415,11064.72638,-2149.46333,6
416,2620.13863,-2182.843313,7
417,8496.021766,-2185.271869,2
418,12201.3947,-2176.772833,6
419,6304.272741,-2183.450408,10
420,5189.62386,-2246.767949,3
421,3177.204981,-2189.509691,4
422,13042.42154,-2206.336792,1
423,3705.11209,-2216.756605,3
424,9477.672615,-2217.968937,2
425,7248.250865,-2222.635944,5
426,7624.078644,-2212.610267,2
427,2081.323182,-2257.276475,7
428,8784.933235,-2217.863617,2
429,4035.588925,-2205.416488,3
430,11604.55997,-2249.071797,6
431,3560.021199,-2230.532759,3
432,6576.766605,-2262.367478,5
433,12233.93524,-2282.49812,6
434,10307.79124,-2276.357497,2
435,6417.216565,-2279.929575,8
436,1581.492563,-2294.606012,4
437,10558.71813,-2298.180105,6
438,6947.637525,-2306.617524,5
439,9010.966353,-2302.794322,2
440,3166.387578,-2301.763275,8
441,12545.92648,-2277.131395,6
442,3356.399368,-2300.641684,3
443,3607.285243,-2318.858218,3
444,9188.236512,-2302.844704,8
445,1357.300604,-2342.230696,4
446,8217.042637,-2311.102144,2
447,9380.862028,-2317.153569,2
448,9794.001457,-2320.601415,2
449,11382.334,-2373.467845,6
450,4021.15359,-2358.057091,3
451,1433.919922,-2363.556545,4
452,10183.90162,-2359.51417,6
453,12979.171,-2367.484685,4
454,2676.556677,-2385.187655,7
455,6299.526419,-2384.847407,5
456,10913.24751,-2382.218522,6
457,3861.974472,-2394.681947,3
458,9879.706017,-2402.255124,2
459,11910.41163,-2418.077576,6
460,56.79647508,-2397.136956,5
461,12793.88623,-2400.143998,6
462,4897.680806,-2403.217499,3
463,9065.103145,-2435.425819,2
464,1519.775072,-2442.446327,7
465,12339.97593,-2476.581853,8
466,8971.452568,-2480.758554,2
467,8762.017299,-2481.335664,10
468,10775.79796,-2477.902323,6
469,5875.078689,-2468.329309,5
470,9214.418371,-2491.567373,2
471,7949.356977,-2481.9148,2
472,8375.271878,-2507.426026,2
473,4675.608399,-2501.907358,3
474,8619.853754,-2505.944156,4
475,10357.30265,-2515.348144,4
476,10908.30012,-2515.18375,6
477,9323.361405,-2518.036211,2
478,11593.62642,-2542.120059,4
479,11701.31883,-2543.315617,6
480,6260.788398,-2527.967242,5
481,3188.882249,-2567.109017,3
482,1894.225019,-2578.283265,7
483,7833.776541,-2592.445322,2
484,5160.499736,-2568.470474,1
485,4750.559977,-2604.13095,3
486,9406.123972,-2577.819253,2
487,9640.303374,-2588.301899,2
488,10758.18429,-2600.279782,1
489,12354.71446,-2600.379061,6
490,3543.304808,-2602.215424,3
491,11423.22778,-2617.730719,6
492,4380.546016,-2625.934426,4
493,8859.519299,-2609.608929,2
494,11070.15712,-2634.445308,6
495,12081.76484,-2619.721785,6
496,8246.641002,-2650.385605,7
497,8470.13893,-2634.552703,2
498,6267.937186,-2662.712458,3
499,6510.625669,-2635.121041,5
500,7153.176271,-2640.240331,4
501,12681.63482,-2654.794945,6
502,8105.333287,-2696.45746,21
503,7388.566166,-2676.173517,5
504,3604.544609,-2686.614136,1
505,10480.24865,-2700.224668,6
506,12540.94286,-2688.598349,6
507,5183.156845,-2704.91577,3
508,5835.864819,-2696.002208,3
509,9499.308781,-2715.613075,10
510,1302.519166,-2723.030044,7
511,9599.846281,-2713.125517,6
512,12245.15578,-2707.899738,6
513,13766.04038,-2718.985103,4
514,13659.66596,-2725.695117,4
515,7883.186998,-2720.150614,8
516,9169.415214,-2727.002135,2
517,12035.2129,-2730.176918,6
518,10107.57192,-2753.158816,2
519,7146.918527,-2762.671524,5
520,4501.693934,-2749.463001,3
521,13152.81229,-2755.952675,10
522,8902.434525,-2774.296158,4
523,11024.43956,-2761.817234,4
524,4278.245867,-2773.7608,10
525,6125.498392,-2756.518527,7
526,3308.459789,-2755.244857,3
527,7457.719665,-2762.800417,5
528,9888.003609,-2774.235115,6
529,10876.80291,-2805.530424,6
530,12590.2378,-2814.244811,6
531,7895.625664,-2823.621359,2
532,8243.272921,-2836.964487,8
533,5898.841771,-2819.309582,7
534,6639.105102,-2828.540112,7
535,2876.790803,-2823.883221,7
536,11668.68745,-2821.165185,6
537,6494.381793,-2835.134236,8
538,2423.914653,-2856.557161,7
539,3480.760387,-2841.649556,3
540,6720.130916,-2835.816769,7
541,7023.097568,-2851.625966,5
542,10540.23349,-2860.314114,6
543,13118.95259,-2869.30891,1
544,10007.90707,-2862.776946,6
545,11886.48149,-2864.191277,6
546,9342.740478,-2883.394956,2
547,11330.10406,-2889.416554,6
548,153.1697842,-2884.209353,5
549,8815.986072,-2901.769072,2
550,9542.045269,-2895.484959,2
551,3882.583426,-2913.063015,3
552,2398.603376,-2948.4212,7
553,8501.546103,-2934.131655,2
554,12926.02697,-2967.259017,8
555,3129.341525,-2963.402725,7
556,788.2033156,-2940.752011,5
557,629.8147022,-2968.124262,10
558,139.7977276,-2972.393315,7
559,2617.700548,-2972.791706,7
560,9938.92294,-2987.083465,8
561,10407.89625,-2975.62866,6
562,4379.092705,-2990.079326,3
563,10044.18796,-2981.734307,10
564,5883.443242,-2986.698885,3
565,4932.75169,-2986.115508,3
566,11722.59235,-2967.600984,8
567,10839.36055,-3006.045529,6
568,2835.458721,-3002.106462,7
569,11273.08507,-2999.802419,1
570,12515.51334,-3001.374874,6
571,1547.149635,-3013.925911,7
572,1244.64314,-3048.445379,4
573,13673.5453,-3012.435189,8
574,3691.825082,-3024.478445,3
575,9453.903777,-3035.831658,2
576,8243.873991,-3026.989014,2
577,2358.069306,-3043.66646,7
578,3817.791589,-3058.446526,3
579,8978.076134,-3061.686982,2
580,9279.678231,-3050.132592,1
581,10130.15096,-3068.433038,7
582,12377.32702,-3068.518192,6
583,8573.483809,-3067.279503,2
584,2728.159892,-3085.260454,1
585,9121.914787,-3070.532382,2
586,752.2757795,-3086.247947,5
587,2569.610201,-3095.052126,7
588,5730.760681,-3076.250562,1
589,5889.519798,-3106.562413,1
590,3605.783277,-3104.644058,3
591,8421.822259,-3087.301004,2
592,1971.5563,-3089.067376,7
593,5281.154065,-3111.867838,9
594,12520.83092,-3119.364126,6
595,5162.241008,-3109.734608,9
596,12843.98582,-3102.689538,4
597,3109.371816,-3115.296883,3
598,6561.960854,-3126.322111,5
599,7830.611671,-3152.971415,1
600,964.3409373,-3156.994676,7
601,8632.113785,-3152.707748,2
602,10847.15583,-3134.113163,6
603,10537.95959,-3176.67656,10
604,4695.361761,-3208.645961,8
605,7599.75808,-3194.717226,7
606,13191.12101,-3199.390687,8
607,3493.991928,-3211.808976,3
608,1957.646923,-3218.701813,7
609,2296.23107,-3240.326354,7
610,9433.626521,-3237.342963,2
611,4851.73779,-3222.546926,3
612,3163.12751,-3261.271814,3
613,9179.914874,-3251.387792,2
614,5420.877745,-3292.023159,5
615,3398.559896,-3276.195313,3
616,4023.736671,-3294.917972,8
617,3834.500067,-3289.026277,3
618,2607.825089,-3307.973513,7
619,8987.674426,-3300.910896,2
620,4817.730286,-3353.129096,4
621,12381.58483,-3345.11007,6
622,2867.611056,-3324.503643,7
623,8490.711435,-3372.493134,2
624,13336.23015,-3368.385928,10
625,3517.274737,-3374.082248,8
626,8228.238071,-3367.202386,2
627,2287.453808,-3369.2414,7
628,3293.569457,-3367.380328,3
629,7617.10794,-3355.626268,2
630,6150.335023,-3418.905993,5
631,6928.143421,-3400.297115,5
632,1369.396909,-3414.776011,4
633,7824.126729,-3414.199082,4
634,13568.30246,-3446.25915,7
635,2826.704963,-3478.282484,4
636,10959.17054,-3460.281255,6
637,6394.790091,-3460.967364,5
638,7990.409355,-3482.447073,1
639,2258.627074,-3489.197704,7
640,7090.425116,-3469.077298,7
641,3410.134152,-3543.61174,4
642,9857.723982,-3496.256791,2
643,9392.922945,-3495.693496,2
644,1501.323899,-3497.694268,7
645,8820.197089,-3515.396501,2
646,4729.792426,-3524.964147,3
647,8236.942512,-3519.266953,2
648,12119.74165,-3520.7511,6
649,5463.881488,-3538.706864,4
650,6352.536599,-3533.610872,5
651,8686.976694,-3553.297292,2
652,7471.354924,-3569.817449,7
653,8911.174744,-3555.404067,2
654,4185.25332,-3567.887342,3
655,7130.722304,-3569.700834,7
656,11851.66993,-3558.216117,6
657,11246.72456,-3575.22711,6
658,12516.29752,-3568.843745,8
659,5946.968056,-3618.711804,8
660,3807.418459,-3605.964162,3
661,1103.228938,-3607.852505,4
662,7270.183201,-3609.4439,2
663,1601.965296,-3611.8315,8
664,4482.72179,-3657.349825,3
665,4799.313382,-3636.806262,1
666,738.7914232,-3633.987455,5
667,7679.134629,-3652.242566,2
668,11784.41926,-3671.182052,10
669,12202.97698,-3657.136735,4
670,6667.059837,-3653.1263,5
671,2969.760395,-3621.284632,7
672,7952.439248,-3664.417752,2
673,12375.09034,-3671.05266,6
674,10333.01835,-3695.358571,6
675,6525.965982,-3709.466486,5
676,10033.63704,-3712.83521,6
677,1651.940743,-3723.521471,4
678,3609.479379,-3714.085778,3
679,5773.305834,-3762.986766,5
680,8453.771814,-3728.040719,2
681,3776.40296,-3744.232494,3
682,8712.713638,-3742.989139,2
683,9047.867991,-3744.645924,2
684,8203.847209,-3735.348857,2
685,8582.778913,-3762.574696,2
686,5417.186598,-3775.660066,1
687,9408.947315,-3763.201903,1
688,6032.54697,-3774.396988,5
689,9550.15698,-3795.349041,2
690,672.3368717,-3810.069466,5
691,3902.030204,-3796.885822,3
692,4230.941938,-3809.16905,1
693,5895.48472,-3791.680519,4
694,9276.418333,-3811.685833,2
695,3048.62499,-3808.400903,7
696,6704.930692,-3811.354298,10
697,12560.93252,-3808.828342,6
698,10333.05026,-3816.279203,6
699,1844.427432,-3810.702025,7
700,2236.438418,-3841.228693,7
701,108.0154077,-3832.48502,8
702,1438.320624,-3826.689947,4
703,8879.554696,-3829.403181,2
704,3578.123488,-3838.770496,3
705,7448.770509,-3819.146733,4
706,10576.75195,-3822.140579,6
707,6302.396339,-3841.697612,5
708,12992.62084,-3845.929662,8
709,2725.083333,-3874.883493,9
710,3774.118693,-3865.109568,3
711,4009.71321,-3865.105002,3
712,10959.01314,-3894.057625,6
713,9777.324634,-3914.921599,6
714,12823.94759,-3842.263228,4
715,1749.115809,-3885.929344,7
716,3282.649567,-3904.619699,3
717,5861.074998,-3897.44338,4
718,7759.277459,-3892.388741,2
719,1063.211756,-3894.467434,4
720,11682.88409,-3914.266658,6
721,6156.493931,-3933.71358,4
722,7133.851343,-3923.460747,2
723,13123.78823,-3866.355258,8
724,5178.465414,-3925.994064,1
725,7322.985409,-3939.730184,1
726,8919.350394,-3961.097332,1
727,3863.665487,-3937.316738,3
728,8513.791838,-3981.253359,2
729,12887.39808,-3975.558913,8
730,782.4121626,-3939.209302,7
731,12078.41095,-3982.058951,6
732,7935.386519,-3958.63811,2
733,9099.131546,-3967.934321,2
734,3750.048137,-3970.447491,3
735,1034.226384,-3998.237649,4
736,4769.42744,-3992.342338,3
737,9235.258141,-3998.992143,2
738,3456.81554,-3988.73538,3
739,12491.70865,-4008.238636,6
740,10157.43979,-4012.130249,6
741,10538.73879,-4038.884352,1
742,748.4462719,-4043.66686,7
743,5588.019769,-4023.03061,1
744,11490.64479,-4026.507804,6
745,1772.644381,-4035.454186,4
746,8191.03877,-4025.356562,2
747,11777.84634,-4081.345457,6
748,271.628762,-4060.636914,9
749,3342.285057,-4059.946276,3
750,5852.13855,-4056.02815,3
751,7719.532058,-4061.326034,1
752,6884.285561,-4043.07874,5
753,9016.514427,-4071.174286,2
754,10429.48807,-4068.428283,1
755,1366.691427,-4064.546274,7
756,10954.61297,-4066.948556,6
757,8054.225614,-4090.966643,2
758,520.0736071,-4119.050015,5
759,8786.693621,-4055.975525,2
760,7196.321908,-4122.946661,5
761,8234.372738,-4125.408719,2
762,11660.28853,-4105.897793,6
763,2319.614682,-4116.463077,7
764,8336.307029,-4104.684523,8
765,9305.391759,-4114.559399,8
766,3783.482253,-4135.830634,7
767,5578.88008,-4178.390568,1
768,12762.89105,-4156.292058,8
769,1439.416896,-4167.933231,7
770,1985.521717,-4168.474,4
771,2951.094661,-4220.889064,3
772,7337.274407,-4179.941776,2
773,4685.492398,-4187.108967,3
774,3669.961091,-4214.540659,3
775,4449.727996,-4209.015422,3
776,6790.297631,-4214.6635,5
777,11957.34489,-4245.794391,6
778,10013.786,-4243.505356,4
779,7844.891001,-4251.748892,2
780,8104.474935,-4266.155013,2
781,10382.00836,-4228.647506,6
782,1356.266999,-4256.028791,7
783,5847.958099,-4281.23314,7
784,5332.543066,-4260.01607,7
785,12070.10283,-4271.171404,6
786,9367.796592,-4242.780461,2
787,10767.54698,-4272.920073,6
788,11290.03509,-4284.933691,6
789,5750.941156,-4303.824215,1
790,10252.27598,-4289.637516,6
791,7737.191931,-4299.386972,2
792,8943.660747,-4304.834861,2
793,12646.78718,-4309.792703,10
794,6303.050603,-4309.255987,1
795,9083.162116,-4314.891491,2
796,6712.63666,-4330.937317,5
797,1948.369929,-4352.741416,7
798,10098.50818,-4373.875122,4
799,8753.996938,-4325.895948,2
800,2537.575518,-4336.26566,7
801,10545.86142,-4326.389863,6
802,505.1563925,-4349.022069,5
803,11370.78375,-4339.963224,6
804,9717.470658,-4324.272182,1
805,9939.48537,-4341.076058,6
806,3660.994,-4358.552076,7
807,6479.992011,-4357.088459,5
808,7993.258298,-4362.059554,1
809,5090.320231,-4366.631366,2
810,5594.584489,-4379.427704,5
811,9282.318675,-4384.267124,2
812,13005.22422,-4365.377463,1
813,11466.86831,-4387.958868,6
814,4026.926391,-4400.282842,3
815,12262.63683,-4374.919696,6
816,11857.50862,-4379.162456,6
817,3128.709638,-4388.197638,3
818,10907.85657,-4409.327734,6
819,4428.767044,-4436.620332,4
820,5348.317915,-4438.997714,7
821,5698.067746,-4435.666116,4
822,8476.764994,-4457.631163,2
823,1048.8455,-4449.125868,7
824,8161.660191,-4444.022699,2
825,8604.725312,-4446.922116,2
826,7998.739683,-4458.298256,2
827,9095.532619,-4441.630531,2
828,4914.179944,-4457.843414,2
829,9745.209134,-4459.440287,6
830,10372.13197,-4461.246797,6
831,2850.963281,-4462.509912,7
832,7353.469873,-4484.15194,2
833,3300.397051,-4502.871599,3
834,5954.833001,-4494.795173,5
835,12773.07548,-4496.903962,4
836,7217.102049,-4512.548663,2
837,11523.03046,-4523.45853,6
838,1761.801257,-4522.620332,4
839,6377.528024,-4532.38831,1
840,2160.076777,-4533.918141,7
841,4667.585571,-4535.211528,3
842,1527.942831,-4568.551407,4
843,3020.769765,-4585.12125,3
844,2673.164092,-4595.941678,3
845,8958.317873,-4606.870877,4
846,12504.3072,-4606.074753,6
847,875.4499161,-4599.630461,4
848,8133.257246,-4604.29225,2
849,1030.086808,-4611.247096,4
850,7737.279278,-4601.050046,2
851,12274.83279,-4608.401142,8
852,3712.863922,-4610.232475,3
853,6594.734809,-4615.532012,1
854,789.2481446,-4603.150636,4
855,5386.766296,-4617.030554,8
856,9737.277294,-4635.883442,6
857,4308.290651,-4639.493375,3
858,9161.504535,-4620.636368,10
859,6711.153801,-4613.825096,1
860,10022.46812,-4595.155886,6
861,3258.622659,-4655.707882,3
862,4690.949621,-4651.410669,3
863,1400.286577,-4631.991017,7
864,10503.71728,-4660.15579,6
865,11439.90426,-4660.364142,6
866,4090.799375,-4671.376105,3
867,7869.89598,-4685.837283,2
868,3735.951705,-4693.144086,3
869,9277.507732,-4693.204447,2
870,463.1961611,-4696.77243,10
871,10673.24841,-4714.933306,6
872,8658.989516,-4699.540573,2
873,8795.684211,-4709.182235,2
874,2944.235429,-4720.446926,3
875,8071.622312,-4716.891453,2
876,11142.13082,-4749.690812,6
877,13656.69964,-4746.997492,1
878,11393.03633,-4761.438815,4
879,6947.481365,-4727.70733,4
880,12685.37486,-4757.397723,1
881,6671.797571,-4759.836091,8
882,12162.60076,-4753.718498,6
883,1455.58651,-4786.724832,7
884,10793.01803,-4802.818491,1
885,3258.451582,-4807.018061,3
886,9756.848209,-4809.139538,6
887,9081.348613,-4802.743026,2
888,5880.686285,-4829.817897,7
889,10929.02494,-4845.151262,1
890,6842.852587,-4838.293791,5
891,5687.235389,-4832.35107,7
892,7069.765558,-4845.148515,2
893,6167.756344,-4819.371919,5
894,8765.659682,-4834.117671,2
895,9276.601283,-4849.864908,6
896,10248.47481,-4837.002185,7
897,4249.138526,-4834.26838,3
898,11957.45939,-4864.747591,6
899,10609.80859,-4861.93247,6
900,12114.74794,-4864.03364,10
901,1023.31014,-4854.666838,4
902,3046.811097,-4844.692547,7
903,7865.059959,-4867.803467,2
904,8394.983725,-4872.101129,7
905,10119.84291,-4870.221032,8
906,842.5700968,-4893.062303,1
907,9393.687806,-4903.030657,6
908,4584.756619,-4904.720601,3
909,8583.070188,-4887.521195,2
910,9172.86116,-4935.006354,6
911,9650.695279,-4921.405576,6
912,4041.876326,-4901.124512,4
913,5699.339796,-4934.11633,5
914,8195.403889,-4927.949964,2
915,3535.82452,-4894.466825,3
916,13126.98298,-4913.066552,8
917,4356.126633,-4942.568804,3
918,677.3316228,-4945.222692,4
919,11435.86055,-4935.042816,1
920,6305.091072,-4947.554446,5
921,5356.608803,-4949.992482,13
922,213.6043514,-4960.114175,1
923,2768.651476,-4948.617266,3
924,12374.41464,-4997.381725,4
925,10335.23159,-4980.541901,6
926,10894.33928,-4983.923325,6
927,1207.147072,-4989.700715,7
928,5059.993477,-4995.468282,3
929,1619.644713,-5004.534876,7
930,5871.027391,-4999.140835,8
931,11721.76532,-5009.525703,6
932,2333.329644,-5022.111152,7
933,4758.513979,-5013.326883,3
934,8392.493327,-5039.310847,1
935,4546.445977,-5051.36839,3
936,7628.100344,-5065.34679,2
937,3732.993006,-5057.86275,3
938,6323.003486,-5099.724596,5
939,8125.53949,-5116.642902,8
940,11455.95061,-5065.297459,8
941,5099.358392,-5128.501909,3
942,8956.435847,-5116.178313,4
943,9585.862366,-5115.956167,6
944,1640.18271,-5144.729481,7
945,3971.618438,-5120.008521,3
946,12029.27663,-5111.778308,6
947,5963.200513,-5139.95463,1
948,7139.688811,-5151.383275,2
949,4724.305121,-5164.537198,3
950,8335.73856,-5158.91443,7
951,4308.793918,-5153.41345,3
952,2199.362811,-5191.572043,7
953,4145.083322,-5178.386778,3
954,7461.343878,-5179.970385,2
955,8010.726624,-5189.958615,2
956,11876.14516,-5195.253217,6
957,10177.06357,-5221.91262,6
958,3092.626318,-5230.781287,3
959,3217.152181,-5214.259373,3
960,11720.69037,-5214.526041,6
961,6841.927597,-5218.465397,9
962,12031.64315,-5240.458956,6
963,4275.467182,-5251.468076,3
964,5682.662515,-5220.318316,5
965,11304.75362,-5245.656002,4
966,5943.833992,-5245.847477,9
967,2704.089767,-5263.918398,8
968,10530.67618,-5228.978127,6
969,8413.2022,-5256.586163,2
970,4893.315023,-5254.890722,3
971,9597.72913,-5262.33314,6
972,9870.7576,-5254.658769,6
973,3425.731388,-5267.689221,3
974,7917.066073,-5279.242485,2
975,2121.305519,-5265.150813,7
976,4055.87745,-5293.611448,3
977,8082.411744,-5290.478839,4
978,804.0709485,-5294.890851,1
979,13793.77897,-5269.990542,4
980,1120.089232,-5312.119981,7
981,10297.42449,-5293.987824,6
982,8154.213289,-5333.981374,4
983,9093.85426,-5332.888311,6
984,444.9808431,-5297.057501,1
985,5550.5369,-5340.317832,1
986,4877.651652,-5345.22861,3
987,5060.38164,-5358.771653,3
988,1614.133689,-5340.904041,7
989,8600.627329,-5351.967523,2
990,3728.360371,-5373.589717,3
991,11593.85996,-5375.847468,6
992,7877.095031,-5391.007274,2
993,11238.42107,-5392.225418,6
994,8315.636265,-5375.577906,2
995,9511.050434,-5386.732087,2
996,3148.153815,-5390.848063,3
997,6459.446216,-5421.067623,5
998,10049.1893,-5438.163344,4
999,9283.805459,-5408.233886,6
1000,3564.296697,-5417.760306,3
1001,8145.936414,-5431.765135,2
1002,6831.566087,-5442.322323,4
1003,747.5497278,-5438.391778,1
1004,11000.71659,-5455.111365,6
1005,11814.21365,-5446.952894,6
1006,1299.053538,-5447.838946,4
1007,3324.231055,-5469.60343,3
1008,7145.499203,-5473.074516,2
1009,905.7540484,-5478.052195,1
1010,7682.922459,-5474.165912,2
1011,9543.265104,-5484.224128,2
1012,6031.044146,-5481.628112,5
1013,8603.584569,-5489.35122,2
1014,9179.735103,-5478.307697,4
1015,1933.584387,-5499.658727,7
1016,8738.365443,-5494.411103,2
1017,10718.0306,-5500.080294,6
1018,2701.344576,-5519.122238,3
1019,7291.186135,-5519.571355,1
1020,9411.3714,-5513.372514,2
1021,2592.866809,-5536.651276,4
1022,1587.491857,-5539.823523,7
1023,3459.556997,-5574.667003,3
1024,8510.198336,-5579.547454,2
1025,9683.665043,-5574.620203,4
1026,4777.129034,-5589.928128,3
1027,298.6749825,-5625.013032,7
1028,6192.011547,-5576.930847,5
1029,9559.260785,-5614.156341,1
1030,11300.84534,-5614.324487,6
1031,3688.904463,-5604.143161,3
1032,8697.967531,-5607.877322,2
1033,12057.90221,-5590.103643,6
1034,3955.135167,-5622.570699,3
1035,10629.77933,-5632.873071,6
1036,13802.69573,-5619.669011,8
1037,1960.838603,-5634.072206,7
1038,10352.19604,-5638.210142,6
1039,3234.826117,-5639.844202,7
1040,9963.441994,-5643.975795,6
1041,5017.594553,-5604.583475,3
1042,11637.49915,-5657.500753,6
1043,10205.45987,-5665.055167,6
1044,2165.139393,-5702.730308,7
1045,10093.02801,-5700.659026,6
1046,9259.977207,-5699.384231,2
1047,9005.417953,-5708.065132,6
1048,4352.665683,-5707.53994,3
1049,7465.713954,-5717.676757,2
1050,656.0813779,-5735.392638,1
1051,9855.723322,-5735.016891,6
1052,8515.455211,-5723.233265,2
1053,8260.456108,-5736.308615,2
1054,12246.16993,-5748.320791,6
1055,10863.32751,-5764.087986,1
1056,831.4332619,-5788.600375,9
1057,1346.553745,-5776.786672,7
1058,9139.473332,-5760.661379,6
1059,4914.397938,-5773.65622,3
1060,11656.61607,-5789.804401,6
1061,12113.17395,-5783.996227,6
1062,8639.328248,-5780.988375,2
1063,1779.783404,-5791.636795,7
1064,6243.206118,-5790.509256,5
1065,1965.506913,-5782.007846,7
1066,4747.846313,-5796.732441,3
1067,7799.224487,-5792.33626,2
1068,5929.976057,-5830.415473,5
1069,11223.38649,-5809.536438,6
1070,11341.05743,-5799.412784,6
1071,2459.188762,-5795.196441,7
1072,6584.1257,-5804.807656,1
1073,242.4266215,-5865.237064,9
1074,3686.609711,-5813.298357,3
1075,8047.409523,-5787.34201,8
1076,1207.886701,-5801.058912,7
1077,3540.793529,-5818.417217,1
1078,4461.304863,-5813.480462,3
1079,13711.94081,-5804.279013,8
1080,5278.455911,-5862.599713,5
1081,5634.78506,-5855.74811,5
1082,12376.26221,-5848.988549,6
1083,9818.203315,-5853.133187,6
1084,3352.370097,-5875.663237,3
1085,3820.329176,-5872.275273,3
1086,9341.546272,-5889.062468,8
1087,13697.79558,-5906.86266,8
1088,8589.662454,-5910.105486,2
1089,2174.812102,-5900.265752,7
1090,6607.550465,-5918.408095,1
1091,11741.89586,-5903.16122,4
1092,1948.176853,-5946.402677,7
1093,13509.94257,-5927.290105,8
1094,3958.880473,-5923.481336,3
1095,4262.054931,-5935.269893,3
1096,5491.268404,-5948.412319,5
1097,10318.90297,-5931.605902,6
1098,728.0904092,-5942.469459,4
1099,7866.524504,-5960.937032,2
1100,9968.631235,-5946.014086,6
1101,1587.036926,-5943.947724,7
1102,10509.73285,-5955.744063,6
1103,13026.75686,-5966.527378,8
1104,11344.63465,-5970.762133,6
1105,3756.848872,-5980.941196,13
1106,2757.143534,-5939.024742,3
1107,11623.46499,-5977.463688,4
1108,10784.39118,-6007.749327,4
1109,8401.201052,-5991.895363,2
1110,9088.74238,-6026.205677,6
1111,11074.60112,-6013.705018,6
1112,12101.78674,-6002.505306,6
1113,1700.514535,-6002.721215,7
1114,3038.962275,-5991.748568,3
1115,8872.474363,-6012.21171,2
1116,13714.64021,-6003.00884,8
1117,510.352247,-6014.825196,4
1118,4090.08867,-5992.087035,3
1119,7603.242515,-6005.138279,2
1120,12332.66749,-6011.356078,6
1121,13489.00709,-6025.105065,4
1122,13601.93034,-6029.965509,4
1123,4808.104826,-6039.165089,3
1124,4197.609385,-6029.340662,3
1125,2928.35333,-6017.85333,3
1126,8600.73071,-6060.772002,1
1127,2611.79828,-6074.539931,9
1128,9331.849741,-6078.611252,2
1129,3797.379074,-6078.584061,3
1130,9747.09481,-6058.615779,6
1131,3456.322411,-6105.014213,3
1132,4038.808168,-6116.883833,3
1133,9219.449418,-6119.052188,2
1134,12775.48416,-6113.203128,8
1135,13723.24145,-6113.418872,8
1136,2415.870106,-6132.389827,7
1137,6421.831022,-6084.851914,4
1138,7309.338465,-6144.782302,2
1139,12071.52153,-6142.376185,6
1140,1650.617265,-6145.610092,7
1141,5566.115426,-6146.112079,5
1142,3142.265354,-6162.60655,3
1143,6147.652068,-6169.18115,5
1144,12473.65973,-6179.267975,4
1145,3917.342684,-6173.243797,3
1146,5806.159338,-6190.726849,4
1147,13746.18961,-6188.828912,8
1148,2967.646447,-6199.95206,3
1149,3630.073964,-6201.601351,1
1150,1812.14113,-6159.401199,7
1151,2132.390265,-6168.302551,7
1152,9995.779349,-6184.006503,6
1153,655.3741228,-6193.480007,7
1154,1537.412578,-6210.292264,7
1155,7880.187838,-6218.5066,2
1156,5908.531053,-6193.965796,4
1157,8226.188049,-6225.021748,2
1158,10414.00838,-6227.12569,6
1159,4658.963597,-6195.408859,1
1160,4243.329068,-6237.123039,3
1161,6662.451994,-6257.734131,1
1162,11194.21909,-6273.643807,6
1163,1282.916713,-6257.342726,7
1164,8347.204758,-6261.082693,2
1165,12016.09903,-6287.276753,6
1166,7007.245987,-6252.8358,2
1167,12196.35125,-6260.029142,6
1168,10858.91922,-6282.746843,6
1169,13749.63606,-6300.751218,8
1170,7434.681045,-6279.291568,2
1171,6079.556229,-6325.804537,1
1172,1509.507542,-6315.422908,7
1173,9860.083656,-6320.769511,6
1174,10155.23162,-6333.675534,6
1175,11290.69409,-6321.137404,6
1176,11700.30322,-6336.213485,6
1177,885.3753868,-6328.64575,7
1178,7046.381808,-6344.315565,2
1179,9382.737258,-6308.367986,2
1180,5910.400401,-6341.23568,5
1181,3881.968621,-6329.439604,3
1182,7745.022766,-6335.154672,2
1183,10564.99386,-6321.672451,1
1184,11435.30175,-6350.473835,6
1185,1210.551305,-6352.122229,7
1186,3362.832091,-6353.474907,3
1187,9674.209096,-6362.788904,1
1188,668.8180716,-6377.663122,7
1189,4429.318072,-6379.089805,3
1190,6735.648859,-6365.706287,5
1191,12836.44514,-6347.700433,10
1192,7618.382698,-6382.390323,2
1193,13539.36536,-6375.001996,10
1194,2614.562212,-6387.177521,3
1195,3147.233612,-6382.532098,3
1196,1559.172307,-6403.563813,7
1197,9018.155516,-6377.419665,4
1198,2412.408234,-6365.152339,7
1199,7298.99902,-6379.26572,2
1200,8542.131656,-6402.613791,7
1201,4608.706896,-6380.487456,5
1202,12169.63576,-6401.176321,6
1203,3586.132257,-6400.34892,3
1204,4005.014202,-6404.411871,3
1205,9495.290017,-6404.294179,2
1206,13653.53175,-6418.719694,8
1207,10739.6027,-6435.096319,6
